text,label,style
"leg socks | they stop at the ankle, no foot part","Compression Calf Sleeves/Tights (footless), any length",progressive
"the 30 and over option is confusing because my stockings say 30-40, is that the same thing?","Compression Stockings, knee length (30 mmhg & over)",complaint
stockings that were custom made,"Compression Stockings, custom, any length",vague_turn1
grab bars bathroom safety installation,Grab Bar/Bath Bar - permanent fixtures (purchase),natural_diverse
home BP monitor,Blood pressure monitor,vague_turn1
got a Mueller adjustable knee brace from Walmart,Brace (Non-custom),brand_specific
bought a ResMed AirFit F20 full face mask from CPAP Solutions,"CPAP, APAP, BIPAP Mask",brand_specific
contact lenses,Prescription Contacts,vague_turn1
audiometric exam hearing test,Audiometric Exam,natural_diverse
knocked tooth in accident,Dental Accident,partial_turn2
shoe inserts | custom | podiatrist made them from my foot impression,Custom made foot orthotics,progressive
provincial plan replacement claim,Provincial Replacement Plan,terse
skin prick allergy test,Scratch Test for Allergies,terse
"got a brace from walmart for my wrist, the kind u just buy off shelf",Brace (Non-custom),natural_diverse
ostomy supplies,Ostomy,vague_turn1
submitting for social worker visits after my mom's stroke,Social Worker (Bachelors),natural_diverse
submitting for the BP monitor i use twice daily at home,Blood pressure monitor,natural_diverse
custom fit ear protection made by audiologist for noise at work,Ear Plugs (custom made),natural_diverse
ND visit,Naturopathic Treatment,vague_turn1
broken bone cast,"Cast, fiberglass",vague_turn1
"tuberculosis screening test, the injection in the forearm",TB Test/Mantoux,natural_diverse
"LANCETS not the meter or strips, the tiny needles for the finger poke",Lancet,natural_diverse
"special vision diagnostic, optometrist ordered special eye scan for my macular concern",Diagnostic Vision Test,natural_diverse
"the kind with the arm cuff, not underarm",Forearm Crutch (purchase),partial_turn2
"I submitted under 'Stimulator muscle/nerve TENS' but I only bought replacement pads, not the machine","Stimulator, supplies",wrong_guess
gene testing | for my family history | BRCA type screening,Screening (for DNA/Genetic purposes),progressive
made from impression of my ear,Ear Plugs (custom made),partial_turn2
"my mother is in a long term care facility, monthly fees",Nursing Home and Long Term Care,natural_diverse
Where do I submit a claim for a custom-made AFO or KAFO brace?,"Brace, AFO/KAFO (Custom)",question
had a deep tissue massage at Massage Addict clinic on Merivale Road,Massage,brand_specific
"electric breast pump for pumping milk, the medela one",Breast Pump (purchase),natural_diverse
bought Moen Home Care SecureMount grab bars from Home Depot,Grab Bar/Bath Bar - permanent fixtures (purchase),brand_specific
TB skin test for immigration or work requirement,TB Test/Mantoux,natural_diverse
device I blow into to check my lungs,Peak Flow Meter,partial_turn2
"I keep mixing up sensors and transmitters, these are the SENSORS that you stick on and replace every 10 days",Glucose Monitoring System Supplies/Sensors,complaint
seeing a naturopath for my hormonal issues and fatigue,Naturopathic Treatment,natural_diverse
work glasses | safety frames | my prescription inside,Safety Glasses,progressive
Claiming custom-fitted bilateral thigh-length compression garments rated 30-40 mmHg for stage III chronic lymphedema,"Compression Stockings, thigh/full (30 mmhg & over)",detailed_clinical
claiming an ultrasound my wife had done privately because the wait was too long,Ultrasound,parent_or_dependent
submitting for compression garment for my lymph fluid buildup condition,Other garment brace services (i.e. compression gloves),natural_diverse
"retinal imaging and visual field analysis, diagnostic not routine exam",Diagnostic Vision Test,natural_diverse
my dad needs a rolling commode so the PSW can move him to the bathroom easier,Wheeled Commode (purchase),parent_or_dependent
"CUSTOM orthotics not the insoles from shoppers, cast from my feet",Custom made foot orthotics,natural_diverse
"hospital costs within ontario, in-patient stay",Hospital (within your province),natural_diverse
went to the audiologist for my hearing assessment,Audiologist Services,natural_diverse
genetic counselor and DNA screening for my family history of cancer,Screening (for DNA/Genetic purposes),natural_diverse
the plastic chamber for my puffer,Aerochamber,partial_turn2
"AMBULANCE service fee, the transport to hospital during emergency",Ambulance,natural_diverse
cold pack | freezer type | reusable for my injury,Cold Therapy - Re-usable Items (purchase),progressive
purchased a case of Tena Intimates overnight pads from Well.ca,Incontinence Supplies,brand_specific
specialized medical equipment for my rare condition,Other medical items,natural_diverse
eyewear | corrective not sunglasses | from the optician,Prescription Glasses,progressive
My TENS electrode pads lost their stickiness after a month of use so I ordered a bulk pack of replacements,"Stimulator, supplies",storyteller
emergency transport | 911 ambulance fee | cardiac event,Ambulance,progressive
I lost my hair from chemo and bought a wig to wear,Wig,confused_student
polysomnography sleep test,Sleep Study,partial_turn2
prescription eyeglasses frames lenses,Prescription Glasses,natural_diverse
"lost my libre receiver, need to claim replacement, the screen part",Glucose Monitoring System Receiver,natural_diverse
incontinence supplies | adult briefs | for my father's bladder condition,Incontinence Supplies,progressive
I got a cane that has four little feet at the bottom instead of just one point,Quad Cane (purchase),confused_student
physio recommended a special neck pillow for my cervical issue,Cervical Pillow,natural_diverse
bought a pair of underarm crutches for my son after his ankle fracture,"Crutches, pair",parent_or_dependent
"full length compression hose, firm kind","Compression Stockings, thigh/full (20-29 mmhg)",natural_diverse
specialized genetic testing ordered by my specialist,Other laboratory and diagnostic tests,natural_diverse
wore a blood pressure monitor for 24 hours to check my BP patterns,Ambulatory Blood Pressure Test,natural_diverse
"this is the REGULAR walker not the one with wheels, just four legs",Walker - non wheeled (purchase),natural_diverse
"sleep apnea machine machine for my breathing at night, got it from a medical equipment store","CPAP, APAP, BIPAP Machine",natural_diverse
bought an automatic insulin gun for my son because he's scared of injecting himself,Insulin Gun (automatic),parent_or_dependent
"got a gel cold pack for my injury, the kind you keep in the freezer",Cold Therapy - Re-usable Items (purchase),natural_diverse
"I bought a pump for breastfeeding, the electric kind",Breast Pump (purchase),confused_student
Which category for an IV pole I bought for home infusion therapy?,IV Stand (purchase),question
drip pole | bought for home | for my home IV treatments,IV Stand (purchase),progressive
mom lives at the care home monthly fees,Nursing Home and Long Term Care,partial_turn2
"not off the shelf, custom for my left knee","Brace, left knee (Custom)",partial_turn2
"TRANSPORT wheelchair not self propelled, someone pushes this one",Transport Wheelchair,natural_diverse
"knee lenght compression, not the thigh ones, medium level, how do i file","Compression Stockings, knee length (15-19 mmhg)",natural_diverse
massage,Massage,vague_turn1
medical ID bracelet subscription,Medic Alert Bracelet,partial_turn2
injection in my heel,Podiatry Treatment,partial_turn2
the rails for the bed,Bed Rails (purchase),vague_turn1
"knee length, quite tight","Compression Stockings, knee length (20-29 mmhg)",partial_turn2
goes up to my knee,"Compression Stockings, knee length (15-19 mmhg)",partial_turn2
"ordering prescription contacts for my teenage son, his optometrist fitted him for them",Prescription Contacts,parent_or_dependent
"not off the shelf, fitted specifically for me","Compression Stockings, custom, any length",partial_turn2
diabetes supplies | sensor patches | replace them every 10 days,Glucose Monitoring System Supplies/Sensors,progressive
I bought a commode chair that has wheels so you can roll it around,Wheeled Commode (purchase),confused_student
milk pump for my baby,Breast Pump (purchase),partial_turn2
Which category for a peak flow meter to monitor my asthma?,Peak Flow Meter,question
bath safety seat,Bath Bench/Chair (purchase),partial_turn2
skin allergy test,Scratch Test for Allergies,vague_turn1
25-hydroxyvitamin D blood test ordered by my doctor,Vitamin D Test,natural_diverse
I slept overnight at a clinic wired up to machines that monitored my breathing and stuff,Sleep Study,confused_student
emergency ambulance fee,Ambulance,partial_turn2
"there's left knee and right knee custom options which is weirdly specific, anyway mine is the left one","Brace, left knee (Custom)",complaint
"my asthma doctor say I should check breathing at home, I buy the tube I blow in",Peak Flow Meter,esl_speaker
compression socks under 14mmhg,"Compression Stockings, any length (up to 14 mmhg)",terse
heat pack | reusable | for my arthritis pain,Heat Therapy - Re-usable items (purchase),progressive
other foot service,Other foot care services (i.e. orthopedic shoe modification),vague_turn1
"acupuncture sessions not massage, the needles treatment for my pain",Acupuncture,natural_diverse
"Submitting for a four-wheeled rollator with hand brakes, padded seat, and storage basket for ambulatory mobility assistance",Walker - with wheels (purchase),detailed_clinical
therapy | registered psychotherapist | RP credentials,Psychotherapist,progressive
"Which category for a forearm crutch with an arm cuff, not the standard underarm kind?",Forearm Crutch (purchase),question
my daughter fell off the monkey bars so we went for an x-ray to check if anything is broken,X-Ray,parent_or_dependent
the little device with sticky pads that sends electric pulses to my back,"Stimulator, muscle/nerve (TENS)",natural_diverse
"replacing my child's CGM transmitter unit, it's the piece that sends data to the receiver",Glucose Monitoring System Transmitter,parent_or_dependent
"I wear contact lenses instead of glasses, they're prescription",Prescription Contacts,confused_student
accessories not the main device,"CPAP, APAP, BIPAP Supplies",partial_turn2
got charged a fee just for getting blood drawn at the lab,Blood Withdrawal Fee,natural_diverse
I use a CGM sensor on my arm but instead of using my phone I bought the dedicated handheld receiver to see my glucose readings,Glucose Monitoring System Receiver,storyteller
"had the leg brace custom made, goes from foot to knee for drop foot","Brace, AFO/KAFO (Custom)",natural_diverse
hair piece,Wig,vague_turn1
"libre sensor supplies, keep running out, expensive every month",Glucose Monitoring System Supplies/Sensors,natural_diverse
SLP not just consultation,Speech Therapy,partial_turn2
the pump | delivers insulin continuously | not the pen or gun,Insulin infusion pump,progressive
"make sure I'm in the right spot this time - it's a walker WITH wheels, the rolling kind",Walker - with wheels (purchase),complaint
diagnostic eye | scanned my retina | beyond normal checkup,Diagnostic Vision Test,progressive
"got sunglasses with my prescription, are these covered",Other vision services (i.e. safety glasses),natural_diverse
"other vision service, special lens coating prescribed for light sensitivity",Other vision services (i.e. safety glasses),natural_diverse
nursing home monthly fees for my parent with dementia,Nursing Home and Long Term Care,natural_diverse
"the main device, it blows air","CPAP, APAP, BIPAP Machine",partial_turn2
toilet frame | not a raised seat | the surrounding frame,Versa Frame (purchase),progressive
"regular crutches, the normal kind under the arms, a PAIR - why is forearm crutch listed separately?","Crutches, pair",complaint
Where do I file for ostomy pouches and related supplies?,Ostomy,question
I bought a gel thing you freeze and put on your sore muscles,Cold Therapy - Re-usable Items (purchase),confused_student
portable IV pole purchased for home IV antibiotics treatment,IV Stand (purchase),natural_diverse
registered RP,Psychotherapist,partial_turn2
glucose sensors,Glucose Monitoring System Supplies/Sensors,vague_turn1
How do I submit a pre-authorization request for an upcoming medical service?,Estimate/Pre-Authorization,question
submitting for medical cannabis i use for my chronic pain condition,Medical Cannabis,natural_diverse
clinical counsellor sessions,Clinical Counsellor,terse
dental appointment,Dental Services,vague_turn1
ordered Jobst Elvarex thigh-high 34-46 mmHg flat-knit from my lymphedema clinic,"Compression Stockings, thigh/full (30 mmhg & over)",brand_specific
mild compression | doctor said the lightest level is fine,"Compression Stockings, any length (up to 14 mmhg)",progressive
"open toe, just the calf area","Compression Calf Sleeves/Tights (footless), any length",partial_turn2
"new eyeglasses after my prescription changed, bifocal lenses",Prescription Glasses,natural_diverse
"picked left knee by accident last time, it's actually my RIGHT knee custom brace, had to resubmit","Brace, right knee (Custom)",complaint
I bought one of those bottle things for going to the bathroom when you're stuck in bed,Urinal (purchase),confused_student
24hr blood pressure monitoring test,Ambulatory Blood Pressure Test,terse
annual eye exam,Eye Exam,terse
massage therapy | therapeutic | registered RMT,Massage,progressive
cancer blood test,CA-125 (Cancer Antigen) Test,vague_turn1
"my social worker has a masters degree, she does therapy type sessions",Social Worker (Masters level),natural_diverse
physio session,Physiotherapy,vague_turn1
ostomy pouching system,Ostomy,partial_turn2
counselling,Other mental health services,vague_turn1
I bought a metal pole with hooks to hang IV bags at home,IV Stand (purchase),confused_student
"therapist | registered psychologist, doctorate level",Psychologist,progressive
prescription drug,Drug,partial_turn2
continuous glucose | transmitter stopped | it clips onto the sensor,Glucose Monitoring System Transmitter,progressive
nursing home long term care,Nursing Home and Long Term Care,terse
the tight socks doctor said to get,"Compression Stockings, knee length (20-29 mmhg)",vague_turn1
wheelchair | transport kind | someone pushes it | for my mom,Transport Wheelchair,progressive
submitting dental estimate for my crown work before it happens,Dental Estimate for Services,natural_diverse
psychology session | not just counselling | registered psychologist,Psychologist,progressive
"nerve stimulator device, the one with the wires and sticky pads, for pain","Stimulator, muscle/nerve (TENS)",natural_diverse
"thigh high, firm compression","Compression Stockings, thigh/full (20-29 mmhg)",partial_turn2
"picked up some foot inserts from shoppers, the non-custom kind",Standard foot orthotics or shoe inserts,natural_diverse
nursing home,Nursing Home and Long Term Care,vague_turn1
I got a little tube thing I blow into to check my lung function at home,Peak Flow Meter,confused_student
occupational therapy | not physio | adapting my home,Occupational Therapy,progressive
"dental scaling and root planing, periodontal treatment",Dental Services,natural_diverse
the ones that go up high,"Compression Stockings, thigh/full (15-19 mmhg)",vague_turn1
How do I claim medical cannabis that was prescribed by my doctor?,Medical Cannabis,question
"blood work done for allergies, the specific allergy antibodies tests not skin prick",Blood test for Allergies (IG test not eligible),natural_diverse
claiming pump supplies for my daughter's insulin pump monthly,Insulin infusion pump supplies,natural_diverse
overnight sleep study test,Sleep Study,terse
claiming expressive art therapy for my daughter's trauma treatment,Other mental health services,natural_diverse
the bars in the shower,Grab Bar/Bath Bar - permanent fixtures (purchase),vague_turn1
made specially for my foot problem,Orthopaedic or custom made shoes,partial_turn2
"seeing a psych for cognitive testing and therapy, registered doctorate level",Psychologist,natural_diverse
raised toilet seat,Raised Toilet seat (purchase),vague_turn1
breast screening,Mammogram,vague_turn1
What's the right category for store-bought shoe inserts that aren't custom-made?,Standard foot orthotics or shoe inserts,question
had the scratch test done on my back for allergy testing,Scratch Test for Allergies,natural_diverse
OT,Occupational Therapy,vague_turn1
submitting for naturopathy visits and treatments,Naturopathic Treatment,natural_diverse
foot care | trimming nails and treating calluses | not the medical kind,Chiropody (Foot Care) Treatment,progressive
my leg socks,"Compression Calf Sleeves/Tights (footless), any length",vague_turn1
I bought a medical device but I can't find it in any of the specific categories,Other medical items,confused_student
Filing for a dedicated receiver unit for a continuous glucose monitoring system to display interstitial glucose readings,Glucose Monitoring System Receiver,detailed_clinical
bought a urinal bottle for my bedridden husband,Urinal (purchase),natural_diverse
depends and underpads,Incontinence Supplies,partial_turn2
compression for my knee,"Compression Stockings, knee length (20-29 mmhg)",vague_turn1
province paid first | submitting balance | top up coordination,Provincial Replacement Plan,progressive
CA 125 blood work for monitoring my condition,CA-125 (Cancer Antigen) Test,natural_diverse
"novo nordisk insulin pen, the reusable device for my daily insulin",Insulin Pen Injector,natural_diverse
What category for an overnight sleep study test?,Sleep Study,question
TENS machine | the device with sticky electrode pads,"Stimulator, muscle/nerve (TENS)",progressive
"my daughter sees a social worker with a BSW for her anxiety, need to claim the sessions",Social Worker (Bachelors),parent_or_dependent
home care worker comes to help my elderly mother with daily tasks,In Home Support Services,natural_diverse
"these are SUPPLIES for my TENS machine, not the machine itself - just electrode pads and new lead wires","Stimulator, supplies",complaint
purchased a Drive Medical Fly-Lite transport wheelchair from Amazon,Transport Wheelchair,brand_specific
"cpap stuff | filters and tubing, monthly replacement","CPAP, APAP, BIPAP Supplies",progressive
bought a MedicAlert bracelet for my son who has a severe peanut allergy,Medic Alert Bracelet,parent_or_dependent
claiming my father's PSA test from his annual prostate screening,PSA Test (Prostate Specific Antigen),parent_or_dependent
ear protection,Ear Plugs (custom made),vague_turn1
I got that metal frame thing that goes around the toilet to help me stand up,Versa Frame (purchase),confused_student
"electric breast pump, going back to work",Breast Pump (purchase),partial_turn2
submitting for medical supply my doctor prescribed but no category,Other medical items,natural_diverse
"I need protective glasses for my job in the lab, with my prescription in them",Safety Glasses,confused_student
bought a pair of Stander EZ Adjust bed rails for my father's bed,Bed Rails (purchase),brand_specific
the patches for my arm,Glucose Monitoring System Supplies/Sensors,vague_turn1
heating pad hot therapy reusable,Heat Therapy - Re-usable items (purchase),natural_diverse
infusion set,Insulin infusion pump supplies,vague_turn1
sleep mask thing,"CPAP, APAP, BIPAP Mask",vague_turn1
COLONOSCOPY the scope procedure not just a prep or blood test,Colonoscopy,natural_diverse
"not glasses or exam, something else",Other vision services (i.e. safety glasses),partial_turn2
eye thing | vision therapy sessions | not glasses or exam,Other vision services (i.e. safety glasses),progressive
Submitting for a single ergonomic forearm crutch with adjustable cuff and contoured handgrip,Forearm Crutch (purchase),detailed_clinical
"masters degree, does clinical work",Social Worker (Masters level),partial_turn2
eye doctor visit,Eye Exam,vague_turn1
osteopath doing manual therapy on my spine and pelvis,Osteopath,natural_diverse
doctor told my husband to wear the calf sleeve things for his circulation,"Compression Calf Sleeves/Tights (footless), any length",natural_diverse
special eye test,Diagnostic Vision Test,vague_turn1
Where do I file for lancets used with my glucose meter?,Lancet,question
submitting my child's custom KAFO brace that was made for his leg condition,"Brace, AFO/KAFO (Custom)",parent_or_dependent
"the SENSORS not the receiver, the circular patches that stick to your skin",Glucose Monitoring System Supplies/Sensors,natural_diverse
"my vision service doesn't fit ANY of the specific categories - it's vision therapy, not an exam or glasses or contacts",Other vision services (i.e. safety glasses),complaint
support socks,"Compression Stockings, any length (up to 14 mmhg)",vague_turn1
CBT app,Digital Cognitive Behavioural Therapy,vague_turn1
phlebotomy draw fee,Blood Withdrawal Fee,terse
filing a claim for my dad's thigh-length 25 mmhg stockings post his bypass surgery,"Compression Stockings, thigh/full (20-29 mmhg)",parent_or_dependent
purchased a Hugo Adjustable quad cane from Medichair,Quad Cane (purchase),brand_specific
medical wig | prescribed | after my cancer treatment,Wig,progressive
purchased a NovoPen 6 reusable insulin pen injector from my pharmacy,Insulin Pen Injector,brand_specific
"these are the long ones that go way up past my knee to my upper leg, 25 mmhg","Compression Stockings, thigh/full (20-29 mmhg)",confused_student
"the SPACER for my inhaler, aerochamber brand, helps get more medicine in",Aerochamber,natural_diverse
mental health | doesn't fit the regular categories | community counsellor,Other mental health services,progressive
"bought a new blood glucose device at shoppers, the hand held one",Blood glucose meter,natural_diverse
What category for a bra designed to be worn after a mastectomy?,Mastectomy bra,question
My doctor recommended I try a digital CBT program since the waitlist for in-person therapy was six months long,Digital Cognitive Behavioural Therapy,storyteller
"knee length, medium firm","Compression Stockings, knee length (15-19 mmhg)",partial_turn2
chipped tooth,Dental Accident,vague_turn1
"RIGHT knee brace, the custom kind not store bought, measured by orthotist","Brace, right knee (Custom)",natural_diverse
custom left knee brace claim,"Brace, left knee (Custom)",terse
"hearing aid purchase, was fitted at the hearing clinic",Hearing Aids,natural_diverse
"allergy blood panel allergy testing, blood drawn to check for specific allergy antibodies levels",Blood test for Allergies (IG test not eligible),natural_diverse
My son was having trouble reading because his eyes don't track together well so we started vision therapy sessions with an optometrist,Other vision services (i.e. safety glasses),storyteller
cane | single point | for my balance after stroke,"Cane, standard",progressive
"I get hit in mouth during basketball game and tooth break, accident not regular dental",Dental Accident,esl_speaker
shower chair,Bath Bench/Chair (purchase),vague_turn1
Which option for a walker that doesn't have any wheels?,Walker - non wheeled (purchase),question
"not automatic, I trigger it",Insulin Gun (manual),partial_turn2
"long and firm, hard to put on","Compression Stockings, thigh/full (20-29 mmhg)",partial_turn2
"intravenous stand for home infusion, where to claim this",IV Stand (purchase),natural_diverse
my grandmother is bedridden after surgery and we needed to buy a bedpan,Bedpan,parent_or_dependent
"Claiming a comprehensive optometric examination including refraction, tonometry, and fundoscopy",Eye Exam,detailed_clinical
ordered a year supply of Acuvue Oasys daily contacts from Clearly.ca,Prescription Contacts,brand_specific
I have severe bunions and regular shoes don't fit so my podiatrist ordered custom orthopedic shoes built specifically for my feet,Orthopaedic or custom made shoes,storyteller
gel pack I keep in the freezer,Cold Therapy - Re-usable Items (purchase),partial_turn2
Where do I claim orthodontic records like x-rays and impressions?,Other Orthodontic/Dental Services (i.e. orthodontic records),question
continuous glucose monitor sensors and supplies,Glucose Monitoring System Supplies/Sensors,natural_diverse
"my father has diabetic neuropathy and needs custom orthopedic shoes, submitting the claim for him",Orthopaedic or custom made shoes,parent_or_dependent
I filed under 'Other medical items' but it's actually a TENS machine for nerve stimulation,"Stimulator, muscle/nerve (TENS)",wrong_guess
lancets not the meter or strips,Lancet,partial_turn2
prostate test | blood drawn | annual screening | urologist ordered,PSA Test (Prostate Specific Antigen),progressive
"the hose and filter, monthly replacement","CPAP, APAP, BIPAP Supplies",partial_turn2
the pen for insulin,Insulin Pen Injector,vague_turn1
checkup not getting glasses,Eye Exam,partial_turn2
other eye service | not regular exam | therapy for my eye condition,Other vision services (i.e. safety glasses),progressive
What category for a brace I bought off the shelf at the pharmacy?,Brace (Non-custom),question
hospital stay provincial claim,Hospital (within your province),terse
"TABLE TOP vaporizer not a whole house humidifier, the small steam one",Vaporizer (table top),natural_diverse
"my counsellor is a registered clinical counsellor, counsellor designation",Clinical Counsellor,natural_diverse
"walker frame no wheels, for stability after surgery, where to claim",Walker - non wheeled (purchase),natural_diverse
social work sessions,Social Worker (Bachelors),vague_turn1
blood test for ovarian cancer marker,CA-125 (Cancer Antigen) Test,partial_turn2
PSW comes to help at home,In Home Support Services,partial_turn2
pre-braces stuff,Other Orthodontic/Dental Services (i.e. orthodontic records),vague_turn1
"I use alcohol pad before injection every day for diabetes, I buy many box",Alcohol swabs,esl_speaker
sleep apnea accessories | the hose and filters | not the machine,"CPAP, APAP, BIPAP Supplies",progressive
purchased an Inject-Ease automatic insulin injection aid from Diabetes Express,Insulin Gun (automatic),brand_specific
medical foot treatment,Podiatry Treatment,vague_turn1
took my daughter for her annual eye exam at the optometrist,Eye Exam,parent_or_dependent
"muscle stimulator with electrode pads, TENS type for pain relief","Stimulator, muscle/nerve (TENS)",natural_diverse
"physio recommended an off the shelf ankle brace, got it at sport chek",Brace (Non-custom),natural_diverse
tuberculosis test | mantoux | employer required it,TB Test/Mantoux,progressive
I got varicose veins during pregnancy and my OB told me to get thigh-high stockings at about 15 mmhg for the swelling,"Compression Stockings, thigh/full (15-19 mmhg)",storyteller
"I picked 'Social Worker Bachelors' but she actually has an MSW, is there a difference in coverage?",Social Worker (Masters level),wrong_guess
"THIGH length not knee, and they're the firm ones 20 to 29 range","Compression Stockings, thigh/full (20-29 mmhg)",natural_diverse
signed my daughter up for a digital CBT app to help her manage school-related anxiety,Digital Cognitive Behavioural Therapy,parent_or_dependent
standard cane purchase walking,"Cane, standard",natural_diverse
installed a versa frame around the toilet for my elderly mother's bathroom safety,Versa Frame (purchase),parent_or_dependent
"clinical social worker with masters degree, is this under mental health",Social Worker (Masters level),natural_diverse
"got the elbow crutch with the metal arm cuff, more permanent type",Forearm Crutch (purchase),natural_diverse
the hard plastic leg thing,"Brace, AFO/KAFO (Custom)",vague_turn1
"colostomy pouching system supplies, skin barriers and bags",Ostomy,natural_diverse
genetic screening,Screening (for DNA/Genetic purposes),vague_turn1
"thigh high stokings over 30 pressure, prescribed after clot in leg","Compression Stockings, thigh/full (30 mmhg & over)",natural_diverse
this one HAS wheels and brakes and a seat unlike the basic walker,Walker - with wheels (purchase),natural_diverse
OT | occupational therapist | daily living skills after my stroke,Occupational Therapy,progressive
naturopathic doctor,Naturopathic Treatment,vague_turn1
bought a Drive Medical folding steel bedside commode from Medichair,Stationary Commode (purchase),brand_specific
"I fell off my bike and knocked out my front tooth, is that different from regular dental?",Dental Accident,confused_student
"right knee, custom fitted","Brace, right knee (Custom)",partial_turn2
lab fee,Blood Withdrawal Fee,vague_turn1
pair of crutches post injury,"Crutches, pair",natural_diverse
homeopathic remedies and consultation,Homeopathic Treatment,partial_turn2
walking stick,"Cane, standard",vague_turn1
"I buy small needle for prick finger, for check sugar in blood, many in box",Lancet,esl_speaker
"rollator walker for my husband with parkinson's, the kind with brakes",Walker - with wheels (purchase),natural_diverse
home blood pressure monitor cuff,Blood pressure monitor,natural_diverse
"I buy simple cane for walking, one point on bottom, to help balance","Cane, standard",esl_speaker
I bought one of those pan things for using the bathroom in bed,Bedpan,confused_student
mammogram at the imaging centre,Mammogram,partial_turn2
purchasing a stationary commode for my grandmother's bedroom since she can't walk to the bathroom,Stationary Commode (purchase),parent_or_dependent
tabletop steam vaporizer,Vaporizer (table top),terse
speech therapy for my daughter's articulation issues,Speech Therapy,natural_diverse
"custom swim plugs for my ear condition, different from noise protection",Other hearing services,natural_diverse
My vascular surgeon referred me to a certified fitter who took molds of both legs and made compression stockings specifically for me,"Compression Stockings, custom, any length",storyteller
"bath safety seat, bought at shoppers home health care",Bath Bench/Chair (purchase),natural_diverse
bedpan purchase home care,Bedpan,natural_diverse
the device i blow into to check my lung function at home,Peak Flow Meter,natural_diverse
foot doctor thing,Chiropody (Foot Care) Treatment,vague_turn1
"my glucometer broke, need a new one, can i claim",Blood glucose meter,natural_diverse
registered psych,Psychologist,partial_turn2
buying a quad cane for my grandmother who needs extra stability,Quad Cane (purchase),parent_or_dependent
vaporizer | table top steam | for my respiratory condition,Vaporizer (table top),progressive
leg stockings from the specialist,"Compression Stockings, custom, any length",vague_turn1
other emergency services urgent care,Other emergency services,natural_diverse
"my social worker has a bachelor degree not a masters, does that matter",Social Worker (Bachelors),natural_diverse
"submitting for massage sessions, my registered massage therapist does it for my injury",Massage,natural_diverse
the examination fee only,Eye Exam,partial_turn2
the one I have to press manually,Insulin Gun (manual),partial_turn2
reusable heat pack purchase,Heat Therapy - Re-usable items (purchase),terse
"cpap consumables, filter and water chamber and the plastic tubing","CPAP, APAP, BIPAP Supplies",natural_diverse
"full thigh compression very firm 30 plus, prescribed for lymph fluid buildup","Compression Stockings, thigh/full (30 mmhg & over)",natural_diverse
eye scan,Diagnostic Vision Test,vague_turn1
permanently mounted to the wall,Grab Bar/Bath Bar - permanent fixtures (purchase),partial_turn2
shoe alteration,Other foot care services (i.e. orthopedic shoe modification),vague_turn1
psychotherapist RP sessions,Psychotherapist,natural_diverse
blood draw fee charged by the lab before running my blood work,Blood Withdrawal Fee,natural_diverse
"goes to my thigh, extremely tight","Compression Stockings, thigh/full (30 mmhg & over)",partial_turn2
social worker social worker with a bachelor's visit,Social Worker (Bachelors),natural_diverse
"prosthetic bra after my double mastectomy, medical purpose",Mastectomy bra,natural_diverse
PSA | blood test | prostate cancer monitoring,PSA Test (Prostate Specific Antigen),progressive
physical therapy | not massage | registered physiotherapist,Physiotherapy,progressive
Which category for purchasing prescription eyeglasses?,Prescription Glasses,question
consumable parts for my TENS,"Stimulator, supplies",partial_turn2
"STANDARD insoles not custom made, bought them off the shelf at shoppers",Standard foot orthotics or shoe inserts,natural_diverse
CA-125 test,CA-125 (Cancer Antigen) Test,vague_turn1
they strapped a BP cuff on me that took readings all day and night for 24 hours,Ambulatory Blood Pressure Test,confused_student
"prefabricated orthotics from the pharmacy, doctor recommended them",Standard foot orthotics or shoe inserts,natural_diverse
dietitian,Dietitian Services,vague_turn1
"had to get measured at the orthotics place, they made my stockings to fit","Compression Stockings, custom, any length",natural_diverse
claiming aerochamber for my asthmatic daughter,Aerochamber,natural_diverse
finger prick needles | lancets | for my glucose testing,Lancet,progressive
I turned 50 and my family doctor said it's time for a colonoscopy to screen for colon cancer,Colonoscopy,storyteller
IV pole stand purchase,IV Stand (purchase),terse
wheeled commode chair purchase,Wheeled Commode (purchase),natural_diverse
lancets blood glucose testing,Lancet,natural_diverse
bath seat,Bath Bench/Chair (purchase),vague_turn1
I got metal braces on my teeth and pay a monthly fee to the orthodontist,Orthodontic Services (Braces - initial and monthly fee),confused_student
insulin device,Insulin Gun (manual),vague_turn1
breast imaging,Mammogram,vague_turn1
table top vaporizer steam,Vaporizer (table top),natural_diverse
special bra | after my mastectomy | medical purpose,Mastectomy bra,progressive
need to claim the blood draw fee from LifeLabs for my spouse's recent blood work,Blood Withdrawal Fee,parent_or_dependent
warm mist vaporizer,Vaporizer (table top),partial_turn2
"got fitted with an insulin pump, it's attached to me, how to claim",Insulin infusion pump,natural_diverse
diagnostic test,Other laboratory and diagnostic tests,vague_turn1
prescription,Drug,vague_turn1
full leg medical stockings,"Compression Stockings, thigh/full (30 mmhg & over)",vague_turn1
"medtronic continuous glucose monitor transmitter replacement, the part that clips onto the sensor",Glucose Monitoring System Transmitter,natural_diverse
need to claim CGM sensor supplies for my daughter's type 1 diabetes management,Glucose Monitoring System Supplies/Sensors,parent_or_dependent
pre-auth medical estimate,Estimate/Pre-Authorization,terse
"leg socks | the light kind, not tight at all | just for travel","Compression Stockings, any length (up to 14 mmhg)",progressive
couldn't wait 6 months for a public MRI so i paid for a private one,MRI (Magnetic Resonance Imaging),natural_diverse
full leg compression | medium firm | thigh length,"Compression Stockings, thigh/full (15-19 mmhg)",progressive
the underarm sticks,"Crutches, pair",vague_turn1
seeing a chiro for my lower back pain since the car accident,Chiropractic,natural_diverse
"my elderly dad wears full thigh compression, the firm kind, where do i submit","Compression Stockings, thigh/full (20-29 mmhg)",natural_diverse
What category for a breast pump I purchased for nursing?,Breast Pump (purchase),question
"foot doctor visit, the one who does the nails and calluses and corns",Chiropody (Foot Care) Treatment,natural_diverse
purchased a ResMed AirSense 11 AutoSet CPAP from VitalAire,"CPAP, APAP, BIPAP Machine",brand_specific
podiatrist made custom insoles from a cast of my feet,Custom made foot orthotics,natural_diverse
firm compression stockings knee compression,"Compression Stockings, knee length (20-29 mmhg)",natural_diverse
"toilet seat elevator after my knee replacement, hard to sit low",Raised Toilet seat (purchase),natural_diverse
Filing a claim for a programmable subcutaneous insulin infusion pump system with basal-bolus delivery capability,Insulin infusion pump,detailed_clinical
orthodontic records x-rays,Other Orthodontic/Dental Services (i.e. orthodontic records),terse
"my eye doctor ordered some special test beyond the regular exam, something about checking the back of my eye",Diagnostic Vision Test,confused_student
seeing a therapist | RP designation | not a psychologist,Psychotherapist,progressive
quad cane four point purchase,Quad Cane (purchase),natural_diverse
got 2XU compression calf sleeves from Running Room,"Compression Calf Sleeves/Tights (footless), any length",brand_specific
orthopedic shoes custom made by the shoe specialist for my foot deformity,Orthopaedic or custom made shoes,natural_diverse
hearing aids from the audiologist,Hearing Aids,partial_turn2
"have a colostomy bag, claiming the pouches and supplies",Ostomy,natural_diverse
I had blood work done but it's not allergy testing or any of the specific tests listed,Other laboratory and diagnostic tests,confused_student
Claiming individualized medical nutrition therapy consultation with a Registered Dietitian for type 2 diabetes management,Dietitian Services,detailed_clinical
How do I claim hospital charges within my province that aren't covered by the provincial plan?,Hospital (within your province),question
"heel lift | they altered my shoe | not insoles, the actual shoe",Other foot care services (i.e. orthopedic shoe modification),progressive
"this is a REGULAR brace not custom made, bought it at the pharmacy",Brace (Non-custom),natural_diverse
licensed to use medical cannabis for my chronic pain,Medical Cannabis,natural_diverse
Where do I file for prescription contact lenses?,Prescription Contacts,question
annual eye check,Eye Exam,partial_turn2
I selected 'knee length 30 and over' but the receipt actually says 25 mmhg,"Compression Stockings, knee length (20-29 mmhg)",wrong_guess
my father's ophthalmologist ordered diagnostic vision tests for his macular degeneration monitoring,Diagnostic Vision Test,parent_or_dependent
speech therapy SLP session,Speech Therapy,terse
"got custom orthotics made from a mold of my feet, expensive but doctor said i need them",Custom made foot orthotics,natural_diverse
private radiology clinic,X-Ray,partial_turn2
reusable insulin pen device,Insulin Pen Injector,natural_diverse
xray imaging,X-Ray,vague_turn1
shoe inserts arch support orthotics,Standard foot orthotics or shoe inserts,natural_diverse
home care worker for daily tasks,In Home Support Services,partial_turn2
electric heating pad for my back,Heat Therapy - Re-usable items (purchase),partial_turn2
had a polysomnography study done at the Ottawa Sleep Centre,Sleep Study,brand_specific
submitted my Tao Healing Arts acupuncture receipt from the Centretown clinic,Acupuncture,brand_specific
IV stand for home use,IV Stand (purchase),partial_turn2
I installed those metal bars in my bathroom so I can grab onto something in the shower,Grab Bar/Bath Bar - permanent fixtures (purchase),confused_student
"counsellor | registered clinical counsellor, RCC",Clinical Counsellor,progressive
taking my mother for her annual mammogram screening and need to claim it,Mammogram,parent_or_dependent
the forearm crutches with the arm cuff not the armpit kind,Forearm Crutch (purchase),natural_diverse
"went to the dentist, got xrays and a cleaning and one small filling",Dental Services,natural_diverse
"HOMEOPATHIC not naturopathic, different type of alternative medicine",Homeopathic Treatment,natural_diverse
"my therapist is a registered psychotherapist, RP designation",Psychotherapist,natural_diverse
kinesiologist reflexologist visit,Other health specialists,terse
athletic therapy session,Athletic Therapy,terse
Claiming supplementary charges at a licensed long-term care facility for 24-hour skilled nursing supervision,Nursing Home and Long Term Care,detailed_clinical
What do I select for thigh-high compression stockings rated 20-29 mmHg?,"Compression Stockings, thigh/full (20-29 mmhg)",question
"LONG TERM CARE not just respite, she lives there permanently",Nursing Home and Long Term Care,natural_diverse
physio suggested i buy a TENS machine for home use,"Stimulator, muscle/nerve (TENS)",natural_diverse
the lenses for my eyes,Prescription Contacts,vague_turn1
"new glasses after my eye exam, prescription lenses and frames",Prescription Glasses,natural_diverse
my father's vascular doctor prescribed 30+ mmhg knee compression stockings and I'm helping him file,"Compression Stockings, knee length (30 mmhg & over)",parent_or_dependent
"my doctor ordered a blood test to check for a cancer marker, CA-125 I think it's called",CA-125 (Cancer Antigen) Test,confused_student
"I went to a foot doctor who has a DPM degree, is that different from a chiropodist?",Podiatry Treatment,confused_student
Submitting a claim for a Bluetooth-enabled wireless transmitter unit for continuous glucose monitoring system data relay,Glucose Monitoring System Transmitter,detailed_clinical
had a diagnostic test done that doesn't fit the standard categories,Other laboratory and diagnostic tests,natural_diverse
"digital mammography for breast cancer screening, annual",Mammogram,natural_diverse
Which category for treatment with an osteopathic manual practitioner?,Osteopath,question
plastic seat for sitting in the shower,Bath Bench/Chair (purchase),partial_turn2
TB skin test Mantoux,TB Test/Mantoux,terse
bedside toilet chair,Stationary Commode (purchase),partial_turn2
"PSYCHOLOGIST not counsellor, she has her doctorate and is registered",Psychologist,natural_diverse
sessions with a mental health nurse at the Royal Ottawa through their outpatient program,Other mental health services,brand_specific
masters-level social worker social worker for trauma counseling after accident,Social Worker (Masters level),natural_diverse
"my daughter started a co-op in a lab and needs prescription safety glasses, claiming the cost",Safety Glasses,parent_or_dependent
the device I use at night,"CPAP, APAP, BIPAP Machine",vague_turn1
the device with the sticky pads,"Stimulator, muscle/nerve (TENS)",partial_turn2
new prescription glasses,Prescription Glasses,terse
"my doctor say check blood pressure at home every day, so I buy machine",Blood pressure monitor,esl_speaker
"I need to get my hearing aid fixed, it's not a new purchase just a repair",Other hearing services,confused_student
therapist,Psychotherapist,vague_turn1
"submitting for allergy blood test, they checked multiple allergens",Blood test for Allergies (IG test not eligible),natural_diverse
insoles,Standard foot orthotics or shoe inserts,vague_turn1
"automatic insulin injector, the spring loaded kind that does it for me",Insulin Gun (automatic),natural_diverse
insulin injector,Insulin Gun (manual),vague_turn1
sleep test,Sleep Study,vague_turn1
"breast pump bought from medical supply, needed after NICU stay",Breast Pump (purchase),natural_diverse
blood collection charge on my receipt,Blood Withdrawal Fee,partial_turn2
vitamin D test,Vitamin D Test,vague_turn1
ambulance bill ER trip,Ambulance,terse
scratch test | on my forearm | checked 40 allergens,Scratch Test for Allergies,progressive
"MANUAL injector not automatic, i push the plunger myself",Insulin Gun (manual),natural_diverse
skin injection allergy testing done at the immunology clinic,Scratch Test for Allergies,natural_diverse
claiming a custom right knee brace for my daughter's ligament injury from skiing,"Brace, right knee (Custom)",parent_or_dependent
in home support services homecare,In Home Support Services,natural_diverse
"my mom uses a manual insulin gun because she doesn't like the spring-loaded ones, need to claim it",Insulin Gun (manual),parent_or_dependent
purchased Medi Comfort knee-high 20-30 mmHg from Shoppers Home Health,"Compression Stockings, knee length (20-29 mmhg)",brand_specific
hearing aid repair service,Other hearing services,terse
booked psychologist sessions through Psychology Today directory at CBT Associates,Psychologist,brand_specific
"my doctor ordered an ultrasound to check a lump I found, I went to a private imaging clinic",Ultrasound,storyteller
submitting for a stationary commode after my surgery,Stationary Commode (purchase),natural_diverse
Where do I claim a blood glucose meter device purchase?,Blood glucose meter,question
My chiropractor says my L4 is slightly rotated so I've been getting weekly adjustments to fix my alignment,Chiropractic,storyteller
"911 ambulance to hospital, can i get the fee reimbursed",Ambulance,natural_diverse
had foot analysis and custom orthotics made for heel pain,Custom made foot orthotics,natural_diverse
CPAP machine for sleep apnea,"CPAP, APAP, BIPAP Machine",natural_diverse
lancets for finger prick blood sugar testing,Lancet,natural_diverse
professional hearing assessment,Audiologist Services,partial_turn2
I need to claim a hearing test my employer required for workplace noise exposure,Audiometric Exam,storyteller
elbow crutches | permanent | the kind with the metal arm ring,Forearm Crutch (purchase),progressive
rollator | four wheels with brakes | for outdoor walking,Walker - with wheels (purchase),progressive
medic alert membership and engraved bracelet for my diabetes,Medic Alert Bracelet,natural_diverse
admitted for a few days locally,Hospital (within your province),partial_turn2
diet counselling,Dietitian Services,vague_turn1
the cuff I had on all day and night,Ambulatory Blood Pressure Test,partial_turn2
skin prick test not blood test,Scratch Test for Allergies,partial_turn2
"I got socks that go up to my knee and the package says 15-19, is that the pressure?","Compression Stockings, knee length (15-19 mmhg)",confused_student
"knee high compression socks, the firm kind, for my bad veins","Compression Stockings, knee length (20-29 mmhg)",natural_diverse
athletic therapy | registered AT | for my sports injury,Athletic Therapy,progressive
mantoux skin test for tuberculosis screening,TB Test/Mantoux,natural_diverse
the little needles for pricking my finger to check blood sugar,Lancet,natural_diverse
acupuncture needles,Acupuncture,partial_turn2
couldn't wait for public MRI,MRI (Magnetic Resonance Imaging),partial_turn2
wore it for 24 hours,Ambulatory Blood Pressure Test,partial_turn2
contacts,Prescription Contacts,vague_turn1
ambulance | got charged for the ride to hospital,Ambulance,progressive
digital CBT program online,Digital Cognitive Behavioural Therapy,natural_diverse
folding wheelchair,Transport Wheelchair,vague_turn1
got an Omron Platinum wireless blood pressure monitor from Costco,Blood pressure monitor,brand_specific
"no foot coverage, just the lower leg","Compression Calf Sleeves/Tights (footless), any length",partial_turn2
transport chair,Transport Wheelchair,vague_turn1
medical wig not fashion,Wig,partial_turn2
"not fitted, just picked my size",Brace (Non-custom),partial_turn2
Which category for an automatic spring-loaded insulin injection device?,Insulin Gun (automatic),question
"these are just LIGHT support stockings not medical grade, the light kind","Compression Stockings, any length (up to 14 mmhg)",natural_diverse
online therapy | digital CBT program | not in person,Digital Cognitive Behavioural Therapy,progressive
submitting for mastectomy bras after my breast cancer surgery,Mastectomy bra,natural_diverse
naturopathic | not homeopath | registered ND,Naturopathic Treatment,progressive
claiming a comprehensive blood panel for my spouse that doesn't fit the specific test categories,Other laboratory and diagnostic tests,parent_or_dependent
I bought those pads and underwear things for bladder leaks,Incontinence Supplies,confused_student
"these are FIRM compression not mild, knee high, 20 to 29 millimeters","Compression Stockings, knee length (20-29 mmhg)",natural_diverse
specialist not in the categories,Other health specialists,partial_turn2
contact lenses rx claim,Prescription Contacts,terse
brace for my knee,"Brace, left knee (Custom)",vague_turn1
got taken to hospital,Ambulance,vague_turn1
"I got my wrist zapped at the clinic to see if it's broken, like a picture of the bones",X-Ray,confused_student
hospital room charge,Hospital (within your province),partial_turn2
knee length 20-29 mmhg stockings,"Compression Stockings, knee length (20-29 mmhg)",terse
contoured neck pillow prescribed,Cervical Pillow,partial_turn2
"it's just a REGULAR eye exam, not a diagnostic test or vision therapy, just the basic checkup",Eye Exam,complaint
cool mist humidifier prescribed for my breathing problems,Humidifier (Table Top),natural_diverse
the tubes and filters,"CPAP, APAP, BIPAP Supplies",vague_turn1
homeopath prescribed remedies for my anxiety,Homeopathic Treatment,natural_diverse
the pen device | not gun or pump | dial type injector,Insulin Pen Injector,progressive
"there's machine, mask, and supplies options - I'm claiming the ACTUAL MACHINE not the other parts","CPAP, APAP, BIPAP Machine",complaint
I picked 'Orthopaedic or custom made shoes' but I just got my existing shoes modified with a heel lift,Other foot care services (i.e. orthopedic shoe modification),wrong_guess
Which category for my social worker who has a master's degree?,Social Worker (Masters level),question
auto-injector insulin pen,Insulin Gun (automatic),natural_diverse
"chiropractor appointments for my back, been going weekly",Chiropractic,natural_diverse
my doctor recommended genetic testing because breast cancer runs in our family,Screening (for DNA/Genetic purposes),storyteller
What category for emergency medical services that aren't ambulance transport?,Other emergency services,question
"orthodontist started treatment with traditional braces, monthly fees",Orthodontic Services (Braces - initial and monthly fee),natural_diverse
"this is the PUMP not the gun or pen, it's worn on my body 24/7, the categories are confusing for diabetic supplies",Insulin infusion pump,complaint
naturopath ND visit,Naturopathic Treatment,terse
private xray | imaging clinic | paid out of pocket,X-Ray,progressive
electrode replacements,"Stimulator, supplies",partial_turn2
hard plastic brace | custom fitted by orthotist | for my drop foot,"Brace, AFO/KAFO (Custom)",progressive
nutritionist,Dietitian Services,vague_turn1
regular manual insulin injector,Insulin Gun (manual),partial_turn2
"these are CUSTOM not off the shelf, the fitter made them from scratch","Compression Stockings, custom, any length",natural_diverse
knee high 15-19 mmhg socks,"Compression Stockings, knee length (15-19 mmhg)",terse
raises the toilet height,Raised Toilet seat (purchase),partial_turn2
I selected 'Brace Non-custom' but mine is a custom ankle-foot orthosis made by an orthotist,"Brace, AFO/KAFO (Custom)",wrong_guess
dentist,Dental Services,vague_turn1
"I see someone for therapy and their title says clinical counsellor, is that different from a psychologist?",Clinical Counsellor,confused_student
braces | initial fitting and monthly adjustment | for my daughter,Orthodontic Services (Braces - initial and monthly fee),progressive
"I put this under 'Podiatry Treatment' but my receipt says chiropodist, not podiatrist",Chiropody (Foot Care) Treatment,wrong_guess
bought standard arch support insoles for my son's running shoes from the pharmacy,Standard foot orthotics or shoe inserts,parent_or_dependent
foot care visit,Chiropody (Foot Care) Treatment,vague_turn1
mastectomy bra post surgery,Mastectomy bra,natural_diverse
sessions with my BSW social worker through Inkblot Therapy platform,Social Worker (Bachelors),brand_specific
foot specialist | injection treatment | not just nail care,Podiatry Treatment,progressive
"registered acupuncturist treating my migraines, 8 sessions so far",Acupuncture,natural_diverse
"MEDICAL cannabis not recreational, i have a prescription from my doctor",Medical Cannabis,natural_diverse
purchased wide base quad cane after my neurological issues,Quad Cane (purchase),natural_diverse
MRI scan paid privately,MRI (Magnetic Resonance Imaging),partial_turn2
lab fee | just for drawing the blood | before running my bloodwork,Blood Withdrawal Fee,progressive
submitting for my mother's mammogram screening,Mammogram,natural_diverse
"compression socks | goes to knee | quite tight, for my vein issue","Compression Stockings, knee length (20-29 mmhg)",progressive
medication I picked up at the pharmacy,Drug,partial_turn2
"dexcom receiver replacement, the handheld part that shows the readings",Glucose Monitoring System Receiver,natural_diverse
masters social worker masters-level social worker counseling,Social Worker (Masters level),natural_diverse
What's the right category for orthotics that were custom-made from a mold of my feet?,Custom made foot orthotics,question
hearing test | the booth | pressed button when I heard beeps,Audiometric Exam,progressive
raised toilet seat purchase,Raised Toilet seat (purchase),terse
my son bought me some compression leggings that don't cover the feet,"Compression Calf Sleeves/Tights (footless), any length",natural_diverse
"so frustrated that this medical supply doesn't have its own category, I'll try 'other medical items'",Other medical items,complaint
"What's the right category for CPAP accessories like tubing, filters, and humidifier tanks?","CPAP, APAP, BIPAP Supplies",question
lung monitor | asthma device | respirologist recommended,Peak Flow Meter,progressive
counsellor,Clinical Counsellor,vague_turn1
"spring loaded, does the injection automatically",Insulin Gun (automatic),partial_turn2
getting a dental treatment plan estimate before they start,Dental Estimate for Services,natural_diverse
signed up for MedicAlert Foundation and bought the stainless steel bracelet,Medic Alert Bracelet,brand_specific
measured and made for my left knee specifically,"Brace, left knee (Custom)",partial_turn2
my doctor subscribed me to a digital mental health CBT platform,Digital Cognitive Behavioural Therapy,natural_diverse
purchased a Carex raised toilet seat with handles from Shoppers Home Health,Raised Toilet seat (purchase),brand_specific
dentist did exam xrays cleaning and two fillings,Dental Services,natural_diverse
ear devices | hearing aids | prescribed after my hearing test,Hearing Aids,progressive
bought a peak flow meter to monitor my asthma at home,Peak Flow Meter,natural_diverse
predetermination request before i proceed with the expensive procedure,Estimate/Pre-Authorization,natural_diverse
cane with four feet at the bottom,Quad Cane (purchase),partial_turn2
"I went to get measured and they made stockings just for my legs, not off the rack","Compression Stockings, custom, any length",confused_student
foot appointment,Chiropody (Foot Care) Treatment,vague_turn1
"I have hearing loss and audiologist say I need hearing aid, I buy two for both ear",Hearing Aids,esl_speaker
"online CBT course for anxiety, therapist monitored digital program",Digital Cognitive Behavioural Therapy,natural_diverse
"custom made inserts, orthotist took a mold of my foot, cost over $400",Custom made foot orthotics,natural_diverse
had to wear the blood pressure cuff all day and night for the test,Ambulatory Blood Pressure Test,natural_diverse
"Submitting a receipt for a twelve-month supply of daily disposable silicone hydrogel toric contact lenses, prescription-fitted",Prescription Contacts,detailed_clinical
dental pre-determination estimate,Dental Estimate for Services,terse
prescription contact lenses monthly,Prescription Contacts,natural_diverse
cannabis prescription,Medical Cannabis,vague_turn1
coordination of benefits top up,Provincial Replacement Plan,partial_turn2
"I had to email my social worker to confirm she has an MSW not a BSW just to pick the right category, this is ridiculous",Social Worker (Masters level),complaint
claiming bed guard rails for my husband after his stroke,Bed Rails (purchase),natural_diverse
colon screening,Colonoscopy,vague_turn1
"I fell and hit my head and my roommate called an ambulance, I have the invoice for $240",Ambulance,storyteller
"bought a breast pump after my baby was born, the electric kind",Breast Pump (purchase),natural_diverse
full leg socks,"Compression Stockings, thigh/full (15-19 mmhg)",vague_turn1
monthly colostomy supplies,Ostomy,partial_turn2
coordination | provincial paid | now claiming the rest,Provincial Replacement Plan,progressive
estimate before they start,Dental Estimate for Services,partial_turn2
"I got these special insoles that were molded to my feet, they took a cast of my arches",Custom made foot orthotics,confused_student
"Where do I submit a claim for a mental health practitioner who isn't a psychologist, counsellor, or social worker?",Other mental health services,question
"my doctor write prescription for very strong knee sock, 30 mmhg or more, very hard to wear","Compression Stockings, knee length (30 mmhg & over)",esl_speaker
crutches | the elbow cuff kind not underarm,Forearm Crutch (purchase),progressive
"claiming orthotics for my son, the custom made ones not store bought",Custom made foot orthotics,natural_diverse
CGM receiver device,Glucose Monitoring System Receiver,terse
What category for treatment sessions with a licensed homeopath?,Homeopathic Treatment,question
"I buy tube for my inhaler, help me breathe medicine, it is spacer",Aerochamber,esl_speaker
my child sees a speech-language pathologist for a stuttering issue,Speech Therapy,parent_or_dependent
"I go to podiatrist, foot doctor, he treat my foot pain and check how I walk",Podiatry Treatment,esl_speaker
purchased a Philips Personal Best peak flow meter from the pharmacy,Peak Flow Meter,brand_specific
got prescription safety glasses through the SafeVision program at Clearly,Safety Glasses,brand_specific
submitting dental work done because of a sports accident to my teeth,Dental Accident,natural_diverse
"I just bought some arch support insoles at the drugstore, nothing custom",Standard foot orthotics or shoe inserts,confused_student
purchased a TENS 7000 digital unit from HealthyKin,"Stimulator, muscle/nerve (TENS)",brand_specific
special blood work,Other laboratory and diagnostic tests,vague_turn1
"group therapy, not individual",Other mental health services,partial_turn2
emergency treatment,Other emergency services,vague_turn1
Claiming custom-fabricated orthopaedic footwear constructed to accommodate bilateral pes planus with medial arch support modification,Orthopaedic or custom made shoes,detailed_clinical
table top humidifier for my bedroom,Humidifier (Table Top),partial_turn2
submitting for bedpan we had to get during my wife's recovery,Bedpan,natural_diverse
"I saw someone who does manual therapy on my muscles and joints, an osteopath",Osteopath,confused_student
mantoux skin injection test,TB Test/Mantoux,partial_turn2
tabletop humidifier medical,Humidifier (Table Top),natural_diverse
why do I need to know if my social worker has a bachelors or masters? her profile says BSW so I guess bachelors,Social Worker (Bachelors),complaint
"aerochamber spacer for my puffer, helps me use my inhaler properly",Aerochamber,natural_diverse
What category covers compression tights that are footless?,"Compression Calf Sleeves/Tights (footless), any length",question
vitamin D deficiency test,Vitamin D Test,partial_turn2
had a Zeiss OCT retinal scan at Dr. Bhatt's ophthalmology practice,Diagnostic Vision Test,brand_specific
Submitting for a custom-fabricated right knee unloader brace for medial compartment osteoarthritis,"Brace, right knee (Custom)",detailed_clinical
"TABLE TOP humidifier not a whole house unit, the small bedside kind",Humidifier (Table Top),natural_diverse
homeopathic | remedies and consultation | for my chronic symptoms,Homeopathic Treatment,progressive
electrode pads | replacement | for my TENS unit,"Stimulator, supplies",progressive
hereditary cancer genes genetic screening my doctor ordered after family history,Screening (for DNA/Genetic purposes),natural_diverse
"need replacement electrode pads for my dad's TENS unit, his pads are worn out","Stimulator, supplies",parent_or_dependent
took my daughter to the allergist for a skin scratch test after she broke out in hives,Scratch Test for Allergies,parent_or_dependent
"Filing for routine prophylaxis, bitewing radiographs, and composite resin restoration at a general dental practice",Dental Services,detailed_clinical
Claiming podiatric medical treatment including biomechanical assessment and therapeutic intervention for plantar fasciitis,Podiatry Treatment,detailed_clinical
special bra,Mastectomy bra,vague_turn1
homeopathy,Homeopathic Treatment,vague_turn1
needle therapy | acupuncture | weekly sessions for migraines,Acupuncture,progressive
"in-patient stay, not emergency visit",Hospital (within your province),partial_turn2
"mom is in a care home, can i claim the medical portion of her fees",Nursing Home and Long Term Care,natural_diverse
urgent care,Other emergency services,vague_turn1
my kid sprained her ankle at soccer and we picked up a ready-made brace at the pharmacy,Brace (Non-custom),parent_or_dependent
emergency alert bracelet and membership,Medic Alert Bracelet,partial_turn2
Which category for bed rails I purchased for fall prevention?,Bed Rails (purchase),question
the mask,"CPAP, APAP, BIPAP Mask",vague_turn1
basic walker no wheels,Walker - non wheeled (purchase),natural_diverse
orthotics place made a special brace for my left knee after ACL surgery,"Brace, left knee (Custom)",natural_diverse
RD for my diabetes eating plan,Dietitian Services,partial_turn2
"walking cane for balance support, the regular one point kind","Cane, standard",natural_diverse
tabletop humidifier purchase,Humidifier (Table Top),terse
speech therapy for my child,Speech Therapy,partial_turn2
"this is a CUSTOM the leg-to-ankle brace not the kind from the store, brace specialist made it","Brace, AFO/KAFO (Custom)",natural_diverse
I tried to file under 'Clinical Counsellor' but my provider is actually a certified art therapist,Other mental health services,wrong_guess
medical supply that doesn't fit neatly into any category listed,Other medical items,natural_diverse
"paramedic ambulance call, got charged for the service",Ambulance,natural_diverse
"my son sees a child psychologist for ADHD assessment and therapy, claiming those sessions",Psychologist,parent_or_dependent
osteopath not chiropractor,Osteopath,partial_turn2
in-patient,Hospital (within your province),vague_turn1
naturopath | ND degree | for my hormonal issues,Naturopathic Treatment,progressive
cleaning and xrays,Dental Services,partial_turn2
"seeing a masters-level social worker social worker for counseling, is this covered",Social Worker (Masters level),natural_diverse
hearing devices | from the clinic | for my hearing loss,Hearing Aids,progressive
"I lose hair because of medicine treatment, I buy wig to cover head",Wig,esl_speaker
wig | after my chemo | hair loss from treatment | not cosmetic,Wig,progressive
purchased a Sunbeam XpressHeat heating pad from Canadian Tire,Heat Therapy - Re-usable items (purchase),brand_specific
the bra with the pocket for prosthesis,Mastectomy bra,partial_turn2
physiotherapy not massage,Physiotherapy,partial_turn2
audiologist hearing assessment,Audiologist Services,terse
custom AFO brace rx,"Brace, AFO/KAFO (Custom)",terse
chiropractor,Chiropractic,vague_turn1
pump supplies,Insulin infusion pump supplies,vague_turn1
"I got the breathing machine that you use at night for snoring, not the mask part just the machine","CPAP, APAP, BIPAP Machine",confused_student
"stockings | goes all the way up | super firm, really hard to wear","Compression Stockings, thigh/full (30 mmhg & over)",progressive
"medium compression, knee high","Compression Stockings, knee length (15-19 mmhg)",partial_turn2
pain device | electric pulses | TENS unit for my back,"Stimulator, muscle/nerve (TENS)",progressive
HOME blood pressure monitor not a hospital machine,Blood pressure monitor,natural_diverse
tooth knocked out accident,Dental Accident,terse
blood pressure test,Ambulatory Blood Pressure Test,vague_turn1
"had genetic testing done, they screened my DNA for hereditary conditions",Screening (for DNA/Genetic purposes),natural_diverse
blood drawn for allergy panel,Blood test for Allergies (IG test not eligible),partial_turn2
"it's the little device I wear all the time that gives me insulin continuously, it's attached to my body",Insulin infusion pump,confused_student
"wheeled walker with seat, is this under walker or mobility aids",Walker - with wheels (purchase),natural_diverse
wheels and a basket,Walker - with wheels (purchase),partial_turn2
"IN HOME SUPPORT not nursing, personal care and help with daily activities",In Home Support Services,natural_diverse
needles in my back,Acupuncture,partial_turn2
custom shoes | orthopaedic | made for my diabetic foot,Orthopaedic or custom made shoes,progressive
secondary plan,Provincial Replacement Plan,vague_turn1
"the ones that go to the knee, medium compression range","Compression Stockings, knee length (15-19 mmhg)",natural_diverse
"I was on a long haul flight and the doctor suggested I get really mild compression socks, they're only about 10 mmhg","Compression Stockings, any length (up to 14 mmhg)",storyteller
need glasses,Prescription Glasses,vague_turn1
manual insulin pen injector,Insulin Gun (manual),natural_diverse
I bought a small humidifier for my bedroom to help with dry air,Humidifier (Table Top),confused_student
subscribed to MindBeacon Therapist Guided iCBT program through my plan,Digital Cognitive Behavioural Therapy,brand_specific
"CUSTOM ear plugs not the foam ones from shoppers, made from ear mold",Ear Plugs (custom made),natural_diverse
inhaler attachment,Aerochamber,vague_turn1
pump for milk | bought after baby | the medela one,Breast Pump (purchase),progressive
compression gloves arthritis,Other garment brace services (i.e. compression gloves),terse
orthodontic braces monthly fee,Orthodontic Services (Braces - initial and monthly fee),terse
genetic test | DNA screening | hereditary cancer risk,Screening (for DNA/Genetic purposes),progressive
insulin pen | reusable | takes cartridges | for my daily insulin,Insulin Pen Injector,progressive
has a BSW not a masters,Social Worker (Bachelors),partial_turn2
the puffer spacer,Aerochamber,vague_turn1
"auto insulin injector device, needle phobia so can't do manual injection",Insulin Gun (automatic),natural_diverse
"I selected 'Custom made foot orthotics' but I got entire custom shoes, not just insoles",Orthopaedic or custom made shoes,wrong_guess
"blood sugar monitor, the device itself not the lancets or strips",Blood glucose meter,natural_diverse
"my dentist wants to submit an estimate before doing the work, for pre-approval",Dental Estimate for Services,confused_student
had vision therapy sessions for my convergence issue,Other vision services (i.e. safety glasses),natural_diverse
spinal adjustments,Chiropractic,partial_turn2
Where do I claim a reusable heating pad I bought for pain management?,Heat Therapy - Re-usable items (purchase),question
foot doctor | podiatrist | did a medical procedure,Podiatry Treatment,progressive
CA-125 blood test ovarian,CA-125 (Cancer Antigen) Test,terse
claiming a continuous glucose monitor transmitter for my diabetic husband,Glucose Monitoring System Transmitter,natural_diverse
"coordination of benefits, province paid first, now claiming balance",Provincial Replacement Plan,natural_diverse
tooth injury | accident | not regular dental,Dental Accident,progressive
just the consumable parts,"CPAP, APAP, BIPAP Supplies",partial_turn2
prescription safety glasses work,Safety Glasses,natural_diverse
Claiming bilateral receiver-in-canal digital hearing instruments with adaptive directional microphone technology,Hearing Aids,detailed_clinical
I put it under 'Compression Stockings any length up to 14' but these are actually 18 mmhg knee length,"Compression Stockings, knee length (15-19 mmhg)",wrong_guess
ambulance fee | charged by the city | emergency call,Ambulance,progressive
I buy compression tight for my leg but it is not have foot part,"Compression Calf Sleeves/Tights (footless), any length",esl_speaker
massage therapy,Massage,vague_turn1
HEARING AIDS the devices not just the audiologist visit,Hearing Aids,natural_diverse
Submitting for bilateral orthopedic shoe modification including rocker sole addition and medial heel wedge insertion,Other foot care services (i.e. orthopedic shoe modification),detailed_clinical
"SKIN SCRATCH TEST not blood allergy test, they pricked my skin",Scratch Test for Allergies,natural_diverse
doctor put a fiberglass cast on my broken arm,"Cast, fiberglass",natural_diverse
urinal bottle purchase male,Urinal (purchase),natural_diverse
the ear devices,Hearing Aids,vague_turn1
submitting for a urinal purchased for home care,Urinal (purchase),natural_diverse
"incontinence products, catheters and pads, for my bladder nerve condition",Incontinence Supplies,natural_diverse
bought a wheeled commode chair for my father who can't walk far,Wheeled Commode (purchase),natural_diverse
I had that camera procedure where they check inside your colon,Colonoscopy,confused_student
"leg brace | goes from foot up to my knee, custom made","Brace, AFO/KAFO (Custom)",progressive
traditional Chinese medicine,Acupuncture,partial_turn2
Submitting under the provincial replacement plan for services eligible under the Ontario Health Insurance Plan,Provincial Replacement Plan,detailed_clinical
peak flow meter,Peak Flow Meter,vague_turn1
long firm socks,"Compression Stockings, thigh/full (20-29 mmhg)",vague_turn1
submitting for grab bars we installed in the tub area,Grab Bar/Bath Bar - permanent fixtures (purchase),natural_diverse
"no wheels, just the frame",Stationary Commode (purchase),partial_turn2
breast pump purchase electric,Breast Pump (purchase),natural_diverse
quad cane | four feet at bottom | more stable than regular cane,Quad Cane (purchase),progressive
How do I claim a bath bench I bought after my knee surgery?,Bath Bench/Chair (purchase),question
"bought a quad cane for extra stability, the four footed kind",Quad Cane (purchase),natural_diverse
Submitting receipt for a point-of-care capillary blood glucose monitoring device for self-management of type 2 diabetes,Blood glucose meter,detailed_clinical
care home fees,Nursing Home and Long Term Care,vague_turn1
purchased a Vicks Warm Steam Vaporizer from Shoppers Drug Mart,Vaporizer (table top),brand_specific
dexcom transmitter replacement,Glucose Monitoring System Transmitter,natural_diverse
bought a Tempur-Pedic TEMPUR-Neck pillow from Sleep Country,Cervical Pillow,brand_specific
registered massage therapist massage therapy,Massage,natural_diverse
something medical,Other medical items,vague_turn1
I bought the little machine that pricks your finger and tells you your sugar number,Blood glucose meter,confused_student
I twisted my wrist playing volleyball so I ran to Shoppers and grabbed an off-the-shelf wrist brace,Brace (Non-custom),storyteller
PSA blood test,PSA Test (Prostate Specific Antigen),vague_turn1
"I have long stockings that go all the way up my thigh, mild pressure, maybe 15 or so?","Compression Stockings, thigh/full (15-19 mmhg)",confused_student
optometrist did a special diagnostic test for my glaucoma risk,Diagnostic Vision Test,natural_diverse
the skin test for TB,TB Test/Mantoux,vague_turn1
Which category for full-length compression stockings at 15-19 mmHg that go up to the thigh?,"Compression Stockings, thigh/full (15-19 mmhg)",question
I picked 'Glucose Monitoring System Receiver' but it's just a regular finger-prick glucometer,Blood glucose meter,wrong_guess
"electric heating pad for my muscle pain, claim as medical item",Heat Therapy - Re-usable items (purchase),natural_diverse
thigh length 20-29 mmhg compression,"Compression Stockings, thigh/full (20-29 mmhg)",terse
occupational therapist not physiotherapist,Occupational Therapy,partial_turn2
Where do I claim an acupuncture session for chronic migraines?,Acupuncture,question
"got a cast put on at the fracture clinic, hard fiberglass type","Cast, fiberglass",natural_diverse
"required for work, safety type",Safety Glasses,partial_turn2
Which category for knee-length compression stockings rated between 15 and 19 mmHg?,"Compression Stockings, knee length (15-19 mmhg)",question
"I buy the machine that push needle by itself for insulin, automatic type, you just press button",Insulin Gun (automatic),esl_speaker
vaporizer,Vaporizer (table top),vague_turn1
"my therapist is a PSYCHOLOGIST with a doctorate, not a psychotherapist or counsellor, the categories need better descriptions",Psychologist,complaint
"automatic kind, needle phobia",Insulin Gun (automatic),partial_turn2
breast cancer screening done,Mammogram,partial_turn2
"holter type blood pressure monitoring, wore it for one full day",Ambulatory Blood Pressure Test,natural_diverse
"called 911, got charged for the ambulance",Ambulance,partial_turn2
homeopathic medicine,Homeopathic Treatment,partial_turn2
ice pack | reusable gel kind | for my knee after physio,Cold Therapy - Re-usable Items (purchase),progressive
they modified my existing shoe,Other foot care services (i.e. orthopedic shoe modification),partial_turn2
the specialist made it from a mold,"Brace, AFO/KAFO (Custom)",partial_turn2
"I went for a rub-down at the massage place, a real registered therapist though",Massage,confused_student
"contacts | prescription, monthly disposables",Prescription Contacts,progressive
Submitting for a diagnostic colonoscopy with polypectomy and biopsy for colorectal cancer screening,Colonoscopy,detailed_clinical
"private ultrasound scan done, not covered by OHIP",Ultrasound,natural_diverse
purchased an Omnipod 5 tubeless insulin pump system from my endocrinologist's office,Insulin infusion pump,brand_specific
"hospital social worker helped me find home care, how do i claim this",Social Worker (Bachelors),natural_diverse
medic alert,Medic Alert Bracelet,vague_turn1
steam vaporizer the doctor suggested for my congestion issues,Vaporizer (table top),natural_diverse
"I got one of those metal frame things you pick up and move, no wheels on it",Walker - non wheeled (purchase),confused_student
submitting for occupational therapy for my child's sensory issues,Occupational Therapy,natural_diverse
"doctor give me paper for medical cannabis, I buy from special website, legal prescription",Medical Cannabis,esl_speaker
therapeutic footwear,Orthopaedic or custom made shoes,vague_turn1
"BEDPAN not a commode, the flat one used while lying in bed",Bedpan,natural_diverse
prescription sunglasses vision claim,Other vision services (i.e. safety glasses),natural_diverse
my child sees a speech therapist for his stutter,Speech Therapy,natural_diverse
heating pad,Heat Therapy - Re-usable items (purchase),vague_turn1
pre-authorization for dental work,Dental Estimate for Services,partial_turn2
registered chiropractor,Chiropractic,partial_turn2
"submitting for my kids dental appointments, checkup and cleaning",Dental Services,natural_diverse
insulin thing | auto injector | I can't do manual needles,Insulin Gun (automatic),progressive
What category for occupational therapy sessions?,Occupational Therapy,question
I run a lot and my calves swell up so I got these sleeves that go from ankle to knee but have no feet,"Compression Calf Sleeves/Tights (footless), any length",storyteller
seeing a homeopath for my chronic fatigue,Homeopathic Treatment,natural_diverse
bought insoles from the drugstore for my arch support,Standard foot orthotics or shoe inserts,natural_diverse
homeopath consultation treatment,Homeopathic Treatment,terse
allergy blood work,Blood test for Allergies (IG test not eligible),partial_turn2
physio rehab session,Physiotherapy,terse
x-ray done privately paid out of pocket,X-Ray,partial_turn2
neck pillow,Cervical Pillow,vague_turn1
bought an automatic blood pressure machine for home monitoring,Blood pressure monitor,natural_diverse
seeing a social worker | masters degree | different from bachelors,Social Worker (Masters level),progressive
started Invisalign treatment at Village Orthodontics and need to claim the initial fee,Orthodontic Services (Braces - initial and monthly fee),brand_specific
submitting for emergency care i received outside regular ER,Other emergency services,natural_diverse
portable bedside urinal for home care use,Urinal (purchase),natural_diverse
back treatment | chiropractic adjustments | for my disc,Chiropractic,progressive
special stockings they made for me,"Compression Stockings, custom, any length",vague_turn1
"I saw a kinesiologist, I can't find that in the category list anywhere",Other health specialists,confused_student
"submitting the lab fee for blood collection, separate from test costs",Blood Withdrawal Fee,natural_diverse
"CHIROPRACTIC not massage, the spinal adjustments",Chiropractic,natural_diverse
booking massage therapy for my spouse's chronic shoulder tension,Massage,parent_or_dependent
eye appointment,Eye Exam,vague_turn1
optometrist | annual checkup | not buying anything,Eye Exam,progressive
"got the sock with no foot part from shoppers, how do i submit","Compression Calf Sleeves/Tights (footless), any length",natural_diverse
"I selected 'Eye Exam' but this was actually a diagnostic test for glaucoma, not a regular exam",Diagnostic Vision Test,wrong_guess
allergy test,Scratch Test for Allergies,vague_turn1
crutches | regular pair | not the elbow cuff type,"Crutches, pair",progressive
bought a bedside commode so my mother doesn't have to walk to bathroom,Stationary Commode (purchase),natural_diverse
attaches to the side of the bed,Bed Rails (purchase),partial_turn2
"sleep apnea machine accessories, headgear worn out, also need new filters","CPAP, APAP, BIPAP Supplies",natural_diverse
bachelor degree social worker,Social Worker (Bachelors),partial_turn2
bought Juzo Soft thigh-high 15-20 mmHg with open toe from HealthKart,"Compression Stockings, thigh/full (15-19 mmhg)",brand_specific
private ultrasound | gel scan | diagnostic not MRI,Ultrasound,progressive
Where do I submit a claim for shoes that were custom-made for my foot condition?,Orthopaedic or custom made shoes,question
the cuff I use at home,Blood pressure monitor,partial_turn2
"FIBERGLASS cast not plaster, the colored lightweight kind they use now","Cast, fiberglass",natural_diverse
counselling sessions,Clinical Counsellor,vague_turn1
"I have the compression stocking that go high to my leg top, 25 mmhg pressure","Compression Stockings, thigh/full (20-29 mmhg)",esl_speaker
fiberglass cast fracture,"Cast, fiberglass",terse
"my social worker she have master degree, MSW, she do therapy for my stress",Social Worker (Masters level),esl_speaker
the blowing device,Peak Flow Meter,vague_turn1
Which option do I select for compression stockings that are under 14 mmHg?,"Compression Stockings, any length (up to 14 mmhg)",question
"OTHER specialist not the ones on the list, different type of doctor",Other health specialists,natural_diverse
"they took my blood to check what I'm allergic to, like food and pollen allergies",Blood test for Allergies (IG test not eligible),confused_student
Claiming a quantitative serum PSA assay for prostate cancer screening,PSA Test (Prostate Specific Antigen),detailed_clinical
"OSTOMY supplies not general incontinence, for my stoma",Ostomy,natural_diverse
wig hair prosthesis chemotherapy,Wig,natural_diverse
"not off the shelf, fitted specially",Custom made foot orthotics,partial_turn2
ovarian marker test | blood drawn | gynecologist ordered,CA-125 (Cancer Antigen) Test,progressive
medical supply | specialized | not in the regular list,Other medical items,progressive
hearing aids | both ears | fitted at audiologist,Hearing Aids,progressive
frame that goes around the toilet,Versa Frame (purchase),partial_turn2
dental work after injury,Dental Accident,partial_turn2
went to the optometrist,Eye Exam,vague_turn1
"my daughter needs new prescription glasses, her eyes got worse since last year",Prescription Glasses,parent_or_dependent
"saw a specialist not listed in the categories, rheumatologist visit",Other health specialists,natural_diverse
blood allergy test | drew blood | checked multiple allergens,Blood test for Allergies (IG test not eligible),progressive
optometrist did special eye scan scan and visual field testing for my optic nerve,Diagnostic Vision Test,natural_diverse
wheeled walker | seat and basket | my father needs it,Walker - with wheels (purchase),progressive
retinal scan diagnostic test,Diagnostic Vision Test,terse
need to claim knee-high 18 mmhg compression stockings for my daughter's circulation issues,"Compression Stockings, knee length (15-19 mmhg)",parent_or_dependent
"ULTRASOUND scan not MRI, the gel and wand kind for soft tissue",Ultrasound,natural_diverse
more than a regular checkup,Diagnostic Vision Test,partial_turn2
wearable insulin device | not the injection kind | attached to my side,Insulin infusion pump,progressive
registered osteopathic manual practitioner for my tension headaches,Osteopath,natural_diverse
"my daughter has custom leg braces made to fit her exactly, foot to knee","Brace, AFO/KAFO (Custom)",natural_diverse
"putting in for my son's elbow brace, just the regular one from the store",Brace (Non-custom),natural_diverse
CGM sensors refill,Glucose Monitoring System Supplies/Sensors,terse
"not regular shoes, therapeutic",Orthopaedic or custom made shoes,partial_turn2
medical item | doesn't fit any specific category | for my condition,Other medical items,progressive
medic alert for my allergy,Medic Alert Bracelet,partial_turn2
claiming shoe modifications for my child's shoes to correct his gait issue,Other foot care services (i.e. orthopedic shoe modification),parent_or_dependent
"nasal mask for my sleep apnea machine, claim this separately from the machine","CPAP, APAP, BIPAP Mask",natural_diverse
had a the cancer marker blood test blood test for ovarian cancer screening,CA-125 (Cancer Antigen) Test,natural_diverse
registered psychotherapist for EMDR therapy sessions,Psychotherapist,natural_diverse
AT not physiotherapist,Athletic Therapy,partial_turn2
had OT sessions at Ottawa Hand Therapy Clinic for my carpal tunnel rehab,Occupational Therapy,brand_specific
work glasses,Safety Glasses,vague_turn1
medical wig,Wig,vague_turn1
post mastectomy bra | prosthesis pocket | after my surgery,Mastectomy bra,progressive
"finger stick lancets for glucose monitoring, single use needles",Lancet,natural_diverse
"PODIATRY treatment, the doctor kind, not just nail care chiropody",Podiatry Treatment,natural_diverse
podiatry visit for my heel pain treatment,Podiatry Treatment,natural_diverse
bed safety bars,Bed Rails (purchase),vague_turn1
ordered Sigvaris Essential Opaque knee-high 30-40 mmHg through my clinic,"Compression Stockings, knee length (30 mmhg & over)",brand_specific
"started acupuncture for my chronic back pain, weekly sessions",Acupuncture,natural_diverse
Submitting for a serum Cancer Antigen 125 quantitative assay for ovarian malignancy surveillance,CA-125 (Cancer Antigen) Test,detailed_clinical
"social worker | masters level, MSW",Social Worker (Masters level),progressive
"have the automatic insulin gun that injects itself, not manual",Insulin Gun (automatic),natural_diverse
"registered clinical counsellor for CBT sessions, is this covered",Clinical Counsellor,natural_diverse
ear wax removal,Other hearing services,vague_turn1
"medical item needed for my condition, not in the specific categories",Other medical items,natural_diverse
"I buy small machine that make air wet in my room, for my nose dry at night",Humidifier (Table Top),esl_speaker
"four wheeled rollator with basket, my father needs it for outdoor walking",Walker - with wheels (purchase),natural_diverse
I selected 'Prescription Glasses' but I bought contacts not glasses,Prescription Contacts,wrong_guess
basic walking cane for balance,"Cane, standard",partial_turn2
"getting pre-auth for my planned procedure, not claiming actual costs yet",Estimate/Pre-Authorization,natural_diverse
diagnostic ultrasound privately,Ultrasound,partial_turn2
"saw a grief counsellor, not sure which mental health category this falls under",Other mental health services,natural_diverse
custom brace,"Brace, right knee (Custom)",vague_turn1
"I got these tight leg things but they don't have the foot part, what do I pick?","Compression Calf Sleeves/Tights (footless), any length",confused_student
reusable ice pack not single use,Cold Therapy - Re-usable Items (purchase),partial_turn2
My physio uses a TENS machine in sessions and said I should buy my own for home use to help manage my chronic back pain,"Stimulator, muscle/nerve (TENS)",storyteller
"cold therapy wrap purchase, the reusable cold compress for my shoulder",Cold Therapy - Re-usable Items (purchase),natural_diverse
table top humidifier my doctor suggested for my dry airways,Humidifier (Table Top),natural_diverse
ambulatory BP monitoring,Ambulatory Blood Pressure Test,partial_turn2
"this is a BACHELORS level social worker not masters, different fee",Social Worker (Bachelors),natural_diverse
the display for my glucose sensor,Glucose Monitoring System Receiver,vague_turn1
"bed side safety rail, prevents falling out at night",Bed Rails (purchase),natural_diverse
bought a basic non-wheeled walker for my elderly mother after her hip replacement,Walker - non wheeled (purchase),parent_or_dependent
I went to get a special brace built for my left knee specifically,"Brace, left knee (Custom)",confused_student
"the transmitter for my continuous glucose system died, need a new one",Glucose Monitoring System Transmitter,natural_diverse
impressions and xrays for orthodontic planning,Other Orthodontic/Dental Services (i.e. orthodontic records),partial_turn2
"allergy panel through blood test, immunology ordered it not skin test",Blood test for Allergies (IG test not eligible),natural_diverse
the really firm long ones,"Compression Stockings, thigh/full (30 mmhg & over)",vague_turn1
"had a colonoscopy done at the hospital, screening and found a polyp",Colonoscopy,natural_diverse
"I accidentally submitted under knee-length last time but these go up to my thighs, 18 mmhg, please help","Compression Stockings, thigh/full (15-19 mmhg)",complaint
claiming a post-mastectomy bra for my mother after her breast cancer surgery,Mastectomy bra,parent_or_dependent
Claiming bilateral graduated compression arm sleeves for post-mastectomy lymphedema management,Other garment brace services (i.e. compression gloves),detailed_clinical
CPAP mask replacement,"CPAP, APAP, BIPAP Mask",terse
brain scan,MRI (Magnetic Resonance Imaging),vague_turn1
small humidifier for my breathing,Humidifier (Table Top),partial_turn2
foot insoles,Custom made foot orthotics,vague_turn1
"folding wheelchair for transporting my father, the lightweight kind",Transport Wheelchair,natural_diverse
"is a glucometer the same as a glucose monitoring system? mine just does finger pricks, no sensors",Blood glucose meter,complaint
claiming the display unit for my continuous glucose monitor,Glucose Monitoring System Receiver,natural_diverse
"not a regular exam, a special scan",Diagnostic Vision Test,partial_turn2
the molded earplugs,Ear Plugs (custom made),vague_turn1
"I need TB test for my school, they put small injection in arm and check after 2 day",TB Test/Mantoux,esl_speaker
had custom orthotics made at Kintec using Paris Orthotics lab fabrication,Custom made foot orthotics,brand_specific
toilet assist frame,Versa Frame (purchase),partial_turn2
"got a custom brace for my RIGHT knee, measured and fabricated specially","Brace, right knee (Custom)",natural_diverse
other ear service,Other hearing services,vague_turn1
Where do I claim a urinal purchased for home use?,Urinal (purchase),question
mental health appointment,Psychologist,vague_turn1
"the transmitter is NOT the sensor, it's the reusable part that clips on, why are there four separate categories for this",Glucose Monitoring System Transmitter,complaint
bought a BIPAP machine for my husband who was just diagnosed with sleep apnea,"CPAP, APAP, BIPAP Machine",parent_or_dependent
"INCONTINENCE supplies not regular hygiene, the medical pads and briefs",Incontinence Supplies,natural_diverse
I got one of those bracelets that says what medical conditions I have in case of emergency,Medic Alert Bracelet,confused_student
employer requires them,Safety Glasses,partial_turn2
private MRI for my knee to avoid the waiting list,MRI (Magnetic Resonance Imaging),natural_diverse
"glasses from lenscrafters, need new prescription every year",Prescription Glasses,natural_diverse
CGM supplies,Glucose Monitoring System Supplies/Sensors,vague_turn1
"shoe modification service, added orthopaedic build up to my footwear",Other foot care services (i.e. orthopedic shoe modification),natural_diverse
RMT session,Massage,vague_turn1
"regular insulin pen device, manual type, different from auto injector",Insulin Gun (manual),natural_diverse
leg socks | goes to my knee | not the tightest kind,"Compression Stockings, knee length (15-19 mmhg)",progressive
ambulatory BP monitoring device rental and test reading fee,Ambulatory Blood Pressure Test,natural_diverse
leg socks | knee length | the firm kind my doctor prescribed,"Compression Stockings, knee length (20-29 mmhg)",progressive
bought a reusable ice wrap for my daughter's knee after her volleyball game,Cold Therapy - Re-usable Items (purchase),parent_or_dependent
microwaveable heat wrap,Heat Therapy - Re-usable items (purchase),partial_turn2
"medication prescribed by my doctor, chronic condition management",Drug,natural_diverse
"shoe inserts from the drug store, over the counter orthotics for flat feet",Standard foot orthotics or shoe inserts,natural_diverse
"I go to foot doctor, she is chiropodist, she cut nail and treat hard skin on foot",Chiropody (Foot Care) Treatment,esl_speaker
I picked 'Other vision services' but I just bought regular prescription glasses,Prescription Glasses,wrong_guess
"submitting for my mom's new cpap mask, the nasal pillow type","CPAP, APAP, BIPAP Mask",natural_diverse
auto insulin gun,Insulin Gun (automatic),terse
SLP session,Speech Therapy,vague_turn1
"the nasal mask, needs replacing","CPAP, APAP, BIPAP Mask",partial_turn2
purchased Phonak Audeo Paradise hearing aids from Connect Hearing,Hearing Aids,brand_specific
purchased a Hugo Adjustable Derby cane from Pharma Plus,"Cane, standard",brand_specific
cervical pillow neck support,Cervical Pillow,natural_diverse
Claiming a dual-channel transcutaneous electrical nerve stimulation unit with adjustable frequency and intensity,"Stimulator, muscle/nerve (TENS)",detailed_clinical
long term care,Nursing Home and Long Term Care,vague_turn1
"I need more of those sticky patches that read my sugar, they go on my arm",Glucose Monitoring System Supplies/Sensors,confused_student
purchased IMAK Compression Arthritis Gloves from Walmart,Other garment brace services (i.e. compression gloves),brand_specific
they injected something in my forearm and I have to go back in two days for them to check it,TB Test/Mantoux,confused_student
fiberglass cast they put on,"Cast, fiberglass",partial_turn2
"replacement pads for the tens unit, the sticky electrode ones","Stimulator, supplies",natural_diverse
doesn't fit the listed categories,Other medical items,partial_turn2
"I filed under 'knee length 20-29' but mine are actually 35 mmhg, need to fix this","Compression Stockings, knee length (30 mmhg & over)",wrong_guess
other medical items supplies,Other medical items,natural_diverse
"custom the leg brace from knee to foot brace, goes knee to foot, made special for my nerve damage","Brace, AFO/KAFO (Custom)",natural_diverse
lancets | tiny needles | for pricking finger to check blood sugar,Lancet,progressive
BRCA screening,Screening (for DNA/Genetic purposes),partial_turn2
"underarm crutches after my knee surgery, do i claim both as a pair","Crutches, pair",natural_diverse
the booth test with the beeping,Audiometric Exam,partial_turn2
"got a four wheel walker with a seat from medical supplier, for my mom",Walker - with wheels (purchase),natural_diverse
claiming custom knee brace for my wife's left knee arthritis,"Brace, left knee (Custom)",natural_diverse
Filing for a pure-tone and speech audiometric examination including tympanometry for hearing threshold assessment,Audiometric Exam,detailed_clinical
air humidifier,Humidifier (Table Top),vague_turn1
"the actual machine, not the mask","CPAP, APAP, BIPAP Machine",partial_turn2
"I use app on phone for CBT therapy, it is online program, not go to office, do at home",Digital Cognitive Behavioural Therapy,esl_speaker
rollator walker with wheels,Walker - with wheels (purchase),terse
rolling commode | with wheels | not the stationary kind,Wheeled Commode (purchase),progressive
meds | prescription | chronic condition management,Drug,progressive
social work | she has her MSW | clinical level,Social Worker (Masters level),progressive
RMT for my injury,Massage,partial_turn2
psychologist not just a counsellor,Psychologist,partial_turn2
purchased BabyFirst audiometric screening package at HearingLife for my toddler,Audiometric Exam,brand_specific
Which category for a treatment session with a chiropodist for foot care?,Chiropody (Foot Care) Treatment,question
pump supplies | infusion sets and reservoirs | replace every few days,Insulin infusion pump supplies,progressive
"wearable device, delivers insulin continuously",Insulin infusion pump,partial_turn2
"needed a bedpan for my recovery at home, couldn't walk to bathroom",Bedpan,natural_diverse
registered clinical counsellor,Clinical Counsellor,partial_turn2
pure tone hearing test,Audiometric Exam,partial_turn2
insulin injector,Insulin Gun (automatic),vague_turn1
"sleep apnea machine, finally got diagnosed after the sleep study","CPAP, APAP, BIPAP Machine",natural_diverse
"I go to clinic to sleep one night, they put wire on me and watch how I breathe",Sleep Study,esl_speaker
"the transmitter, not the sensor or receiver",Glucose Monitoring System Transmitter,partial_turn2
orthodontics,Orthodontic Services (Braces - initial and monthly fee),vague_turn1
"orthotist fabricated a custom ankle foot brace, drop foot condition","Brace, AFO/KAFO (Custom)",natural_diverse
"really gentle, barely feel them","Compression Stockings, any length (up to 14 mmhg)",partial_turn2
therapeutic footwear | not regular shoes | prescribed by doctor,Orthopaedic or custom made shoes,progressive
other eye service,Other vision services (i.e. safety glasses),vague_turn1
ordered prescribed medical cannabis from Shoppers Cannabis Care online,Medical Cannabis,brand_specific
"I picked 'knee length 15-19' but these are thigh-high, not knee-high","Compression Stockings, thigh/full (15-19 mmhg)",wrong_guess
medical wig hair loss,Wig,terse
Where do I claim a standard single-point walking cane?,"Cane, standard",question
I picked 'Walker non wheeled' but mine actually has four wheels and brakes,Walker - with wheels (purchase),wrong_guess
speech pathologist,Speech Therapy,vague_turn1
got a bath seat so my elderly dad doesn't fall in the shower,Bath Bench/Chair (purchase),natural_diverse
CGM transmitter piece,Glucose Monitoring System Transmitter,terse
bed rails purchase safety,Bed Rails (purchase),natural_diverse
safety bars in bathroom permanently installed for my balance issues,Grab Bar/Bath Bar - permanent fixtures (purchase),natural_diverse
acupuncture session,Acupuncture,vague_turn1
foot doctor,Podiatry Treatment,vague_turn1
"I go to therapy with psychotherapist, she is RP, registered psychotherapist, for my depression",Psychotherapist,esl_speaker
pills,Drug,vague_turn1
"the PEN device not the pump or gun, the one with the dial at the end",Insulin Pen Injector,natural_diverse
"BATH CHAIR not a grab bar, the actual seat you sit on in the shower",Bath Bench/Chair (purchase),natural_diverse
medication | prescription from my doctor,Drug,progressive
commode on wheels so i can move it to my husband's bedside,Wheeled Commode (purchase),natural_diverse
"the doctor put a hard shell on my broken wrist, it's not plaster it's the lighter kind","Cast, fiberglass",confused_student
colonoscopy procedure paid privately,Colonoscopy,partial_turn2
rollator walker with wheels and a seat for resting,Walker - with wheels (purchase),natural_diverse
"SUPPLIES for the stimulator, the sticky pads not the machine itself","Stimulator, supplies",natural_diverse
seeing an athletic therapist for my sports injury rehab,Athletic Therapy,natural_diverse
My sensors last about 10 days each so I buy a three-month supply at a time and need to claim the box,Glucose Monitoring System Supplies/Sensors,storyteller
footless compression tights knee,"Compression Calf Sleeves/Tights (footless), any length",natural_diverse
"my husband needed emergency medical services at the ski resort, not an ambulance ride",Other emergency services,parent_or_dependent
"I submitted under 'Insulin Pen Injector' but it's actually an automatic insulin gun, not a pen",Insulin Gun (automatic),wrong_guess
"I have a bag attached to my stomach for waste after my surgery, I need supplies for it",Ostomy,confused_student
part of my glucose monitor,Glucose Monitoring System Transmitter,vague_turn1
grab bars,Grab Bar/Bath Bar - permanent fixtures (purchase),vague_turn1
I hurt my shoulder playing rugby and went to an athletic therapist at the university clinic,Athletic Therapy,storyteller
urinal bottle bedside,Urinal (purchase),terse
"bought a basic cane for my balance, the single point kind","Cane, standard",natural_diverse
"I buy crutch that hold my arm near elbow, not under arm type, it is forearm style",Forearm Crutch (purchase),esl_speaker
I have drop foot from a nerve injury so my orthotist took a cast of my leg and made me a custom AFO that fits inside my shoe,"Brace, AFO/KAFO (Custom)",storyteller
teeth thing,Dental Services,vague_turn1
the wipes,Alcohol swabs,vague_turn1
submitting for my husband's knee-high compression stockings at 22 mmhg after his vein surgery,"Compression Stockings, knee length (20-29 mmhg)",parent_or_dependent
BSW social worker sessions,Social Worker (Bachelors),terse
long socks | goes all the way up to my thigh,"Compression Stockings, thigh/full (15-19 mmhg)",progressive
My feet were hurting after running so my physio said to try some good off-the-shelf insoles before going custom,Standard foot orthotics or shoe inserts,storyteller
claiming a glucometer for my diabetic mother,Blood glucose meter,natural_diverse
"insulin device | manual kind, I push it myself",Insulin Gun (manual),progressive
"blood test for my vitamin D levels, doctor ordered it",Vitamin D Test,natural_diverse
homeopath,Homeopathic Treatment,vague_turn1
"not a spa massage, medical RMT",Massage,partial_turn2
"eye appointment | just the exam, no glasses",Eye Exam,progressive
prep pads | sterile swabs | for my daily injections,Alcohol swabs,progressive
"OTHER EMERGENCY not ambulance or hospital, different emergency service",Other emergency services,natural_diverse
audiogram only not consultation,Audiometric Exam,partial_turn2
shower chair purchase claim,Bath Bench/Chair (purchase),terse
IV stand pole purchase,IV Stand (purchase),natural_diverse
geriatric specialist assessment for my elderly parent,Other health specialists,natural_diverse
"knocked out a tooth in a fall, had to do emergency dental",Dental Accident,natural_diverse
Submitting for therapeutic sessions with a certified expressive arts therapist for trauma-informed mental health support,Other mental health services,detailed_clinical
ice pack,Cold Therapy - Re-usable Items (purchase),vague_turn1
sleep machine,"CPAP, APAP, BIPAP Machine",vague_turn1
toilet safety frame for my mother's mobility issues,Versa Frame (purchase),natural_diverse
"the insulin pump i wear all the time, the little device on my side",Insulin infusion pump,natural_diverse
foot appointment | nail care and calluses | not surgery,Chiropody (Foot Care) Treatment,progressive
TENS supplies,"Stimulator, supplies",vague_turn1
Filing for cognitive-behavioural therapy sessions with a registered psychologist licensed by the College of Psychologists of Ontario,Psychologist,detailed_clinical
rollator,Walker - with wheels (purchase),vague_turn1
bought a transport wheelchair to take my mom to appointments,Transport Wheelchair,natural_diverse
podiatrist did a procedure,Podiatry Treatment,partial_turn2
cuff goes around my forearm,Forearm Crutch (purchase),partial_turn2
post surgical bra for breast reconstruction recovery,Mastectomy bra,natural_diverse
Which category for a tabletop humidifier?,Humidifier (Table Top),question
"I buy the pad that stick on skin for my electric machine, not machine itself, just the pad replacement","Stimulator, supplies",esl_speaker
I'm afraid of needles so my diabetes educator recommended an automatic insulin gun that does the injection for you at the push of a button,Insulin Gun (automatic),storyteller
"my child had a blood test to identify food allergies, submitting the lab receipt",Blood test for Allergies (IG test not eligible),parent_or_dependent
"What category for an insulin pen, not a pump or gun?",Insulin Pen Injector,question
hospital | admitted in-patient | local hospital | for my procedure,Hospital (within your province),progressive
allergy test | skin prick not blood | they scratched my arm,Scratch Test for Allergies,progressive
"submitting for alcohol prep pads, using lots of them for my injections",Alcohol swabs,natural_diverse
"I want to claim the ACTUAL TENS device, not the electrode pads or replacement supplies","Stimulator, muscle/nerve (TENS)",complaint
four wheels and a built in seat,Walker - with wheels (purchase),partial_turn2
dietitian nutrition counselling,Dietitian Services,terse
Submitting a claim for below-knee graduated compression stockings rated 15-19 mmHg for mild venous insufficiency,"Compression Stockings, knee length (15-19 mmhg)",detailed_clinical
I was having panic attacks so my GP referred me to a psychologist with a PhD who does exposure therapy,Psychologist,storyteller
the long compression ones,"Compression Stockings, thigh/full (20-29 mmhg)",vague_turn1
CPAP tubing filters chin strap,"CPAP, APAP, BIPAP Supplies",natural_diverse
incontinence pads diapers supplies,Incontinence Supplies,natural_diverse
audiogram | hearing check | the test part not the consultation,Audiometric Exam,progressive
"NATUROPATH not homeopath, she's an naturopath with medical training",Naturopathic Treatment,natural_diverse
purchased a Medline fracture bedpan from Medical Mart,Bedpan,brand_specific
"not super tight, just to the knee","Compression Stockings, knee length (15-19 mmhg)",partial_turn2
"vitamin D level check, my doctor suspected deficiency",Vitamin D Test,natural_diverse
"these go up to the KNEE not the thigh, 15 to 19 pressure range","Compression Stockings, knee length (15-19 mmhg)",natural_diverse
"MRI done at a private imaging clinic, spine and brain",MRI (Magnetic Resonance Imaging),natural_diverse
"had my hearing tested, the booth test with the beeping sounds",Audiometric Exam,natural_diverse
orthodontic records | diagnostic xrays | planning records,Other Orthodontic/Dental Services (i.e. orthodontic records),progressive
"not claiming actual cost yet, just the estimate",Estimate/Pre-Authorization,partial_turn2
I put this under 'Prescription Glasses' but these are actually CSA-certified safety glasses for the lab,Safety Glasses,wrong_guess
"insulin pen injector to replace broken one, different from disposable pens",Insulin Pen Injector,natural_diverse
"claiming my daughter's orthodontic braces treatment, both the initial fee and monthly adjustments",Orthodontic Services (Braces - initial and monthly fee),parent_or_dependent
diagnostic eye test special eye scan scan,Diagnostic Vision Test,natural_diverse
the mask | fits over my nose | replacement for my cpap,"CPAP, APAP, BIPAP Mask",progressive
"picking up light compression socks for my mom, they're under 14 mmhg for her swollen ankles","Compression Stockings, any length (up to 14 mmhg)",parent_or_dependent
"basic kind, no wheels",Walker - non wheeled (purchase),partial_turn2
"foot care treatment, the basic kind",Chiropody (Foot Care) Treatment,partial_turn2
in lab overnight sleep test for my sleep disorder assessment,Sleep Study,natural_diverse
adult diapers,Incontinence Supplies,vague_turn1
crutches,Forearm Crutch (purchase),vague_turn1
"lower GI endoscopy, colonoscopy done under sedation",Colonoscopy,natural_diverse
I bought a regular single cane to help me walk after my ankle healed,"Cane, standard",confused_student
the round patches that stick on my arm,Glucose Monitoring System Supplies/Sensors,partial_turn2
special shoes | custom made for my medical condition,Orthopaedic or custom made shoes,progressive
"the foot place made me actual shoes, not just insoles, they built the whole shoe",Orthopaedic or custom made shoes,confused_student
arm sleeve | compression | after my lymph node surgery,Other garment brace services (i.e. compression gloves),progressive
therapeutic massage,Massage,vague_turn1
teeth braces,Orthodontic Services (Braces - initial and monthly fee),vague_turn1
portable urinal,Urinal (purchase),vague_turn1
"none of the specific mental health categories match my provider type, she's a certified therapeutic counsellor, where does that go?",Other mental health services,complaint
"putting in for my husband's sleep apnea machine, sleep apnea machine type","CPAP, APAP, BIPAP Machine",natural_diverse
contact lenses not glasses,Prescription Contacts,partial_turn2
mammogram breast screening,Mammogram,terse
"hard to put on, knee length","Compression Stockings, knee length (20-29 mmhg)",partial_turn2
claiming alcohol swabs for my diabetic husband's daily insulin injections,Alcohol swabs,parent_or_dependent
alcohol wipes | for cleaning before my insulin injection,Alcohol swabs,progressive
"claiming replacement CPAP supplies for my spouse - new tubing, filters, and water chamber","CPAP, APAP, BIPAP Supplies",parent_or_dependent
thigh high compression,"Compression Stockings, thigh/full (20-29 mmhg)",vague_turn1
prostate cancer marker test,PSA Test (Prostate Specific Antigen),partial_turn2
bathroom bars | mounted to wall | safety for my elderly mom,Grab Bar/Bath Bar - permanent fixtures (purchase),progressive
buying depends and bed pads for my incontinent father,Incontinence Supplies,natural_diverse
something for my legs from the pharmacy,"Compression Calf Sleeves/Tights (footless), any length",vague_turn1
24 hour blood pressure monitoring test,Ambulatory Blood Pressure Test,natural_diverse
geriatric specialist,Other health specialists,partial_turn2
"these go all the way UP to the thigh not just the knee, medium compression range","Compression Stockings, thigh/full (15-19 mmhg)",natural_diverse
annual the prostate blood test blood test for prostate cancer monitoring,PSA Test (Prostate Specific Antigen),natural_diverse
vitamin D blood level test,Vitamin D Test,natural_diverse
"thigh high firm compression stockings, legs keep swelling at work","Compression Stockings, thigh/full (20-29 mmhg)",natural_diverse
online therapy,Digital Cognitive Behavioural Therapy,vague_turn1
I go to lab for blood test and they charge extra money just for take the blood out,Blood Withdrawal Fee,esl_speaker
bed safety rails purchase,Bed Rails (purchase),terse
"soft support, just for daily wear","Compression Stockings, any length (up to 14 mmhg)",partial_turn2
bedside commode stationary purchase,Stationary Commode (purchase),natural_diverse
MRI | private | too long a wait for public,MRI (Magnetic Resonance Imaging),progressive
Filing for replacement self-adhesive carbon film TENS electrodes and lead wire accessories,"Stimulator, supplies",detailed_clinical
pre authorization estimate before procedure,Estimate/Pre-Authorization,natural_diverse
shower chair bath bench purchase,Bath Bench/Chair (purchase),natural_diverse
"got low pressure leg socks from rexall, around light compression","Compression Stockings, any length (up to 14 mmhg)",natural_diverse
buying incontinence supplies for my elderly father who has bladder control issues,Incontinence Supplies,parent_or_dependent
transport wheelchair lightweight,Transport Wheelchair,terse
audiologist not just a hearing test,Audiologist Services,partial_turn2
"continuous glucose monitor transmitter stopped working, need to replace the small device on my arm",Glucose Monitoring System Transmitter,natural_diverse
colonoscopy procedure claim,Colonoscopy,natural_diverse
hard cast | colored fiberglass | broken wrist,"Cast, fiberglass",progressive
psychotherapist sessions RP,Psychotherapist,terse
"my daughter's insulin pump needs replacing, the one she wears",Insulin infusion pump,natural_diverse
"emergency dental after my fall, cracked tooth, is accident dental different",Dental Accident,natural_diverse
"I buy pump for breast milk, electric type, for feeding baby",Breast Pump (purchase),esl_speaker
purchased Superfeet Green insoles from The Running Room,Standard foot orthotics or shoe inserts,brand_specific
new glasses | updated prescription | frames and lenses,Prescription Glasses,progressive
tuberculosis test mantoux,TB Test/Mantoux,natural_diverse
"the sleeve thing for my leg | open toe, doctor said get these for running","Compression Calf Sleeves/Tights (footless), any length",progressive
the walking sticks,"Crutches, pair",vague_turn1
provincial replacement plan coordination,Provincial Replacement Plan,natural_diverse
purchased a box of OneTouch Delica Plus lancets from Rexall,Lancet,brand_specific
my mother moved into Perley Rideau Veterans' Health Centre and we need to claim the supplementary costs,Nursing Home and Long Term Care,parent_or_dependent
I got those bars that attach to the side of the bed so you don't fall out,Bed Rails (purchase),confused_student
"dietitian counselling for IBS, learning what i can eat",Dietitian Services,natural_diverse
small piece that connects sensor to phone,Glucose Monitoring System Transmitter,partial_turn2
"the pharmacist gave me knee socks and said they're medium-firm, I think 25 mmhg?","Compression Stockings, knee length (20-29 mmhg)",confused_student
MSW social worker claim,Social Worker (Masters level),terse
underarm crutches pair,"Crutches, pair",terse
"manual insulin injector, the kind i have to push myself",Insulin Gun (manual),natural_diverse
diabetes monitor,Blood glucose meter,vague_turn1
Submitting for cephalometric radiograph and dental model impressions for orthodontic treatment planning,Other Orthodontic/Dental Services (i.e. orthodontic records),detailed_clinical
Filing for bilateral thigh-length graduated compression stockings rated 20-30 mmHg for post-surgical lymphedema management,"Compression Stockings, thigh/full (20-29 mmhg)",detailed_clinical
"not orthotics, they changed the shoe itself",Other foot care services (i.e. orthopedic shoe modification),partial_turn2
routine dental not accident,Dental Services,partial_turn2
hearing loss devices,Hearing Aids,vague_turn1
glucose supplies | the patches that stick on my arm,Glucose Monitoring System Supplies/Sensors,progressive
I specifically looked for a social worker with advanced training and found one with an MSW who specializes in trauma therapy,Social Worker (Masters level),storyteller
sleep study,Sleep Study,vague_turn1
bought a versa frame toilet safety frame for my elderly parent,Versa Frame (purchase),natural_diverse
"podiatry and chiropody are both foot treatments, my provider is a PODIATRIST specifically",Podiatry Treatment,complaint
not custom fitted,Standard foot orthotics or shoe inserts,partial_turn2
versa frame toilet safety,Versa Frame (purchase),natural_diverse
medic alert bracelet anaphylaxis,Medic Alert Bracelet,natural_diverse
"DNA SCREENING not a regular blood test, genetic analysis",Screening (for DNA/Genetic purposes),natural_diverse
prostate test,PSA Test (Prostate Specific Antigen),vague_turn1
"chiro visit for spinal adjustment, lower back and neck",Chiropractic,natural_diverse
top up claim,Provincial Replacement Plan,vague_turn1
peak expiratory flow meter for daily asthma tracking,Peak Flow Meter,natural_diverse
submitting for the cancer marker blood test test my gynecologist ordered,CA-125 (Cancer Antigen) Test,natural_diverse
Where do I submit a claim for a routine eye examination?,Eye Exam,question
small humidifier | bedroom | for my asthma management,Humidifier (Table Top),progressive
private ultrasound,Ultrasound,vague_turn1
Where do I file for appointments with a registered clinical counsellor?,Clinical Counsellor,question
the gel scan,Ultrasound,vague_turn1
purchased an Amoena Isadora mastectomy bra from Lady Grace,Mastectomy bra,brand_specific
"thigh high stockings the firm ones, claimng for my circulaiton problem","Compression Stockings, thigh/full (20-29 mmhg)",natural_diverse
vitamin D blood work,Vitamin D Test,vague_turn1
new glasses,Prescription Glasses,vague_turn1
TENS unit muscle stimulator,"Stimulator, muscle/nerve (TENS)",natural_diverse
"prescription stockings, custom fitted from the clinic on bank street","Compression Stockings, custom, any length",natural_diverse
breathing device | for my sleep apnea | the main unit,"CPAP, APAP, BIPAP Machine",progressive
medical ID bracelet with my allergy and condition information,Medic Alert Bracelet,natural_diverse
purchased a bulk box of BD alcohol swabs from Amazon for daily glucose testing,Alcohol swabs,brand_specific
"walking cast for my ankle fracture, the hard fiberglass boot","Cast, fiberglass",natural_diverse
allergist did the skin prick test on my forearm for multiple allergens,Scratch Test for Allergies,natural_diverse
"QUAD cane not regular cane, has four feet on the bottom",Quad Cane (purchase),natural_diverse
TENS accessories | consumable pads | need replacing monthly,"Stimulator, supplies",progressive
Claiming CSA Z94.3 certified prescription polycarbonate safety spectacles with side shields for occupational hazard protection,Safety Glasses,detailed_clinical
health specialist | doesn't fit the listed categories,Other health specialists,progressive
What category for an app-based cognitive behavioural therapy program?,Digital Cognitive Behavioural Therapy,question
"I bought the thing that sends electric pulses to my muscles, it has pads you stick on","Stimulator, muscle/nerve (TENS)",confused_student
"stockings | all the way up | firm, doctor said after my DVT","Compression Stockings, thigh/full (20-29 mmhg)",progressive
"regular dental, cleaning and checkup",Dental Services,partial_turn2
I have a leg length discrepancy so my pedorthist added a heel lift to my left shoe and adjusted the sole,Other foot care services (i.e. orthopedic shoe modification),storyteller
bedpan | used in bed | couldn't walk to bathroom during recovery,Bedpan,progressive
"LTC facility costs, my father is a permanent resident there",Nursing Home and Long Term Care,natural_diverse
submitting for medic alert subscription and bracelet for my son,Medic Alert Bracelet,natural_diverse
genetic DNA screening test,Screening (for DNA/Genetic purposes),natural_diverse
"ear protection custom for swimming, medical reason for ear condition",Other hearing services,natural_diverse
dental injury,Dental Accident,vague_turn1
"PSYCHOTHERAPIST not psychologist, different designation, RP on her card",Psychotherapist,natural_diverse
ambulance ride to hospital,Ambulance,partial_turn2
"my father had colon surgery and now needs ostomy supplies, claiming the monthly order",Ostomy,parent_or_dependent
medical supply,Other medical items,vague_turn1
"off the shelf, not custom",Standard foot orthotics or shoe inserts,partial_turn2
custom swim plugs | for my ear condition | medical reason,Other hearing services,progressive
"submitting for my husband's right knee custom brace, post surgery","Brace, right knee (Custom)",natural_diverse
Where do I claim a tuberculosis skin test?,TB Test/Mantoux,question
TENS machine purchase,"Stimulator, muscle/nerve (TENS)",terse
I selected 'Brace left knee Custom' but it's actually a generic one from the store,Brace (Non-custom),wrong_guess
corrective glasses not sunglasses,Prescription Glasses,partial_turn2
counselling | not a psych | she has her RCC designation,Clinical Counsellor,progressive
submitting for ambulance that took my mother to emergency,Ambulance,natural_diverse
diagnostic | specialist ordered | doesn't fit normal categories,Other laboratory and diagnostic tests,progressive
"extra firm knee compression, the strongest kind","Compression Stockings, knee length (30 mmhg & over)",natural_diverse
"I purchase the sock with small compression, only 10 mmhg, for standing at work long time","Compression Stockings, any length (up to 14 mmhg)",esl_speaker
"I went to someone who gave me little sugar pills and drops, called a homeopath",Homeopathic Treatment,confused_student
OT session,Occupational Therapy,vague_turn1
"shower transfer bench after my hip replacement, can i claim this",Bath Bench/Chair (purchase),natural_diverse
"submitting for my ileostomy supplies, goes through them quickly",Ostomy,natural_diverse
ordered a ResMed AirSense accessory kit with ClimateLineAir tubing and HypoAllergenic filters from CPAP.com,"CPAP, APAP, BIPAP Supplies",brand_specific
"the blood draw fee, just for drawing the blood before the actual tests",Blood Withdrawal Fee,natural_diverse
reads the data from my sensor,Glucose Monitoring System Receiver,partial_turn2
submitting for TB test my employer required,TB Test/Mantoux,natural_diverse
insulin device,Insulin Gun (automatic),vague_turn1
my grandfather is bedridden after his fall and we bought a bedside urinal for him,Urinal (purchase),parent_or_dependent
VITAMIN D TEST a specific blood test not general bloodwork,Vitamin D Test,natural_diverse
pills I take every day,Drug,partial_turn2
four footed cane,Quad Cane (purchase),vague_turn1
submitting for cold therapy wrap i bought for my knee,Cold Therapy - Re-usable Items (purchase),natural_diverse
toilet safety frame,Versa Frame (purchase),vague_turn1
custom earplugs,Ear Plugs (custom made),vague_turn1
audiometry hearing test,Audiometric Exam,terse
did an overnight sleep study for my suspected sleep apnea,Sleep Study,natural_diverse
cool mist vaporizer prescribed for my breathing issues,Vaporizer (table top),natural_diverse
submitting for rolling commode for my disabled parent,Wheeled Commode (purchase),natural_diverse
the flat pan not a commode,Bedpan,partial_turn2
emergency care paid out of pocket,Other emergency services,partial_turn2
portable for my bedridden husband,Urinal (purchase),partial_turn2
got a walking cane for my dad after his stroke,"Cane, standard",natural_diverse
DNA test,Screening (for DNA/Genetic purposes),vague_turn1
"SLEEP STUDY overnight test not a home apnea test, lab based",Sleep Study,natural_diverse
submitting for a heating pad i use daily for my back,Heat Therapy - Re-usable items (purchase),natural_diverse
RP designation,Psychotherapist,partial_turn2
"getting my eyes checked, just the regular exam not glasses",Eye Exam,natural_diverse
submitting for toilet safety rails versa frame,Versa Frame (purchase),natural_diverse
I've been dealing with severe leg swelling for years and now I need the strongest thigh-high compression at 40 mmhg just to keep it manageable,"Compression Stockings, thigh/full (30 mmhg & over)",storyteller
osteopathic treatment DO,Osteopath,natural_diverse
claiming counselling sessions for my teenager with a clinical counsellor,Clinical Counsellor,natural_diverse
scan | private imaging clinic | couldn't wait for public,MRI (Magnetic Resonance Imaging),progressive
"BED RAILS not grab bars, the safety bars that go on the mattress frame",Bed Rails (purchase),natural_diverse
the small device that clips onto the sensor,Glucose Monitoring System Transmitter,partial_turn2
special vision thing,Other vision services (i.e. safety glasses),vague_turn1
naturopathic doctor treating my digestive problems naturally,Naturopathic Treatment,natural_diverse
bed rails,Bed Rails (purchase),vague_turn1
the BP monitor I wore,Ambulatory Blood Pressure Test,vague_turn1
orthopaedic footwear prescribed,Orthopaedic or custom made shoes,partial_turn2
IV stand | for home use | during my infusion therapy,IV Stand (purchase),progressive
breast screening | mammogram | imaging clinic,Mammogram,progressive
"submitting for my dietitian visits, working on my eating habits",Dietitian Services,natural_diverse
"I have neck pain so I go to physiotherapy and she say buy special pillow for neck, cervical pillow",Cervical Pillow,esl_speaker
"audiometric testing, the pure tone test they did in the sound booth",Audiometric Exam,natural_diverse
I was in the hospital for a few days and there's a bill for stuff OHIP didn't cover,Hospital (within your province),confused_student
knee high 30+ mmhg stockings rx,"Compression Stockings, knee length (30 mmhg & over)",terse
"therapeutic heat wrap, reusable, for my neck and shoulder pain",Heat Therapy - Re-usable items (purchase),natural_diverse
the arm cuff crutches,Forearm Crutch (purchase),vague_turn1
glucose monitor part,Glucose Monitoring System Receiver,vague_turn1
audiologist hearing assessment,Audiologist Services,natural_diverse
the auto inject thing,Insulin Gun (automatic),vague_turn1
therapy session,Other mental health services,vague_turn1
commode on wheels can move it around,Wheeled Commode (purchase),partial_turn2
naturopath not homeopath,Naturopathic Treatment,partial_turn2
"TENS supplies | the sticky pads, not the machine","Stimulator, supplies",progressive
"four point cane for my balance issues, more stable than single point",Quad Cane (purchase),natural_diverse
"I break my arm and doctor put fiberglass cover on it, the hard thing for bone to heal","Cast, fiberglass",esl_speaker
off-shelf insoles claim,Standard foot orthotics or shoe inserts,terse
submitting a pre-authorization for my husband's upcoming MRI that needs prior approval,Estimate/Pre-Authorization,parent_or_dependent
blood draw | the collection fee | separate from the actual tests,Blood Withdrawal Fee,progressive
dietitian nutrition counselling RD,Dietitian Services,natural_diverse
bought a Drive Medical padded bath bench from Home Health Depot,Bath Bench/Chair (purchase),brand_specific
stockings that were specially made for me after the fitter took measurements,"Compression Stockings, custom, any length",natural_diverse
"these are the STRONGEST thigh ones, 30 and over mmhg, not the light kind","Compression Stockings, thigh/full (30 mmhg & over)",natural_diverse
Claiming a bilateral screening mammogram with computer-aided detection at a breast imaging centre,Mammogram,detailed_clinical
reusable insulin device,Insulin Pen Injector,vague_turn1
the alert bracelet,Medic Alert Bracelet,vague_turn1
"the receiver part of my continuous glucose monitor system, not the sensor just the reader",Glucose Monitoring System Receiver,natural_diverse
internet based cognitive behavioural therapy program subscription,Digital Cognitive Behavioural Therapy,natural_diverse
"PEAK FLOW METER not a spirometer, the simple home asthma monitoring device",Peak Flow Meter,natural_diverse
"I buy machine for test sugar in blood, you prick finger and it show number",Blood glucose meter,esl_speaker
got a TENS machine for my wife who has chronic neck pain from her desk job,"Stimulator, muscle/nerve (TENS)",parent_or_dependent
urinal bottle | for bed use | my dad can't get up easily,Urinal (purchase),progressive
"podiatrist injected my heel spur, medical treatment not just foot care",Podiatry Treatment,natural_diverse
Where do I submit speech therapy sessions?,Speech Therapy,question
Filing for a spring-activated automatic insulin injection device for subcutaneous insulin delivery,Insulin Gun (automatic),detailed_clinical
"I need long stocking up to thigh, the pressure is 15 to 19, for my circulation","Compression Stockings, thigh/full (15-19 mmhg)",esl_speaker
"RP therapist for family therapy, how to claim this",Psychotherapist,natural_diverse
bedside commode,Stationary Commode (purchase),vague_turn1
bathroom grab bars purchase,Grab Bar/Bath Bar - permanent fixtures (purchase),terse
the one that auto injects,Insulin Gun (automatic),partial_turn2
"got thigh length compresion stocking medium firmnes, for standing all day","Compression Stockings, thigh/full (15-19 mmhg)",natural_diverse
my doctor authorized medical marijuana for my condition,Medical Cannabis,natural_diverse
therapy for anxiety,Clinical Counsellor,vague_turn1
"I signed up for an online therapy program on my phone, it's CBT but not with a real person in a room",Digital Cognitive Behavioural Therapy,confused_student
mental health thing | art therapy | not the standard types,Other mental health services,progressive
installed grab bars in the bathroom for my elderly mother's safety,Grab Bar/Bath Bar - permanent fixtures (purchase),parent_or_dependent
prescription from my doctor,Drug,partial_turn2
doesn't fit the normal categories,Other mental health services,partial_turn2
"I saw a naturopath, they're like a holistic doctor who uses natural remedies",Naturopathic Treatment,confused_student
arm compression sleeve after my mastectomy and lymph node removal,Other garment brace services (i.e. compression gloves),natural_diverse
I've been sneezing nonstop so my allergist ordered blood work to figure out what I'm reacting to,Blood test for Allergies (IG test not eligible),storyteller
machine for my sleep apnea,"CPAP, APAP, BIPAP Machine",vague_turn1
specialized medical supply,Other medical items,partial_turn2
the breathing device,"CPAP, APAP, BIPAP Machine",vague_turn1
I had a breast x-ray screening done at the clinic,Mammogram,confused_student
diagnostic dental records,Other Orthodontic/Dental Services (i.e. orthodontic records),partial_turn2
claiming my mother's CA-125 cancer marker blood test from the oncology lab,CA-125 (Cancer Antigen) Test,parent_or_dependent
Which category for the receiver that displays readings from my continuous glucose sensor?,Glucose Monitoring System Receiver,question
"I bought a portable toilet chair that sits by the bed, it doesn't have wheels",Stationary Commode (purchase),confused_student
podiatry visit | medical treatment | for my heel spur,Podiatry Treatment,progressive
"continuous glucose monitor patches, stick on my stomach to monitor sugar",Glucose Monitoring System Supplies/Sensors,natural_diverse
x-ray | paid privately | no wait at private clinic,X-Ray,progressive
portable urinal for my father who can't get out of bed easily,Urinal (purchase),natural_diverse
shower chair | seat for the tub | after my surgery,Bath Bench/Chair (purchase),progressive
medical bra after breast cancer,Mastectomy bra,partial_turn2
cancer blood test | the CA-125 | for my ovarian cyst monitoring,CA-125 (Cancer Antigen) Test,progressive
"monthly disposables, prescription",Prescription Contacts,partial_turn2
dental records set for orthodontic treatment planning,Other Orthodontic/Dental Services (i.e. orthodontic records),natural_diverse
humidifier,Humidifier (Table Top),vague_turn1
"general DENTAL not accident or orthodontics, regular dentist visit",Dental Services,natural_diverse
blood collection charge,Blood Withdrawal Fee,vague_turn1
I got this special foot and ankle brace thing that was made just for me at the orthotics place,"Brace, AFO/KAFO (Custom)",confused_student
portable toilet,Stationary Commode (purchase),vague_turn1
I was diagnosed with pre-diabetes so my doctor referred me to a dietitian who created a meal plan for me,Dietitian Services,storyteller
"GRAB BARS not a bath chair, the permanent bars mounted to the wall",Grab Bar/Bath Bar - permanent fixtures (purchase),natural_diverse
dental cleaning filling checkup,Dental Services,natural_diverse
spacer for my asthma inhaler,Aerochamber,partial_turn2
lancets,Lancet,vague_turn1
"I go to a therapist and their license says registered psychotherapist, how is that different from psychologist?",Psychotherapist,confused_student
I need to get pre-approval from GreenShield before my procedure so my provider submitted an estimate,Estimate/Pre-Authorization,storyteller
"my grandma is in a facility full-time now, how do I claim the care costs?",Nursing Home and Long Term Care,confused_student
OT for daily living skills,Occupational Therapy,partial_turn2
I found this great social worker through my EAP and after checking her credentials I saw she has a BSW from Carleton,Social Worker (Bachelors),storyteller
custom leg support | ankle to knee | orthotist fabricated it,"Brace, AFO/KAFO (Custom)",progressive
"already submitted twice under the wrong stocking category, these are THIGH length OVER 30 mmhg, please just process my claim","Compression Stockings, thigh/full (30 mmhg & over)",complaint
home care | PSW comes | helps my mom with daily tasks,In Home Support Services,progressive
"glucose monitor transmitter only, sensor and receiver working fine",Glucose Monitoring System Transmitter,natural_diverse
"I filed under the wrong pressure level last time, these are definitely 20-29 mmhg knee length, had to redo the whole claim","Compression Stockings, knee length (20-29 mmhg)",complaint
purchased a Drive Medical Deluxe folding walker from Medichair,Walker - non wheeled (purchase),brand_specific
glucose monitor | the piece that sends data | not the sensor or screen,Glucose Monitoring System Transmitter,progressive
CBT | online platform | therapist monitored digital program,Digital Cognitive Behavioural Therapy,progressive
vitamin D blood work | specific test | not general bloodwork,Vitamin D Test,progressive
Where do I claim genetic screening for hereditary conditions?,Screening (for DNA/Genetic purposes),question
thigh high 30+ mmhg stockings,"Compression Stockings, thigh/full (30 mmhg & over)",terse
long compression socks,"Compression Stockings, thigh/full (15-19 mmhg)",vague_turn1
CPAP tubing filters,"CPAP, APAP, BIPAP Supplies",terse
"full length, the strongest kind","Compression Stockings, thigh/full (30 mmhg & over)",partial_turn2
annual mammogram for breast cancer screening,Mammogram,natural_diverse
"pre-authorization for upcoming dental, estimate form from dentist",Dental Estimate for Services,natural_diverse
right knee custom brace measured,"Brace, right knee (Custom)",natural_diverse
eye test | not a regular exam | special scan for my condition,Diagnostic Vision Test,progressive
"my wife sees an osteopath for her chronic neck pain, claiming the appointments",Osteopath,parent_or_dependent
"PRE-AUTHORIZATION not actual cost, just the approval before treatment",Estimate/Pre-Authorization,natural_diverse
I had some kind of emergency medical thing happen but it wasn't an ambulance,Other emergency services,confused_student
nutrition counselling | dietitian | for my celiac disease diet,Dietitian Services,progressive
"submitting for social work therapy, she has her masters-level social worker",Social Worker (Masters level),natural_diverse
"got a new insulin pen, the reusable type that takes cartridges",Insulin Pen Injector,natural_diverse
the display unit for my CGM,Glucose Monitoring System Receiver,partial_turn2
the brace from the drugstore,Brace (Non-custom),vague_turn1
"stockings | thigh high | medium pressure, for standing all day","Compression Stockings, thigh/full (15-19 mmhg)",progressive
I'm over 50 and my GP recommended yearly PSA screening so I got the blood test done,PSA Test (Prostate Specific Antigen),storyteller
"submitting for my daughter's contact lens prescription, daily wear",Prescription Contacts,natural_diverse
urgent care not hospital ER,Other emergency services,partial_turn2
the bottle for the bed,Urinal (purchase),vague_turn1
audiologist made custom ear plugs from impressions for my musician work,Ear Plugs (custom made),natural_diverse
registered physiotherapist,Physiotherapy,partial_turn2
private x-ray,X-Ray,vague_turn1
had a chiropody session at FeetFirst Foot Care Clinic in Ottawa,Chiropody (Foot Care) Treatment,brand_specific
all the wires attached sleeping test,Sleep Study,partial_turn2
athletic therapy for return to sport after my ACL reconstruction,Athletic Therapy,natural_diverse
dental estimate | before they do the work | need pre-approval,Dental Estimate for Services,progressive
I picked 'Psychotherapist' but my provider is a registered psychologist with a doctorate,Psychologist,wrong_guess
need a special bra after my mastectomy surgery,Mastectomy bra,natural_diverse
purchased a OneTouch Verio Reflect glucose meter from Rexall,Blood glucose meter,brand_specific
"art therapy, expressive",Other mental health services,partial_turn2
custom molded ear plugs hearing protection,Ear Plugs (custom made),natural_diverse
arch support,Standard foot orthotics or shoe inserts,vague_turn1
tinnitus management program,Other hearing services,partial_turn2
occupational therapy,Occupational Therapy,vague_turn1
hearing aids purchase audiologist,Hearing Aids,natural_diverse
"in home support | personal care | not nursing, just help",In Home Support Services,progressive
"claiming a vitamin D test for my spouse, her doctor suspected a deficiency",Vitamin D Test,parent_or_dependent
claiming replacement electrodes for my husband's nerve stimulator,"Stimulator, supplies",natural_diverse
"installed tub grab bar, permanent fixture not removable type",Grab Bar/Bath Bar - permanent fixtures (purchase),natural_diverse
"AT did my ankle rehab after the sprain, registered athletic therapist",Athletic Therapy,natural_diverse
purchased a SmartCrutch forearm crutch from Motion Specialties,Forearm Crutch (purchase),brand_specific
back cracking and adjustment,Chiropractic,partial_turn2
home BP monitor cuff,Blood pressure monitor,terse
orthotics | custom made from a cast of my feet,Custom made foot orthotics,progressive
"My old CGM transmitter died after three months so I need a new one, it's the part that snaps into the sensor and sends readings to my phone",Glucose Monitoring System Transmitter,storyteller
athletic therapy rehab sessions,Athletic Therapy,natural_diverse
"I need a new face thing for my breathing machine, just the part that goes on my face","CPAP, APAP, BIPAP Mask",confused_student
"full length, medium firmness","Compression Stockings, thigh/full (15-19 mmhg)",partial_turn2
blood pressure cuff,Blood pressure monitor,vague_turn1
"DIGITAL CBT program not in person therapy, online app based treatment",Digital Cognitive Behavioural Therapy,natural_diverse
"pharmacy dispensed my prescription, do i claim under drug",Drug,natural_diverse
knee socks,"Compression Stockings, knee length (20-29 mmhg)",vague_turn1
"stockings from the clinic | custom fitted, not the pharmacy kind","Compression Stockings, custom, any length",progressive
What category for a lightweight transport wheelchair that folds for travel?,Transport Wheelchair,question
IV pole,IV Stand (purchase),vague_turn1
"manual, I push it myself",Insulin Gun (manual),partial_turn2
prescribed wig after cancer,Wig,partial_turn2
"LEFT knee brace, custom made not off shelf, fitted by orthotist","Brace, left knee (Custom)",natural_diverse
purchased a Hugo Elite rollator walker from Costco,Walker - with wheels (purchase),brand_specific
"insulin pump | wear it all day, continuous delivery",Insulin infusion pump,progressive
"had an ultrasound at a private clinic, paid out of pocket",Ultrasound,natural_diverse
diapers | incontinence pads | monthly supplies,Incontinence Supplies,progressive
"I got the regular crutches that go under your armpits, a pair of them","Crutches, pair",confused_student
bought a medical device or supply that doesn't fit the listed categories,Other medical items,natural_diverse
What category for ear plugs that were custom-made from an ear impression?,Ear Plugs (custom made),question
the freezer gel pack,Cold Therapy - Re-usable Items (purchase),vague_turn1
gynecologist ordered blood test,CA-125 (Cancer Antigen) Test,partial_turn2
"diagnostic procedure not listed, ordered by my endocrinologist",Other laboratory and diagnostic tests,natural_diverse
custom made from a mold of my feet,Custom made foot orthotics,partial_turn2
"there are three different knee-length options by pressure, mine are 15-19 mmhg, I almost picked the wrong one last time","Compression Stockings, knee length (15-19 mmhg)",complaint
ostomy supplies bags,Ostomy,terse
diabetic lancet device and lancet needles for blood sugar testing,Lancet,natural_diverse
goes from my foot up to my knee,"Brace, AFO/KAFO (Custom)",partial_turn2
"there's knee and thigh options with different pressures, mine are thigh-high 20-29, this system needs better labels","Compression Stockings, thigh/full (20-29 mmhg)",complaint
vision therapy sessions claim,Other vision services (i.e. safety glasses),terse
blood pressure machine,Blood pressure monitor,vague_turn1
Where do I submit a claim for a medical alert identification bracelet?,Medic Alert Bracelet,question
Where do I file the ambulance transport bill?,Ambulance,question
spine treatment,Chiropractic,vague_turn1
prep pads,Alcohol swabs,vague_turn1
psychotherapy sessions,Psychotherapist,vague_turn1
"these aren't regular stockings, they were literally custom made at a clinic, why is this so hard to find in the dropdown","Compression Stockings, custom, any length",complaint
"they stop at the ankle, no foot part","Compression Calf Sleeves/Tights (footless), any length",partial_turn2
had custom Sensaphonics ear plugs made at my audiologist's office for noise protection,Ear Plugs (custom made),brand_specific
medical device for my condition,Other medical items,partial_turn2
custom earplugs for swimming,Other hearing services,partial_turn2
helping my mother claim her heavy-duty thigh-high 30+ mmhg stockings for her chronic lymphedema,"Compression Stockings, thigh/full (30 mmhg & over)",parent_or_dependent
flat pan for the bed,Bedpan,vague_turn1
"I got a test to check my DNA for hereditary diseases, like BRCA genes",Screening (for DNA/Genetic purposes),confused_student
"claiming knee length stockings for my husband, the firm kind","Compression Stockings, knee length (20-29 mmhg)",natural_diverse
"it's the injection device where you push it in yourself by hand, no automatic spring",Insulin Gun (manual),confused_student
"acupuncture for fertility, is this covered under the plan",Acupuncture,natural_diverse
"up to the hip area, medium support","Compression Stockings, thigh/full (15-19 mmhg)",partial_turn2
got a humidifier for my bedroom for my respiratory condition,Humidifier (Table Top),natural_diverse
"MAMMOGRAM screening, breast imaging for cancer detection",Mammogram,natural_diverse
manual therapy,Osteopath,vague_turn1
"the METER not the strips, the actual machine to test blood sugar",Blood glucose meter,natural_diverse
the light leg socks,"Compression Stockings, any length (up to 14 mmhg)",vague_turn1
replacement parts for my cpap,"CPAP, APAP, BIPAP Supplies",vague_turn1
hospital stay admission provincial,Hospital (within your province),natural_diverse
Which category for a spacer device I use with my asthma inhaler?,Aerochamber,question
bought a wheeled rollator walker for my grandfather to use for his daily walks,Walker - with wheels (purchase),parent_or_dependent
standard cane not quad,"Cane, standard",partial_turn2
vision therapy sessions at the Ottawa Vision Therapy Centre,Other vision services (i.e. safety glasses),brand_specific
registered dietitian for my kid's feeding issues and growth concerns,Dietitian Services,natural_diverse
claiming my spouse's therapy sessions with a master's level social worker for grief counselling,Social Worker (Masters level),parent_or_dependent
aerochamber inhaler spacer device,Aerochamber,natural_diverse
the tiny needles for pricking my finger,Lancet,partial_turn2
regular kind from shoppers,Brace (Non-custom),partial_turn2
"omron blood pressure cuff for home, doctor wants me tracking daily",Blood pressure monitor,natural_diverse
hospital stay | few days | within my province,Hospital (within your province),progressive
"left knee, custom fitted","Brace, left knee (Custom)",partial_turn2
"got a CPAP from the respiratory clinic, can i claim the whole machine","CPAP, APAP, BIPAP Machine",natural_diverse
"got the knee ones, doctor said i need firm compression for the clot","Compression Stockings, knee length (20-29 mmhg)",natural_diverse
digital CBT app subscription,Digital Cognitive Behavioural Therapy,terse
buying a bedpan for my bedridden father,Bedpan,natural_diverse
occupational therapy OT sessions,Occupational Therapy,natural_diverse
have the regular manual insulin pen not the fancy auto kind,Insulin Gun (manual),natural_diverse
really firm leg socks,"Compression Stockings, knee length (30 mmhg & over)",vague_turn1
"got new glasses at clearly, prescription updated, frames and lenses",Prescription Glasses,natural_diverse
It had been two years since my last eye check so I booked a routine exam at the optometrist to update my prescription,Eye Exam,storyteller
bedpan purchase,Bedpan,terse
knee brace | right knee | custom made after my ACL surgery,"Brace, right knee (Custom)",progressive
commode with wheels,Wheeled Commode (purchase),vague_turn1
"submitting for my father's hearing aids, both ears",Hearing Aids,natural_diverse
What's the right category for prescription safety eyewear for work?,Safety Glasses,question
they scanned my retina,Diagnostic Vision Test,partial_turn2
genetic testing for cancer risk,Screening (for DNA/Genetic purposes),partial_turn2
submitting for IV pole we had to buy for home care,IV Stand (purchase),natural_diverse
blood draw fee,Blood Withdrawal Fee,vague_turn1
bought them at the pharmacy,Standard foot orthotics or shoe inserts,partial_turn2
lenses | not glasses | the ones I put in my eyes,Prescription Contacts,progressive
"got my dad a walker from medical supply store, the kind without wheels",Walker - non wheeled (purchase),natural_diverse
What category do I pick for treatment from a certified athletic therapist?,Athletic Therapy,question
"pump supplies running out, infusion sets and reservoirs every month",Insulin infusion pump supplies,natural_diverse
Claiming bilateral below-knee medical-grade compression hosiery rated 30-40 mmHg for chronic venous insufficiency stage C4,"Compression Stockings, knee length (30 mmhg & over)",detailed_clinical
left knee custom brace arthritis,"Brace, left knee (Custom)",natural_diverse
glucose thing | the handheld machine | bought at shoppers,Blood glucose meter,progressive
urinal bottle for bed use,Urinal (purchase),partial_turn2
emergency transport,Ambulance,vague_turn1
psychologist sessions mental health,Psychologist,natural_diverse
paid for xray privately,X-Ray,partial_turn2
podiatrist not chiropodist,Podiatry Treatment,partial_turn2
thigh high 15-19 mmhg stockings,"Compression Stockings, thigh/full (15-19 mmhg)",terse
Claiming a 90-day supply of disposable subcutaneous glucose oxidase-based sensors for continuous interstitial glucose monitoring,Glucose Monitoring System Supplies/Sensors,detailed_clinical
hearing check,Audiometric Exam,vague_turn1
"FOREARM crutches not the regular underarm ones, the cuff goes on arm",Forearm Crutch (purchase),natural_diverse
safety rails that attach to the side of the bed,Bed Rails (purchase),natural_diverse
the compression garment,Other garment brace services (i.e. compression gloves),vague_turn1
gentle support stockings,"Compression Stockings, any length (up to 14 mmhg)",vague_turn1
dial at the end insulin pen,Insulin Pen Injector,partial_turn2
"DIAGNOSTIC test not a regular exam, checking for eye disease",Diagnostic Vision Test,natural_diverse
foot insoles from the store,Standard foot orthotics or shoe inserts,vague_turn1
How do I submit a dental treatment estimate for pre-authorization?,Dental Estimate for Services,question
I got some kind of vision treatment that's not an exam or glasses or contacts,Other vision services (i.e. safety glasses),confused_student
daily wear contacts,Prescription Contacts,partial_turn2
"support socks | really gentle, barely feel them","Compression Stockings, any length (up to 14 mmhg)",progressive
"I go to lab for blood test, doctor want check vitamin D in my body",Vitamin D Test,esl_speaker
insulin injector | manual type | not the spring loaded one,Insulin Gun (manual),progressive
aerochamber device,Aerochamber,vague_turn1
the little alcohol wipes,Alcohol swabs,partial_turn2
I tried traditional talk therapy but it wasn't working so I started seeing a drama therapist and it's been really helpful for my PTSD,Other mental health services,storyteller
community counsellor not a registered psych,Other mental health services,partial_turn2
"shoe modification to accommodate my brace, where does this go",Other foot care services (i.e. orthopedic shoe modification),natural_diverse
After my hip replacement the surgeon told me to wear full-leg compression stockings at 25 mmhg for six weeks,"Compression Stockings, thigh/full (20-29 mmhg)",storyteller
sleep study | overnight at clinic | wires attached | for my apnea,Sleep Study,progressive
I switched from multiple daily injections to an insulin pump that sticks to my stomach and delivers insulin all day based on my settings,Insulin infusion pump,storyteller
"I picked 'CPAP Mask' but it's actually tubing and filters, not a mask","CPAP, APAP, BIPAP Supplies",wrong_guess
"TENS machine for my back pain, the one with the electrode pads","Stimulator, muscle/nerve (TENS)",natural_diverse
"I not understand, this claim go through provincial plan? I am confused about which one",Provincial Replacement Plan,esl_speaker
in-patient hospital admission for my procedure,Hospital (within your province),natural_diverse
had a TB test done for my new job requirement,TB Test/Mantoux,natural_diverse
bought a blood glucose meter for my diabetic father to use at home,Blood glucose meter,parent_or_dependent
"I buy the machine for breathing when sleep, doctor say I have sleep apnea, machine push air","CPAP, APAP, BIPAP Machine",esl_speaker
the audiologist took a mold of my ear canals and made plugs that fit perfectly,Ear Plugs (custom made),confused_student
"new prescription, updated frames",Prescription Glasses,partial_turn2
bought a vaporizer for my child's respiratory condition,Vaporizer (table top),natural_diverse
safety frame that goes around the toilet to help getting up,Versa Frame (purchase),natural_diverse
submitting for vitamin D deficiency test,Vitamin D Test,natural_diverse
"prep wipes, alcohol swabs for my daily insulin injections",Alcohol swabs,natural_diverse
the drip pole,IV Stand (purchase),vague_turn1
claiming special shoes made for my husband's foot after amputation,Orthopaedic or custom made shoes,natural_diverse
single point cane,"Cane, standard",partial_turn2
folding chair | not self propelled | for taking to appointments,Transport Wheelchair,progressive
my daughter's co-op placement requires prescription safety glasses for the lab,Safety Glasses,parent_or_dependent
"STANDARD cane not a quad cane, just the single point walking stick","Cane, standard",natural_diverse
"bought a shower chair for my mom, the plastic seat for the bath",Bath Bench/Chair (purchase),natural_diverse
injector | spring loaded | automatically does the injection,Insulin Gun (automatic),progressive
Filing for clinical counselling sessions with a Registered Social Worker credentialed with a Master of Social Work degree,Social Worker (Masters level),detailed_clinical
"need pre-approval before my surgery, submitting the estimate",Estimate/Pre-Authorization,natural_diverse
"PRESCRIPTION glasses not sunglasses, for correcting my vision",Prescription Glasses,natural_diverse
specific vitamin D blood check,Vitamin D Test,partial_turn2
I bought something that makes the toilet higher so it's easier to sit down and stand up,Raised Toilet seat (purchase),confused_student
rheumatologist visit,Other health specialists,partial_turn2
physio recommended a non-wheeled walker after my knee replacement,Walker - non wheeled (purchase),natural_diverse
orthodontic records,Other Orthodontic/Dental Services (i.e. orthodontic records),vague_turn1
blood test for my prostate,PSA Test (Prostate Specific Antigen),partial_turn2
shoe alteration | orthopedic modification | physio prescribed it,Other foot care services (i.e. orthopedic shoe modification),progressive
AT session,Athletic Therapy,vague_turn1
stoma supplies | pouching system | wafers and bags,Ostomy,progressive
steam machine,Vaporizer (table top),vague_turn1
wheeled commode | rolls around | can move to my dad's bedside,Wheeled Commode (purchase),progressive
psychology session,Psychologist,vague_turn1
"COMPRESSION GARMENT not stockings, gloves or arm sleeve type",Other garment brace services (i.e. compression gloves),natural_diverse
"MRI scan, magnetic imaging, paid out of pocket at private clinic",MRI (Magnetic Resonance Imaging),natural_diverse
ordered Coloplast SenSura Mio ostomy bags from Byram Healthcare,Ostomy,brand_specific
"legs been swelling all day, physio said get those open toe compression things","Compression Calf Sleeves/Tights (footless), any length",natural_diverse
occupational therapist home visit to assess my safety,Occupational Therapy,natural_diverse
registered naturopathic doctor treating my adrenal fatigue,Naturopathic Treatment,natural_diverse
diabetes monitor | the device | not the test strips,Blood glucose meter,progressive
"submitting for workplace required safety eyewear, has my prescription in it",Safety Glasses,natural_diverse
forearm elbow crutch,Forearm Crutch (purchase),terse
"DENTAL ACCIDENT claim not regular dental, my tooth was injured",Dental Accident,natural_diverse
speech language pathologist,Speech Therapy,partial_turn2
"registered psychologist for trauma therapy, 50 min sessions",Psychologist,natural_diverse
the part that goes on my face,"CPAP, APAP, BIPAP Mask",vague_turn1
picked up a pair of Guardian aluminum underarm crutches from Shoppers Home Health Care,"Crutches, pair",brand_specific
rolling commode chair for my mother with limited mobility,Wheeled Commode (purchase),natural_diverse
homeopathic treatment,Homeopathic Treatment,vague_turn1
"I have treatment for eye that is not exam and not glass, it is exercise for eyes to work together",Other vision services (i.e. safety glasses),esl_speaker
"goes up to my thigh, firm","Compression Stockings, thigh/full (20-29 mmhg)",partial_turn2
I started seeing a registered psychotherapist who does EMDR for my PTSD from a car accident,Psychotherapist,storyteller
ovarian marker test,CA-125 (Cancer Antigen) Test,vague_turn1
"PRESCRIPTION DRUG not over the counter, needs a script",Drug,natural_diverse
the spacer thing,Aerochamber,vague_turn1
Where do I claim compression garments that aren't stockings like compression gloves or arm sleeves?,Other garment brace services (i.e. compression gloves),question
osteopath,Osteopath,vague_turn1
x-ray imaging fracture,X-Ray,terse
need an IV stand at home for my infusion treatments,IV Stand (purchase),natural_diverse
continuous monitor | the receiver unit | lost it need a new one,Glucose Monitoring System Receiver,progressive
thigh compression 30+ mmhg extra strong,"Compression Stockings, thigh/full (30 mmhg & over)",natural_diverse
"I need special glasses for my lab that protect my eyes, they have my prescription in them too",Safety Glasses,confused_student
I saw a therapist who helps me do everyday tasks again after my wrist surgery,Occupational Therapy,confused_student
"custom fitted left knee brace, measured at the orthotics clinic","Brace, left knee (Custom)",natural_diverse
I broke my foot playing soccer and the ER gave me a pair of standard crutches that go under my arms,"Crutches, pair",storyteller
it's the tube thing you put between your mouth and the puffer so you breathe in the medicine better,Aerochamber,confused_student
ordered a 20-pack of TENS 7000 compatible electrode pads from Amazon,"Stimulator, supplies",brand_specific
"bought a knee brace at shoppers, off the shelf not fitted",Brace (Non-custom),natural_diverse
osteopath treatment session,Osteopath,terse
dentist | regular cleaning and checkup,Dental Services,progressive
after my mastectomy surgery,Mastectomy bra,partial_turn2
"the SUPPLIES for the pump, infusion sets and reservoirs, not the pump itself",Insulin infusion pump supplies,natural_diverse
"I buy bottle for use toilet in bed, because I cannot walk after surgery",Urinal (purchase),esl_speaker
attending group therapy not covered under the regular categories,Other mental health services,natural_diverse
"Claiming a standard aluminum folding pickup walker with non-skid rubber ferrules, non-wheeled",Walker - non wheeled (purchase),detailed_clinical
safety specs with prescription lenses for my lab work,Safety Glasses,natural_diverse
I bought a special bra that holds a prosthetic breast after my surgery,Mastectomy bra,confused_student
"seeing a clinical counsellor for my anxiety, different from psychologist",Clinical Counsellor,natural_diverse
"knee brace | left knee, custom fitted by specialist","Brace, left knee (Custom)",progressive
the stimulator device not the pads,"Stimulator, muscle/nerve (TENS)",partial_turn2
"prescription from my doctor, picked it up at shoppers",Drug,natural_diverse
"foot and ankle brace, custom fitted","Brace, AFO/KAFO (Custom)",partial_turn2
other lab diagnostic tests,Other laboratory and diagnostic tests,natural_diverse
diagnostic ultrasound scan,Ultrasound,terse
I see a social worker for therapy and I'm pretty sure she only has a four-year degree,Social Worker (Bachelors),confused_student
mental health services through my workplace EAP that i paid for first,Other mental health services,natural_diverse
online CBT program not in person,Digital Cognitive Behavioural Therapy,partial_turn2
"I buy rail for bed side, to stop falling when sleep, for safety",Bed Rails (purchase),esl_speaker
orthodontist treating my daughter,Orthodontic Services (Braces - initial and monthly fee),partial_turn2
physio recommended knee high support stockings around medium compression,"Compression Stockings, knee length (15-19 mmhg)",natural_diverse
"the doctor send me to special place, they measure my leg and make stocking only for me, not from store","Compression Stockings, custom, any length",esl_speaker
I got a plastic seat for the bathtub so I can shower without standing,Bath Bench/Chair (purchase),confused_student
muscle stimulator | the main device | for chronic pain management,"Stimulator, muscle/nerve (TENS)",progressive
"PHYSIOTHERAPY not massage, the rehab exercises and manual therapy",Physiotherapy,natural_diverse
"cobbler modified my shoes on prescription from the physio, leg length thing",Other foot care services (i.e. orthopedic shoe modification),natural_diverse
blood sugar needles,Lancet,vague_turn1
cervical neck pillow rx,Cervical Pillow,terse
got compression arm sleeve after my lymph node surgery,Other garment brace services (i.e. compression gloves),natural_diverse
mastectomy bra,Mastectomy bra,vague_turn1
the strong compression socks,"Compression Stockings, knee length (30 mmhg & over)",vague_turn1
registered dietitian not nutritionist,Dietitian Services,partial_turn2
seeing an occupational therapist after my stroke for daily living skills,Occupational Therapy,natural_diverse
registered OT,Occupational Therapy,partial_turn2
doctor recommended cervical pillow for my neck pain and disc problem,Cervical Pillow,natural_diverse
nursing home | monthly fees | my mother lives there permanently,Nursing Home and Long Term Care,progressive
"these are SAFETY glasses for work, not regular prescription glasses, they're CSA approved with side shields",Safety Glasses,complaint
portable commode chair for bedside use,Stationary Commode (purchase),natural_diverse
"lymph fluid buildup therapist prescribed thigh the really tight ones, hard to put on, very tight and expensive","Compression Stockings, thigh/full (30 mmhg & over)",natural_diverse
ear cleaning and wax removal at the hearing clinic,Other hearing services,natural_diverse
"the face interface, worn out","CPAP, APAP, BIPAP Mask",partial_turn2
versa frame | safety frame around toilet | for my mom's mobility,Versa Frame (purchase),progressive
chiropractor not massage,Chiropractic,partial_turn2
reusable ice pack gel,Cold Therapy - Re-usable Items (purchase),terse
Where do I claim in-home support services I received during recovery?,In Home Support Services,question
glucose thing | the reader part | shows numbers from my sensor,Glucose Monitoring System Receiver,progressive
"I selected 'Glucose Monitoring System Transmitter' but these are the adhesive sensors, not the transmitter",Glucose Monitoring System Supplies/Sensors,wrong_guess
"vascular surgeon told me get firm knee compression, can i claim","Compression Stockings, knee length (20-29 mmhg)",natural_diverse
physio visits for my lower back disc problem,Physiotherapy,natural_diverse
custom knee support,"Brace, left knee (Custom)",vague_turn1
allergy testing blood,Blood test for Allergies (IG test not eligible),vague_turn1
arm sleeve for lymphedema,Other garment brace services (i.e. compression gloves),partial_turn2
alcohol swabs i use to clean before my insulin injections,Alcohol swabs,natural_diverse
nail trimming and foot care,Chiropody (Foot Care) Treatment,partial_turn2
the PUMP that delivers insulin all day not the pens or guns,Insulin infusion pump,natural_diverse
electric pump,Breast Pump (purchase),vague_turn1
custom right knee brace rx,"Brace, right knee (Custom)",terse
podiatry treatment foot doctor,Podiatry Treatment,natural_diverse
the transmitter,Glucose Monitoring System Transmitter,vague_turn1
"home support services, PSW comes three times a week",In Home Support Services,natural_diverse
orthotics,Custom made foot orthotics,vague_turn1
warm steam vaporizer for my asthma management at night,Vaporizer (table top),natural_diverse
the prostate blood test prostate test blood,PSA Test (Prostate Specific Antigen),natural_diverse
allergy skin scratch prick test,Scratch Test for Allergies,natural_diverse
"vision therapy sessions, not glasses",Other vision services (i.e. safety glasses),partial_turn2
I had a blood clot in my calf last year and my doctor prescribed firm knee-high stockings at 25 mmhg to prevent it from happening again,"Compression Stockings, knee length (20-29 mmhg)",storyteller
I submitted under 'Standard foot orthotics or shoe inserts' but mine were custom-made from a foot impression,Custom made foot orthotics,wrong_guess
thigh stockings,"Compression Stockings, thigh/full (15-19 mmhg)",vague_turn1
generic wrist brace non custom,Brace (Non-custom),natural_diverse
wig after chemo hair loss,Wig,partial_turn2
seeing a social worker,Social Worker (Masters level),vague_turn1
"walker | no wheels, just the basic frame",Walker - non wheeled (purchase),progressive
submitting for my husband's new prescription glasses,Prescription Glasses,natural_diverse
injection thing | not automatic | I trigger the needle,Insulin Gun (manual),progressive
"filters and tubing, not the machine or mask","CPAP, APAP, BIPAP Supplies",partial_turn2
"cast from my feet, expensive",Custom made foot orthotics,partial_turn2
massage | registered massage therapist,Massage,progressive
colon screening | colonoscopy | found a polyp,Colonoscopy,progressive
custom knee support | left side | for my arthritis,"Brace, left knee (Custom)",progressive
registered OT for cognitive rehabilitation after my brain injury,Occupational Therapy,natural_diverse
purchased a Honeywell HCM-350 Cool Mist humidifier from Amazon,Humidifier (Table Top),brand_specific
submitting for a standard cane for my mother's balance issues,"Cane, standard",natural_diverse
the piece that covers my nose,"CPAP, APAP, BIPAP Mask",partial_turn2
foot specialist,Podiatry Treatment,vague_turn1
cold pack,Cold Therapy - Re-usable Items (purchase),vague_turn1
allergy scratch test on my arm,Scratch Test for Allergies,partial_turn2
Where do I file a claim for an x-ray?,X-Ray,question
internet therapy program,Digital Cognitive Behavioural Therapy,partial_turn2
"I submitted under 'Blood glucose meter' but it's actually the CGM receiver screen, not a finger prick meter",Glucose Monitoring System Receiver,wrong_guess
monthly contacts,Prescription Contacts,vague_turn1
my mother's knee stockings are the strong ones over 30 pressure,"Compression Stockings, knee length (30 mmhg & over)",natural_diverse
versa frame,Versa Frame (purchase),vague_turn1
submitting for orthodontic diagnostic records before braces start,Other Orthodontic/Dental Services (i.e. orthodontic records),natural_diverse
"full leg compression the firm ones thigh length, is this same category as knee ones","Compression Stockings, thigh/full (20-29 mmhg)",natural_diverse
sports injury specialist,Athletic Therapy,partial_turn2
alcohol swabs,Alcohol swabs,vague_turn1
regular underarm crutches,"Crutches, pair",partial_turn2
digital platform for cognitive behavioural therapy,Digital Cognitive Behavioural Therapy,partial_turn2
medical foot treatment not just nail care,Podiatry Treatment,partial_turn2
"aerochamber mask device for my young son's puffer, pediatric size",Aerochamber,natural_diverse
"thigh lenght compression, medium level, up to hip basically, how to claim","Compression Stockings, thigh/full (15-19 mmhg)",natural_diverse
sleep apnea | the face piece | seal is worn out needs replacing,"CPAP, APAP, BIPAP Mask",progressive
"not a psychologist, a counsellor",Clinical Counsellor,partial_turn2
"the mask, not the machine","CPAP, APAP, BIPAP Mask",partial_turn2
Which category for therapy with a registered psychologist?,Psychologist,question
"submitting for my wife's thigh high stockings, the medium pressure ones","Compression Stockings, thigh/full (15-19 mmhg)",natural_diverse
imaging test,MRI (Magnetic Resonance Imaging),vague_turn1
"hereditary cancer gene testing, genetic screening at the lab",Screening (for DNA/Genetic purposes),natural_diverse
orthotist measure my left knee and make special brace only for left side,"Brace, left knee (Custom)",esl_speaker
osteopathic treatment,Osteopath,vague_turn1
just bought it off the shelf,Brace (Non-custom),partial_turn2
the fee just for drawing blood,Blood Withdrawal Fee,partial_turn2
"it's just a plain walker with no wheels, why are there separate categories for wheeled and non-wheeled",Walker - non wheeled (purchase),complaint
"no wheels, just four legs",Walker - non wheeled (purchase),partial_turn2
CGM part | the transmitter | stopped working,Glucose Monitoring System Transmitter,progressive
had physiotherapy at pt Health clinic on Bank Street for my ACL recovery,Physiotherapy,brand_specific
cervical pillow,Cervical Pillow,vague_turn1
the simple frame kind,Walker - non wheeled (purchase),partial_turn2
brace | picked size medium from the rack,Brace (Non-custom),progressive
I picked 'Custom made foot orthotics' but these are just standard insoles from the pharmacy shelf,Standard foot orthotics or shoe inserts,wrong_guess
submitting for my dad's the prostate blood test test results fee,PSA Test (Prostate Specific Antigen),natural_diverse
"doctor say I need special test for eye, not normal check, special machine look inside eye for problem",Diagnostic Vision Test,esl_speaker
"I filed under 'Insulin Gun automatic' but it's actually a pump I wear 24/7, not a gun",Insulin infusion pump,wrong_guess
"chiropodist visit for foot care, different from podiatrist right",Chiropody (Foot Care) Treatment,natural_diverse
custom made shoes for my condition,Orthopaedic or custom made shoes,partial_turn2
licensed producer cannabis,Medical Cannabis,partial_turn2
submitting for physiotherapy for my husband's back,Physiotherapy,natural_diverse
estimate before procedure,Estimate/Pre-Authorization,vague_turn1
hearing assessment,Audiologist Services,vague_turn1
claiming athletic therapy for my son's sports injury,Athletic Therapy,natural_diverse
long socks | goes to thigh | pretty firm,"Compression Stockings, thigh/full (20-29 mmhg)",progressive
IV stand,IV Stand (purchase),vague_turn1
"clinical counsellor, psychologist, psychotherapist - what's the difference? mine is a clinical counsellor with CCC credentials",Clinical Counsellor,complaint
"submitting for acupuncture sessions, TCM practitioner does them",Acupuncture,natural_diverse
"ordering my cpap monthly supplies, tube filter headgear wearing out","CPAP, APAP, BIPAP Supplies",natural_diverse
my dentist says she needs to send in an estimate before starting my crown work so insurance can pre-approve it,Dental Estimate for Services,storyteller
"was admitted to the hospital for a few days, local hospital",Hospital (within your province),natural_diverse
RCC credentials,Clinical Counsellor,partial_turn2
sends electric pulses to my back,"Stimulator, muscle/nerve (TENS)",partial_turn2
blood draw fee blood draw,Blood Withdrawal Fee,natural_diverse
"went to the foot care clinic, she cut my nails and treated my calluses",Chiropody (Foot Care) Treatment,natural_diverse
"my daughter sees a clinical counsellor for test anxiety, need to claim her sessions",Clinical Counsellor,parent_or_dependent
therapy sessions | clinical counsellor | for my anxiety,Clinical Counsellor,progressive
"isopropyl alcohol swabs, use them before my under-skin injections daily",Alcohol swabs,natural_diverse
"After my second DVT my vascular doc put me in heavy duty knee-high stockings at 35 mmhg, they're so tight I need a donner to put them on","Compression Stockings, knee length (30 mmhg & over)",storyteller
wheeled walking thing,Walker - with wheels (purchase),vague_turn1
"these are medical grade STRONG compression not the drugstore kind, 30+mmhg knee","Compression Stockings, knee length (30 mmhg & over)",natural_diverse
Which category for a custom-made brace specifically for my left knee?,"Brace, left knee (Custom)",question
"my physio told me to get a special pillow for my neck, it's got a curved shape",Cervical Pillow,confused_student
the spring loaded insulin thing,Insulin Gun (automatic),vague_turn1
"this is CHIROPODY not podiatry, she just does the foot care not surgery",Chiropody (Foot Care) Treatment,natural_diverse
"a PAIR of regular crutches not forearm kind, the armpit ones","Crutches, pair",natural_diverse
bought a NovoPen Echo Plus manual injection assist from my diabetes supplier,Insulin Gun (manual),brand_specific
infusion set and reservoir replacements for my insulin pump,Insulin infusion pump supplies,natural_diverse
"I wear small machine on body all time, it give insulin slowly, not injection, it is pump",Insulin infusion pump,esl_speaker
"the lightest kind, not tight at all","Compression Stockings, any length (up to 14 mmhg)",partial_turn2
the hot pad,Heat Therapy - Re-usable items (purchase),vague_turn1
Filing for optical coherence tomography and automated visual field perimetry ordered for glaucoma suspect evaluation,Diagnostic Vision Test,detailed_clinical
bought the CGM receiver for my teenage son so he can monitor his glucose at school,Glucose Monitoring System Receiver,parent_or_dependent
"reusable heat pack for my arthritis, the microwaveable kind",Heat Therapy - Re-usable items (purchase),natural_diverse
social worker,Social Worker (Bachelors),vague_turn1
earplugs | custom molded | audiologist took impression of my ears,Ear Plugs (custom made),progressive
the finger prick machine,Blood glucose meter,vague_turn1
heel lift,Other foot care services (i.e. orthopedic shoe modification),vague_turn1
knee brace,"Brace, right knee (Custom)",vague_turn1
prescription safety glasses lab,Safety Glasses,terse
"my doctor prescribed marijuana for my chronic pain, the legal medical kind",Medical Cannabis,confused_student
transport wheelchair purchase,Transport Wheelchair,natural_diverse
submitting for a tabletop vaporizer for respiratory health,Vaporizer (table top),natural_diverse
needle therapy,Acupuncture,vague_turn1
urgent care | not hospital ER | walk in clinic emergency visit,Other emergency services,progressive
"I filed under 'thigh/full 20-29' but these are actually 40 mmhg, oops","Compression Stockings, thigh/full (30 mmhg & over)",wrong_guess
homeopathic treatment visit,Homeopathic Treatment,natural_diverse
"need to submit for crutches, the standard ones, hurt my foot playing soccer","Crutches, pair",natural_diverse
my medication,Drug,vague_turn1
Where do I claim a wig purchased for medical hair loss?,Wig,question
emergency medical service other,Other emergency services,terse
I filed under 'Brace left knee Custom' by mistake but it's for my right knee,"Brace, right knee (Custom)",wrong_guess
"the prostate blood test test not a general blood test, specifically for prostate screening",PSA Test (Prostate Specific Antigen),natural_diverse
the prostate blood test blood work ordered by my urologist,PSA Test (Prostate Specific Antigen),natural_diverse
athletic therapy,Athletic Therapy,vague_turn1
"I buy the small screen that show glucose number from sensor, it is receiver not the sensor",Glucose Monitoring System Receiver,esl_speaker
"I had to call 911 and they took me in an ambulance, how do I submit the bill?",Ambulance,confused_student
"post ACL repair custom right knee brace, physio referred me to orthotist","Brace, right knee (Custom)",natural_diverse
"dentist gave me an estimate before doing the work, need pre-approval",Dental Estimate for Services,natural_diverse
bedside humidifier doctor suggested,Humidifier (Table Top),partial_turn2
submitting for my sleep study test fee,Sleep Study,natural_diverse
"putting in for my dad's knee length compression socks, medium compression","Compression Stockings, knee length (15-19 mmhg)",natural_diverse
"REUSABLE cold pack not a one time ice bag, the gel kind for freezer",Cold Therapy - Re-usable Items (purchase),natural_diverse
Claiming individual therapy sessions with a Canadian Certified Counsellor registered with the CCPA,Clinical Counsellor,detailed_clinical
social work therapy,Social Worker (Masters level),vague_turn1
"I saw someone about my eating, she's a registered dietitian who makes meal plans",Dietitian Services,confused_student
"PRIVATE X-RAY not covered by provincial, paid out of pocket",X-Ray,natural_diverse
"I buy two crutch that go under arm, regular type, pair together","Crutches, pair",esl_speaker
pre-authorization | submitting estimate | need approval first,Estimate/Pre-Authorization,progressive
heating pad | electric | for my chronic back pain daily,Heat Therapy - Re-usable items (purchase),progressive
"knee socks | pretty firm, hard to pull up","Compression Stockings, knee length (20-29 mmhg)",progressive
"my provider is specifically a REGISTERED PSYCHOTHERAPIST, not a psychologist or counsellor, RP designation",Psychotherapist,complaint
records before braces start,Other Orthodontic/Dental Services (i.e. orthodontic records),partial_turn2
SPEECH THERAPY by an speech therapist not just a consultation,Speech Therapy,natural_diverse
"seeing an RP for my OCD treatment, not a psychologist but a psychotherapist",Psychotherapist,natural_diverse
walking stick | regular cane | not the four footed kind,"Cane, standard",progressive
psychologist therapy sessions,Psychologist,terse
"hearing aids, both ears",Hearing Aids,partial_turn2
steam device | small vaporizer | doctor suggested for my breathing,Vaporizer (table top),progressive
extra eye test,Diagnostic Vision Test,vague_turn1
MRI,MRI (Magnetic Resonance Imaging),vague_turn1
continuous delivery pump,Insulin infusion pump,partial_turn2
Filing for patient-specific custom-fabricated biomechanical foot orthoses manufactured from three-dimensional foot impressions,Custom made foot orthotics,detailed_clinical
dentist did a filling,Dental Services,partial_turn2
"I buy contact lens for eye, doctor give prescription, I wear lens not glass",Prescription Contacts,esl_speaker
admitted to hospital,Hospital (within your province),vague_turn1
"teen got braces, claiming the startup fee and monthly visits",Orthodontic Services (Braces - initial and monthly fee),natural_diverse
What category do I use for replacement sensors for my continuous glucose monitor?,Glucose Monitoring System Supplies/Sensors,question
submitting treatment estimate for my planned surgery,Estimate/Pre-Authorization,natural_diverse
TCM treatment,Acupuncture,vague_turn1
walker,Walker - non wheeled (purchase),vague_turn1
claiming the ambulatory BP test for my spouse who wore the monitor for a full day,Ambulatory Blood Pressure Test,parent_or_dependent
"I buy special medical thing doctor recommend, but I cannot find right category for it",Other medical items,esl_speaker
bought for home treatment,IV Stand (purchase),partial_turn2
"hearing test audiogram, had to press button when i heard the beeps",Audiometric Exam,natural_diverse
flat pan | for bedridden use | not the commode,Bedpan,progressive
Which category for a tabletop vaporizer that produces steam?,Vaporizer (table top),question
"custom right knee brace for runner's knee, expensive but necessary","Brace, right knee (Custom)",natural_diverse
"went to urgent care not the ER, out of pocket charge",Other emergency services,natural_diverse
braces,Orthodontic Services (Braces - initial and monthly fee),vague_turn1
I had that scan where they put gel on you and use a wand to see inside,Ultrasound,confused_student
my doctor thinks my blood pressure spikes only at the clinic so she ordered a 24-hour portable monitor test,Ambulatory Blood Pressure Test,storyteller
medic alert | for my severe allergy | doctor recommended,Medic Alert Bracelet,progressive
submitting after provincial insurance covered their portion,Provincial Replacement Plan,natural_diverse
"submitting for my husband's chiropractic visits, his neck is bad",Chiropractic,natural_diverse
"I go to naturopath doctor, she give natural medicine and talk about food and lifestyle",Naturopathic Treatment,esl_speaker
Submitting a receipt for prefabricated over-the-counter biomechanical arch support insoles for plantar fasciitis,Standard foot orthotics or shoe inserts,detailed_clinical
"contacts, not glasses! I keep accidentally selecting the glasses category for my prescription contacts",Prescription Contacts,complaint
fiberglass cast fracture,"Cast, fiberglass",natural_diverse
Claiming a comprehensive environmental and food allergen skin prick testing panel performed by a certified allergist,Scratch Test for Allergies,detailed_clinical
ultrasound diagnostic imaging,Ultrasound,natural_diverse
I went to the physio for rehab exercises after my rotator cuff surgery,Physiotherapy,confused_student
reusable ice pack cold therapy,Cold Therapy - Re-usable Items (purchase),natural_diverse
"I chose 'Insulin Gun automatic' but mine is actually manual, you press it by hand",Insulin Gun (manual),wrong_guess
private MRI scan imaging,MRI (Magnetic Resonance Imaging),natural_diverse
adult briefs and underpads for my father's bladder condition,Incontinence Supplies,natural_diverse
CGM piece stopped working,Glucose Monitoring System Transmitter,vague_turn1
ostomy supplies pouch,Ostomy,natural_diverse
"my son got hit by a ball at recess and cracked his front teeth, claiming the emergency dental",Dental Accident,parent_or_dependent
foot clinic | chiropodist | basic foot care treatment,Chiropody (Foot Care) Treatment,progressive
my child needs vision therapy for a lazy eye and it doesn't fit any other category,Other vision services (i.e. safety glasses),parent_or_dependent
peak flow meter | blow into it | check my asthma control at home,Peak Flow Meter,progressive
"blood sugar device | the meter itself, not the strips",Blood glucose meter,progressive
"OSTEOPATH not chiropractor, different hands-on manipulation approach",Osteopath,natural_diverse
"long stockings | extremely tight, full leg","Compression Stockings, thigh/full (30 mmhg & over)",progressive
had a chiropractic session at Back in Motion clinic on Bank Street,Chiropractic,brand_specific
orthodontic braces initial monthly fee,Orthodontic Services (Braces - initial and monthly fee),natural_diverse
"I submitted under 'Walker with wheels' but mine has no wheels at all, just rubber tips",Walker - non wheeled (purchase),wrong_guess
"DIETITIAN not a nutritionist, she has her RD designation",Dietitian Services,natural_diverse
"I buy new mask for my CPAP machine, the part that cover nose when sleeping","CPAP, APAP, BIPAP Mask",esl_speaker
medical bracelet | with my condition info | for emergencies,Medic Alert Bracelet,progressive
back adjustment,Chiropractic,vague_turn1
"shoe inserts | off the shelf, not custom",Standard foot orthotics or shoe inserts,progressive
the electrode pad device,"Stimulator, muscle/nerve (TENS)",vague_turn1
What category for having my regular shoes modified with orthopedic adjustments?,Other foot care services (i.e. orthopedic shoe modification),question
Which category for a commode that has wheels on it?,Wheeled Commode (purchase),question
"calf sleev without the foot part, for running do i claim this","Compression Calf Sleeves/Tights (footless), any length",natural_diverse
tight knee socks | super firm | vascular surgeon said I need the strongest,"Compression Stockings, knee length (30 mmhg & over)",progressive
seeing a psychotherapist,Psychotherapist,vague_turn1
medical item,Other medical items,vague_turn1
had my Oticon hearing aid repaired and re-tubed at HearingLife,Other hearing services,brand_specific
pills | picked up at pharmacy | prescribed for my condition,Drug,progressive
eyewear,Prescription Glasses,vague_turn1
claiming chiropractic visits for my wife's lower back pain from pregnancy,Chiropractic,parent_or_dependent
"I chose 'Glucose Monitoring System Supplies/Sensors' but this is the reusable transmitter, not a disposable sensor",Glucose Monitoring System Transmitter,wrong_guess
"the sticky pads, not the machine","Stimulator, supplies",partial_turn2
naturopath naturopath visit,Naturopathic Treatment,natural_diverse
after my hip surgery for the toilet,Raised Toilet seat (purchase),partial_turn2
the plastic spacer thing that goes on my ventolin inhaler,Aerochamber,natural_diverse
"need to claim very firm leg socks, prescribed after blood clot","Compression Stockings, knee length (30 mmhg & over)",natural_diverse
TB test | the skin injection | for my new job requirement,TB Test/Mantoux,progressive
speech language pathology therapy,Speech Therapy,natural_diverse
had a naturopathic consultation at the Ottawa Integrative Health Centre,Naturopathic Treatment,brand_specific
"I buy new glass for see, doctor write prescription and I get glass made at store",Prescription Glasses,esl_speaker
saw my massage therapist for my chronic shoulder pain,Massage,natural_diverse
claiming my father's colonoscopy procedure at the endoscopy clinic,Colonoscopy,parent_or_dependent
acupuncture | needles in my back | for chronic pain,Acupuncture,progressive
knee high compression socks medium pressure,"Compression Stockings, knee length (15-19 mmhg)",natural_diverse
doctor of podiatry treated my fungal nail infection medically,Podiatry Treatment,natural_diverse
dental plan,Dental Estimate for Services,vague_turn1
vision | orthoptic training | 12 sessions prescribed,Other vision services (i.e. safety glasses),progressive
"After standing all day at my retail job my legs ache, so I got knee-high compression socks at about 18 mmhg","Compression Stockings, knee length (15-19 mmhg)",storyteller
registered speech therapist working with my son on his language delay,Speech Therapy,natural_diverse
peak flow meter asthma,Peak Flow Meter,terse
compression gloves | not stockings | for my arthritis,Other garment brace services (i.e. compression gloves),progressive
registered audiologist did comprehensive hearing evaluation,Audiologist Services,natural_diverse
submitting for long term care home expenses for my father,Nursing Home and Long Term Care,natural_diverse
DNA screening for hereditary conditions,Screening (for DNA/Genetic purposes),partial_turn2
"had to call an ambulance, heart issue, do i claim this",Ambulance,natural_diverse
"half bed rail for my senior mother, helps her get in and out of bed",Bed Rails (purchase),natural_diverse
had speech therapy at the Children's Hospital of Eastern Ontario for my son's articulation disorder,Speech Therapy,brand_specific
I couldn't wait 6 months for a public MRI so I paid out of pocket at a private clinic for my knee scan,MRI (Magnetic Resonance Imaging),storyteller
"I got the crutch that has a ring around my forearm, not the underarm type",Forearm Crutch (purchase),confused_student
Does it matter if my social worker has a bachelor's vs master's degree? Mine has a BSW,Social Worker (Bachelors),question
"MEDIC ALERT not just a bracelet, the emergency notification system",Medic Alert Bracelet,natural_diverse
genetic DNA screening test,Screening (for DNA/Genetic purposes),terse
hearing test,Audiometric Exam,vague_turn1
medical marijuana rx claim,Medical Cannabis,terse
homeopath | not naturopath | different treatment | for my fatigue,Homeopathic Treatment,progressive
submitting for osteopathy sessions for my chronic pain,Osteopath,natural_diverse
spent the night at the sleep clinic with all the wires attached,Sleep Study,natural_diverse
the face piece for my cpap,"CPAP, APAP, BIPAP Mask",vague_turn1
"AUDIOLOGIST not just a hearing test, professional assessment service",Audiologist Services,natural_diverse
I put this under 'Brace Non-custom' but it's actually a custom brace for my left knee,"Brace, left knee (Custom)",wrong_guess
"monthly contact lenses for my nearsightedness, prescription type",Prescription Contacts,natural_diverse
What category for a prescription cervical support pillow?,Cervical Pillow,question
cannabis oil prescribed by my doctor for pain and nausea,Medical Cannabis,natural_diverse
knee brace,"Brace, left knee (Custom)",vague_turn1
added a heel lift to my shoe,Other foot care services (i.e. orthopedic shoe modification),partial_turn2
bought bed rails for my elderly mother so she doesn't fall out of bed,Bed Rails (purchase),natural_diverse
"ordering my monthly dexcom sensors, going on arm to track sugar",Glucose Monitoring System Supplies/Sensors,natural_diverse
bought a heating pad for my chronic back pain,Heat Therapy - Re-usable items (purchase),natural_diverse
emergency visit,Other emergency services,vague_turn1
part that sends the data,Glucose Monitoring System Transmitter,vague_turn1
I picked 'Crutches pair' but mine is actually a forearm crutch with an elbow cuff,Forearm Crutch (purchase),wrong_guess
"routine colonoscopy at 50, and they removed a small polyp",Colonoscopy,natural_diverse
"the AUTOMATIC one not manual, it triggers the injection automatically",Insulin Gun (automatic),natural_diverse
submitting for a therapeutic neck pillow prescribed by my chiropractor,Cervical Pillow,natural_diverse
buying a forearm crutch for my spouse who needs long-term mobility support,Forearm Crutch (purchase),parent_or_dependent
"the pen device, reusable with cartridges",Insulin Pen Injector,partial_turn2
submitting for humidifier prescribed for my chronic sinus issues,Humidifier (Table Top),natural_diverse
MedicAlert ID bracelet,Medic Alert Bracelet,terse
specialist consultation other,Other health specialists,natural_diverse
therapeutic not relaxation,Massage,partial_turn2
paramedic fee,Ambulance,vague_turn1
"it's a MANUAL gun not automatic, I don't understand why there are two separate categories for basically the same thing",Insulin Gun (manual),complaint
"VERSA FRAME not a raised seat, the frame that goes around the toilet",Versa Frame (purchase),natural_diverse
I prefer having control over the injection speed so I use a manual insulin gun where I push the plunger myself,Insulin Gun (manual),storyteller
"my son broke his leg, need to claim the crutches we bought","Crutches, pair",natural_diverse
the beep test,Audiometric Exam,vague_turn1
custom leg support,"Brace, AFO/KAFO (Custom)",vague_turn1
Submitting for a manually-operated insulin injection gun device for assisted subcutaneous insulin administration,Insulin Gun (manual),detailed_clinical
"claiming auto injector device for my diabetic son, needle phobia",Insulin Gun (automatic),natural_diverse
insulin pump infusion sets supplies,Insulin infusion pump supplies,natural_diverse
my father was hospitalized in Ontario and we need to claim the non-OHIP covered charges,Hospital (within your province),parent_or_dependent
RMT session | not spa | for my shoulder injury,Massage,progressive
IgE blood test not skin test,Blood test for Allergies (IG test not eligible),partial_turn2
got Venosan 7002 thigh-high 23-32 mmHg with lace grip from MedEquip,"Compression Stockings, thigh/full (20-29 mmhg)",brand_specific
humidifier | table top | for my respiratory condition | doctor suggested,Humidifier (Table Top),progressive
full leg compression | thigh high | the firm kind,"Compression Stockings, thigh/full (20-29 mmhg)",progressive
"orthopedic neck pillow, prescribed after my whiplash",Cervical Pillow,natural_diverse
custom swim plugs,Other hearing services,vague_turn1
My eye exam showed my prescription changed so I picked new frames and got progressive lenses made up,Prescription Glasses,storyteller
physio helping me recover from my shoulder injury,Physiotherapy,natural_diverse
specialist not on the list,Other health specialists,vague_turn1
other health specialist,Other health specialists,vague_turn1
walking sticks | goes under my arms | after my ankle break,"Crutches, pair",progressive
TENS machine,"Stimulator, muscle/nerve (TENS)",vague_turn1
"doesn't fit in the other mental health categories, community counsellor",Other mental health services,natural_diverse
overnight at the sleep clinic,Sleep Study,partial_turn2
allergy blood test allergy blood panel,Blood test for Allergies (IG test not eligible),natural_diverse
finger prick needles,Lancet,vague_turn1
"my daughter started braces, initial fitting and monthly adjustment",Orthodontic Services (Braces - initial and monthly fee),natural_diverse
"doctor say I need special shoe made for my foot, not regular shoe from store, custom shoe",Orthopaedic or custom made shoes,esl_speaker
the home device to check my blood pressure,Blood pressure monitor,partial_turn2
blood test for my vitamin D levels,Vitamin D Test,partial_turn2
wearable insulin thing,Insulin infusion pump,vague_turn1
right knee support,"Brace, right knee (Custom)",vague_turn1
"claiming full thigh compression for husband after his blood clot, strong 30+ ones","Compression Stockings, thigh/full (30 mmhg & over)",natural_diverse
"leg socks, knee height","Compression Stockings, knee length (15-19 mmhg)",vague_turn1
"PhD level, does assessments and therapy",Psychologist,partial_turn2
automatic BP monitor for daily use,Blood pressure monitor,partial_turn2
not masters level,Social Worker (Bachelors),partial_turn2
picked up Bauerfeind VenoTrain micro knee-high 15-20 mmHg from MedPro,"Compression Stockings, knee length (15-19 mmhg)",brand_specific
"forearm type, not the armpit kind",Forearm Crutch (purchase),partial_turn2
knee socks,"Compression Stockings, knee length (15-19 mmhg)",vague_turn1
I turned 40 and my doctor recommended I start getting regular mammograms for early detection,Mammogram,storyteller
"my CPAP mask needs replacing, the seal is worn out","CPAP, APAP, BIPAP Mask",natural_diverse
tooth damaged from a fall,Dental Accident,partial_turn2
toilet versa frame safety,Versa Frame (purchase),terse
seeing a registered dietitian for my diabetes meal planning,Dietitian Services,natural_diverse
tuberculosis screening injection,TB Test/Mantoux,partial_turn2
"frames and lenses, prescription",Prescription Glasses,partial_turn2
custom compression stockings claim,"Compression Stockings, custom, any length",terse
hospital grade breast pump purchase for low milk supply,Breast Pump (purchase),natural_diverse
"home lung monitoring device, blow into it to check my asthma control",Peak Flow Meter,natural_diverse
"need a new mask for my cpap, the face piece part not the whole machine","CPAP, APAP, BIPAP Mask",natural_diverse
brace | for my right knee | the orthotist took measurements,"Brace, right knee (Custom)",progressive
"my elderly mother needs a shower chair for safety, claiming the purchase",Bath Bench/Chair (purchase),parent_or_dependent
Claiming a patient-specific custom-fabricated left knee orthosis with medial-lateral stabilizers for ACL deficiency,"Brace, left knee (Custom)",detailed_clinical
Claiming CSA Z94.3 rated prescription polycarbonate safety eyewear with wraparound side shields,Safety Glasses,detailed_clinical
"the meter itself, not the strips",Blood glucose meter,partial_turn2
very firm compression to the knee,"Compression Stockings, knee length (30 mmhg & over)",partial_turn2
submitting for custom hearing protection earplugs for my husband,Ear Plugs (custom made),natural_diverse
claiming forearm crutches for my dad who uses them permanently,Forearm Crutch (purchase),natural_diverse
custom orthopaedic shoes,Orthopaedic or custom made shoes,terse
incontinence supplies,Incontinence Supplies,vague_turn1
small vaporizer for breathing,Vaporizer (table top),partial_turn2
my mother was taken by ambulance to the Civic Hospital and I'm helping her file the claim,Ambulance,parent_or_dependent
chipped tooth | fell and hit my mouth | need dental work,Dental Accident,progressive
shoe inserts,Custom made foot orthotics,vague_turn1
the ones I put directly in my eye,Prescription Contacts,partial_turn2
PROVINCIAL REPLACEMENT top up claim after government plan paid,Provincial Replacement Plan,natural_diverse
foot care nurse treated my ingrown toenail and thick calluses,Chiropody (Foot Care) Treatment,natural_diverse
"I got the walker that you can push and roll around, it has a seat and wheels",Walker - with wheels (purchase),confused_student
"very strong stocking for all my leg from foot to top, 30 mmhg or more, doctor say I must wear","Compression Stockings, thigh/full (30 mmhg & over)",esl_speaker
bought an IV pole for home infusion therapy,IV Stand (purchase),natural_diverse
shoe modification orthopedic lift,Other foot care services (i.e. orthopedic shoe modification),natural_diverse
hearing devices,Hearing Aids,vague_turn1
four point cane | for my balance issues | bought at shoppers,Quad Cane (purchase),progressive
"pre-approval needed, submitting estimate for upcoming treatment",Estimate/Pre-Authorization,natural_diverse
physio,Physiotherapy,vague_turn1
"wig needed for my medical condition, not cosmetic",Wig,natural_diverse
brace from the knee specialist,"Brace, right knee (Custom)",vague_turn1
"ATHLETIC therapist not physiotherapist, different designation athletic therapist",Athletic Therapy,natural_diverse
the fitter took measurements,"Compression Stockings, custom, any length",partial_turn2
custom insoles,Custom made foot orthotics,vague_turn1
bedside toilet pan,Bedpan,partial_turn2
pre-auth dental | submitting estimate | crown work planned,Dental Estimate for Services,progressive
blood allergy panel test,Blood test for Allergies (IG test not eligible),terse
vision checkup,Eye Exam,vague_turn1
safety glasses,Safety Glasses,vague_turn1
bought a reusable ice pack for my knee after physio,Cold Therapy - Re-usable Items (purchase),natural_diverse
hearing specialist,Audiologist Services,vague_turn1
"osteopathy for my back, different from physio or chiro",Osteopath,natural_diverse
Filing a claim for bespoke compression hosiery fabricated from patient-specific measurements and cast impressions,"Compression Stockings, custom, any length",detailed_clinical
TB MANTOUX TEST the skin injection one not a blood test,TB Test/Mantoux,natural_diverse
private x-ray imaging diagnostic,X-Ray,natural_diverse
got 3M Virtua CCS prescription safety glasses through SafeVision at the university,Safety Glasses,brand_specific
lab test blood work other,Other laboratory and diagnostic tests,terse
the allergist put drops on my arm and poked them to see what I'm allergic to,Scratch Test for Allergies,confused_student
asthma monitor,Peak Flow Meter,vague_turn1
masters level social worker,Social Worker (Masters level),partial_turn2
the tubing and insertion sets,Insulin infusion pump supplies,partial_turn2
other mental health service claim,Other mental health services,terse
other hearing services ear care,Other hearing services,natural_diverse
special pillow,Cervical Pillow,vague_turn1
submitting for allergy skin testing my immunologist did,Scratch Test for Allergies,natural_diverse
Where do I file dental work that was needed because of an accident?,Dental Accident,question
My physiotherapist noticed my arches collapsing and referred me to a pedorthist who scanned my feet and made custom orthotics,Custom made foot orthotics,storyteller
audiogram,Audiometric Exam,vague_turn1
cranial prosthesis wig prescribed after alopecia diagnosis,Wig,natural_diverse
home care,In Home Support Services,vague_turn1
"blood test for the ovarian cancer marker, the cancer marker blood test",CA-125 (Cancer Antigen) Test,natural_diverse
walker with a seat,Walker - with wheels (purchase),vague_turn1
seeing a registered psychotherapist through Greenspace Mental Health for weekly sessions,Psychotherapist,brand_specific
claiming custom ear plugs for my son who is a musician and needs hearing protection,Ear Plugs (custom made),parent_or_dependent
the bottle type not commode,Urinal (purchase),partial_turn2
purchased a replacement Dexcom G6 transmitter from my diabetes clinic,Glucose Monitoring System Transmitter,brand_specific
paramedic transport fee,Ambulance,partial_turn2
knee socks | medium firm kind,"Compression Stockings, knee length (15-19 mmhg)",progressive
I bought one of those arm cuffs that measures blood pressure at home,Blood pressure monitor,confused_student
traditional braces monthly adjustment,Orthodontic Services (Braces - initial and monthly fee),partial_turn2
"submitting for my kids eye exams, annual checkup at the optometrist",Eye Exam,natural_diverse
Do I pick the right knee custom brace category for a brace molded to my right leg?,"Brace, right knee (Custom)",question
a brace | just bought it off the shelf at shoppers,Brace (Non-custom),progressive
ambulance,Ambulance,vague_turn1
"not store bought, fitted for right knee","Brace, right knee (Custom)",partial_turn2
in home support not nursing,In Home Support Services,partial_turn2
"thigh high, not super tight","Compression Stockings, thigh/full (15-19 mmhg)",partial_turn2
sleep apnea mask replacement,"CPAP, APAP, BIPAP Mask",natural_diverse
physiotherapy rehab sessions,Physiotherapy,natural_diverse
"compression socks | knee length | the strongest kind, prescribed after surgery","Compression Stockings, knee length (30 mmhg & over)",progressive
"WHEELED commode not stationary, the kind with wheels",Wheeled Commode (purchase),natural_diverse
"I buy electric machine that make my muscle feel better, it send small shock through pad on skin","Stimulator, muscle/nerve (TENS)",esl_speaker
What category for sessions with a registered psychotherapist?,Psychotherapist,question
Claiming a nasal pillow interface mask with adjustable headgear for PAP therapy,"CPAP, APAP, BIPAP Mask",detailed_clinical
RECORDS for orthodontics not the braces themselves,Other Orthodontic/Dental Services (i.e. orthodontic records),natural_diverse
medical cannabis,Medical Cannabis,vague_turn1
"travel socks with lite compression, under 14, claim under what category","Compression Stockings, any length (up to 14 mmhg)",natural_diverse
insulin pump,Insulin infusion pump,vague_turn1
psychotherapy sessions | registered RP | weekly sessions,Psychotherapist,progressive
"I got new glasses with my updated prescription, frames and lenses",Prescription Glasses,confused_student
digital mental health program,Digital Cognitive Behavioural Therapy,vague_turn1
"I switched from glasses to contacts because they're easier for sports, I got a year supply of dailies from my optometrist",Prescription Contacts,storyteller
Claiming psychotherapy sessions with a Registered Psychotherapist licensed by the College of Registered Psychotherapists of Ontario,Psychotherapist,detailed_clinical
submitting for incontinence products my mother goes through monthly,Incontinence Supplies,natural_diverse
osteopath | different from chiro | manual therapy for my back,Osteopath,progressive
the glucose thing,Blood glucose meter,vague_turn1
"got care at a walk in clinic for an emergency, not hospital ER",Other emergency services,natural_diverse
the adhesive part not the receiver,Glucose Monitoring System Supplies/Sensors,partial_turn2
quad cane for extra stability,Quad Cane (purchase),partial_turn2
"paramedic service on scene, no transport, just treatment on site",Other emergency services,natural_diverse
toilet seat riser,Raised Toilet seat (purchase),vague_turn1
the mist machine,Humidifier (Table Top),vague_turn1
continuous glucose monitor receiver device replacement,Glucose Monitoring System Receiver,natural_diverse
"full leg, super firm, prescribed","Compression Stockings, thigh/full (30 mmhg & over)",partial_turn2
"ostomy supplies monthly, the bags and wafers and accessories",Ostomy,natural_diverse
"had blood drawn for allergy testing, the allergy antibodies panel",Blood test for Allergies (IG test not eligible),natural_diverse
they pricked my skin for allergies,Scratch Test for Allergies,partial_turn2
registered audiologist,Audiologist Services,partial_turn2
"RAISED toilet seat not a commode, attaches to existing toilet",Raised Toilet seat (purchase),natural_diverse
portable urinal | bedside | the bottle kind,Urinal (purchase),progressive
"I need the tubing and cannula things that go with my insulin pump, not the pump itself",Insulin infusion pump supplies,confused_student
my daughter's podiatrist prescribed custom foot orthotics for her flat feet,Custom made foot orthotics,parent_or_dependent
standard walker without wheels,Walker - non wheeled (purchase),partial_turn2
submitting for homeopathic consultations and remedies,Homeopathic Treatment,natural_diverse
"tens machine accessories, lead wires and electrode pads need replacing","Stimulator, supplies",natural_diverse
medical grade knee stockings,"Compression Stockings, knee length (30 mmhg & over)",vague_turn1
shoe modification | added a lift | for my leg length difference,Other foot care services (i.e. orthopedic shoe modification),progressive
bed rails | attaches to side | for my mom who falls out,Bed Rails (purchase),progressive
"I go to eye doctor for check, she look in my eye and test if I can see good",Eye Exam,esl_speaker
"prescribed after my blood clot, knee high","Compression Stockings, knee length (30 mmhg & over)",partial_turn2
"urgent care clinic visit, had to pay a fee for emergency treatment",Other emergency services,natural_diverse
elevated toilet,Raised Toilet seat (purchase),vague_turn1
registered psychotherapist,Psychotherapist,partial_turn2
"compression gloves for my arthritis, helps with the swelling and pain",Other garment brace services (i.e. compression gloves),natural_diverse
"hard plastic, custom made for my leg","Brace, AFO/KAFO (Custom)",partial_turn2
What category for an insulin pump that I wear on my body for continuous delivery?,Insulin infusion pump,question
custom fitted by the podiatrist,Custom made foot orthotics,partial_turn2
naturopath,Naturopathic Treatment,vague_turn1
I got the injector device that does the shot automatically when you push a button,Insulin Gun (automatic),confused_student
taking my elderly father for chiropody foot care appointments every month for his diabetic feet,Chiropody (Foot Care) Treatment,parent_or_dependent
specialized lab work,Other laboratory and diagnostic tests,partial_turn2
the machine part of my sleep therapy,"CPAP, APAP, BIPAP Machine",partial_turn2
"standard kind, picked my size",Standard foot orthotics or shoe inserts,partial_turn2
cast from the fracture clinic,"Cast, fiberglass",partial_turn2
"x-ray of my knee at private imaging centre, paid cash",X-Ray,natural_diverse
lancets blood sugar testing,Lancet,terse
"JUST the mask not the machine, the piece that goes on your face","CPAP, APAP, BIPAP Mask",natural_diverse
sports rehab,Athletic Therapy,vague_turn1
mobility walker for my mom,Walker - with wheels (purchase),vague_turn1
"I keep going back and forth between like 5 categories, these are just footless compression tights!","Compression Calf Sleeves/Tights (footless), any length",complaint
the unit itself not the accessories,"CPAP, APAP, BIPAP Machine",partial_turn2
RMT massage session,Massage,terse
acupuncture,Acupuncture,vague_turn1
"the pump, not the pens or guns",Insulin infusion pump,partial_turn2
"custom right knee brace, had it fitted after my ACL tear","Brace, right knee (Custom)",natural_diverse
podiatrist visit treatment,Podiatry Treatment,terse
the needle thing for insulin,Insulin Gun (manual),vague_turn1
"the full length ones up to the thigh, medium pressure","Compression Stockings, thigh/full (15-19 mmhg)",natural_diverse
left knee thing,"Brace, left knee (Custom)",vague_turn1
the socks that go to my knee,"Compression Stockings, knee length (15-19 mmhg)",vague_turn1
"just regular prescription glasses, not safety glasses or contacts, just normal glasses with my prescription",Prescription Glasses,complaint
Which category for hearing-related services that aren't exams or new hearing aids?,Other hearing services,question
my daughter needs a Mantoux TB test for her university residence requirement,TB Test/Mantoux,parent_or_dependent
glasses for my job,Safety Glasses,vague_turn1
rehab appointment,Physiotherapy,vague_turn1
"commode with wheels, can move it room to room for my dad",Wheeled Commode (purchase),natural_diverse
"my wife sees a homeopath for her seasonal allergies, claiming the sessions",Homeopathic Treatment,parent_or_dependent
authorized medical cannabis products from licensed producer,Medical Cannabis,natural_diverse
"claiming a basic walker for my grandmother, no wheels just the frame",Walker - non wheeled (purchase),natural_diverse
my son broke his arm at the playground and had a fiberglass cast put on at CHEO,"Cast, fiberglass",parent_or_dependent
aerochamber | plastic chamber | for my asthma inhaler,Aerochamber,progressive
the scope procedure,Colonoscopy,vague_turn1
OT helping me adapt my home and relearn daily tasks,Occupational Therapy,natural_diverse
physio | rehab exercises and manual therapy,Physiotherapy,progressive
"foot surgeon did a procedure on my ingrown nail, podiatrist not chiropodist",Podiatry Treatment,natural_diverse
diabetic finger stick supplies,Lancet,partial_turn2
My supervisor said I need safety glasses in the chemistry lab so I got prescription ones made with impact-resistant lenses,Safety Glasses,storyteller
submitting for ambulatory BP test my cardiologist ordered,Ambulatory Blood Pressure Test,natural_diverse
"I bought some light squeezy socks for flying, the pressure is really low like 10 or something","Compression Stockings, any length (up to 14 mmhg)",confused_student
"the SUPPLIES not the machine or mask, things like filters tubes humidifier chamber","CPAP, APAP, BIPAP Supplies",natural_diverse
"insulin device | automatic, fires itself",Insulin Gun (automatic),progressive
"I go to pharmacy and buy medicine doctor give prescription for, the pill I take every day",Drug,esl_speaker
had to get special shoes made for my diabetic foot condition,Orthopaedic or custom made shoes,natural_diverse
"Which category for a replacement CPAP mask, not the machine itself?","CPAP, APAP, BIPAP Mask",question
full leg stockings,"Compression Stockings, thigh/full (20-29 mmhg)",vague_turn1
my child sees a play therapist for emotional regulation and I can't find the right category,Other mental health services,parent_or_dependent
submitting for my diabetic father's foot care treatments,Chiropody (Foot Care) Treatment,natural_diverse
had my cleaning and a filling done at Pretoria Bridge Dental,Dental Services,brand_specific
"lost my hair from chemo, got a wig prescribed by my oncologist",Wig,natural_diverse
Filing claim for bilateral knee-length graduated compression stockings rated 20-30 mmHg prescribed for post-thrombotic syndrome,"Compression Stockings, knee length (20-29 mmhg)",detailed_clinical
"Where do I claim the actual CPAP machine, not the mask or accessories?","CPAP, APAP, BIPAP Machine",question
ordered Medtronic Quick-set infusion sets and reservoir refills from Diabetes Express,Insulin infusion pump supplies,brand_specific
"cancer antigen test CA125, gynecology ordered it during checkup",CA-125 (Cancer Antigen) Test,natural_diverse
"the hard cast they put on after my fracture, fiberglass type","Cast, fiberglass",natural_diverse
"lofstrand forearm crutch for MS, the type with the arm support ring",Forearm Crutch (purchase),natural_diverse
custom shoes,Orthopaedic or custom made shoes,vague_turn1
taking my kids for their regular dental cleanings and need to submit the receipts,Dental Services,parent_or_dependent
blood test for allergies,Blood test for Allergies (IG test not eligible),vague_turn1
"the cancer marker blood test tumor marker test, monitoring my ovarian cyst",CA-125 (Cancer Antigen) Test,natural_diverse
"the lab charged me just for taking the blood, separate from the actual test",Blood Withdrawal Fee,confused_student
dental records,Other Orthodontic/Dental Services (i.e. orthodontic records),vague_turn1
personal support worker,In Home Support Services,vague_turn1
home support,In Home Support Services,vague_turn1
CGM | the screen/receiver | not the sensor that sticks on my arm,Glucose Monitoring System Receiver,progressive
pre-authorization,Estimate/Pre-Authorization,vague_turn1
the machine that reads the blood,Blood glucose meter,partial_turn2
saw a mental health worker through my community health centre,Other mental health services,natural_diverse
"What category for a TENS unit device itself, not the replacement pads?","Stimulator, muscle/nerve (TENS)",question
"had a visual field test done, more than just a regular exam",Diagnostic Vision Test,natural_diverse
home care aide services,In Home Support Services,terse
TENS accessories,"Stimulator, supplies",vague_turn1
medical compression gloves for my rheumatoid arthritis,Other garment brace services (i.e. compression gloves),natural_diverse
Where do I claim a reusable cold therapy product like a gel ice pack?,Cold Therapy - Re-usable Items (purchase),question
safety bars for the bed | for my elderly parent,Bed Rails (purchase),progressive
dental predetermination estimate,Dental Estimate for Services,natural_diverse
audiologist | professional hearing assessment | not just the beep test,Audiologist Services,progressive
chiro back adjustment,Chiropractic,terse
"allergy skin prick testing session, checked for 40 different allergens",Scratch Test for Allergies,natural_diverse
annual mammogram screening,Mammogram,partial_turn2
"the standard kind, goes under the arms","Crutches, pair",partial_turn2
social worker visits,Social Worker (Bachelors),vague_turn1
I've been getting weekly acupuncture for my stress headaches and it's actually been helping a lot,Acupuncture,storyteller
"CERVICAL PILLOW not a regular pillow, the contoured therapeutic kind",Cervical Pillow,natural_diverse
special eye test | for my glaucoma risk | ordered by optometrist,Diagnostic Vision Test,progressive
alcohol prep pads diabetes,Alcohol swabs,terse
prevents falling out at night,Bed Rails (purchase),partial_turn2
the actual meter not the supplies,Blood glucose meter,partial_turn2
hearing specialist | audiologist visit | comprehensive evaluation,Audiologist Services,progressive
bedpan,Bedpan,vague_turn1
normal crutches not the forearm kind,"Crutches, pair",partial_turn2
submitting for my husband's manual insulin pen device,Insulin Gun (manual),natural_diverse
I submitted under 'CPAP Supplies' but it's the machine itself,"CPAP, APAP, BIPAP Machine",wrong_guess
incontinence products for my father,Incontinence Supplies,partial_turn2
cast | fiberglass | put on at the fracture clinic for my break,"Cast, fiberglass",progressive
fitted at the hearing clinic,Hearing Aids,partial_turn2
elevated toilet seat from shoppers home health care,Raised Toilet seat (purchase),natural_diverse
"full length really tight compression stockings thigh high, strong prescription compression","Compression Stockings, thigh/full (30 mmhg & over)",natural_diverse
I submitted under 'Psychotherapist' but my therapist is actually a Canadian Certified Clinical Counsellor,Clinical Counsellor,wrong_guess
Where do I claim a pair of standard underarm crutches?,"Crutches, pair",question
"My grandma had knee surgery and the hospital gave her a standard walker with rubber feet, no wheels, and I paid for it",Walker - non wheeled (purchase),storyteller
registered chiropractor treating my lumbar disc herniation,Chiropractic,natural_diverse
had Sigvaris custom compression stockings made at Orthomed in Ottawa,"Compression Stockings, custom, any length",brand_specific
mental health appointment,Other mental health services,vague_turn1
forearm crutch purchase lofstrand,Forearm Crutch (purchase),natural_diverse
diagnostic eye thing,Diagnostic Vision Test,vague_turn1
Filing for orthoptic vision therapy sessions to treat binocular vision dysfunction and convergence insufficiency,Other vision services (i.e. safety glasses),detailed_clinical
"eye test at vision clinic, just the examination fee",Eye Exam,natural_diverse
prescription medication drug,Drug,natural_diverse
"medic alert bracelet for my severe allergy, doctor recommended",Medic Alert Bracelet,natural_diverse
I've had ongoing right knee problems from an old meniscus tear so my surgeon sent me to get a custom brace made for my right side,"Brace, right knee (Custom)",storyteller
insulin pen device claim,Insulin Pen Injector,terse
therapeutic massage by registered therapist for my fibromyalgia,Massage,natural_diverse
pre-approval,Estimate/Pre-Authorization,vague_turn1
fracture pan or bedpan for home use during recovery,Bedpan,natural_diverse
homeopath not naturopath,Homeopathic Treatment,partial_turn2
"I go to social worker for counselling, she have bachelor degree in social work, BSW",Social Worker (Bachelors),esl_speaker
walking aid | four legs no wheels | for my dad after surgery,Walker - non wheeled (purchase),progressive
Where do I claim replacement supplies for my insulin pump like infusion sets?,Insulin infusion pump supplies,question
"I buy insole from pharmacy for my shoe, it is not custom, just regular insole from shelf",Standard foot orthotics or shoe inserts,esl_speaker
"my therapist is a social worker with a graduate degree, I think a masters in social work",Social Worker (Masters level),confused_student
CSA safety glasses prescription,Safety Glasses,terse
glucometer purchase,Blood glucose meter,terse
dental cleaning filling claim,Dental Services,terse
Where do I file physiotherapy treatment sessions?,Physiotherapy,question
wore a monitor all day,Ambulatory Blood Pressure Test,vague_turn1
"compression socks | knee length | medium pressure, doctor recommended","Compression Stockings, knee length (15-19 mmhg)",progressive
Claiming a musculoskeletal diagnostic ultrasound of the right shoulder for rotator cuff evaluation,Ultrasound,detailed_clinical
"knee socks the firm ones, quite tight, for blood clot prevention after surgery","Compression Stockings, knee length (20-29 mmhg)",natural_diverse
replacement parts | for my cpap | the consumables not the main unit,"CPAP, APAP, BIPAP Supplies",progressive
"tooth fracture from accident, had root canal and crown after",Dental Accident,natural_diverse
versa frame toilet assist for my husband after his hip surgery,Versa Frame (purchase),natural_diverse
ear protection | custom fitted | for my music work,Ear Plugs (custom made),progressive
Where do I submit for thigh-length compression stockings at 30 mmHg or above?,"Compression Stockings, thigh/full (30 mmhg & over)",question
chiropody foot treatment visit,Chiropody (Foot Care) Treatment,natural_diverse
chiro | spinal adjustments for my back,Chiropractic,progressive
registered athletic therapist treating my rotator cuff injury,Athletic Therapy,natural_diverse
nursing home permanent resident,Nursing Home and Long Term Care,partial_turn2
custom measured compression stockings,"Compression Stockings, custom, any length",natural_diverse
"my orthodontist took x-rays and impressions before starting treatment, it's separate from the braces",Other Orthodontic/Dental Services (i.e. orthodontic records),confused_student
"I see a doctor who does therapy, not a medical doctor but has a PhD in psychology",Psychologist,confused_student
"thigh high, really hard to get on","Compression Stockings, thigh/full (30 mmhg & over)",partial_turn2
"this is NOT a regular eye exam, it's a diagnostic test the specialist ordered, different thing entirely",Diagnostic Vision Test,complaint
submitting for my colonoscopy procedure cost,Colonoscopy,natural_diverse
"cpap supplies, filters and tubes need replacing monthly","CPAP, APAP, BIPAP Supplies",natural_diverse
audiology clinic appointment for my tinnitus assessment,Audiologist Services,natural_diverse
custom right knee support | specialist fitted it | post surgery,"Brace, right knee (Custom)",progressive
monthly sensor things,Glucose Monitoring System Supplies/Sensors,vague_turn1
replacement pads,"Stimulator, supplies",vague_turn1
they modified my existing shoe to add a heel lift for my short leg,Other foot care services (i.e. orthopedic shoe modification),natural_diverse
seeing someone for my mental health,Psychologist,vague_turn1
grab bars | permanently installed | for my fall risk parent,Grab Bar/Bath Bar - permanent fixtures (purchase),progressive
Where do I submit my pharmacy receipt for a prescription drug?,Drug,question
psychotherapist not psychologist,Psychotherapist,partial_turn2
"STATIONARY commode not wheeled, the regular bedside one",Stationary Commode (purchase),natural_diverse
had a custom Fillauer AFO fabricated at Ottawa Orthotics clinic,"Brace, AFO/KAFO (Custom)",brand_specific
vision visit | just the examination fee,Eye Exam,progressive
submitting for my child's hearing test at the audiologist,Audiometric Exam,natural_diverse
"full length, quite tight","Compression Stockings, thigh/full (20-29 mmhg)",partial_turn2
dental visit,Dental Services,vague_turn1
therapy | group sessions | not individual psychologist,Other mental health services,progressive
Claiming a multi-point traditional Chinese acupuncture session performed by a licensed R.Ac for myofascial pain syndrome,Acupuncture,detailed_clinical
electrode pads for my TENS machine keep wearing out,"Stimulator, supplies",natural_diverse
seeing a counsellor,Clinical Counsellor,vague_turn1
diagnostic test for my eye condition,Diagnostic Vision Test,partial_turn2
I think this claim is supposed to go through my provincial plan first?,Provincial Replacement Plan,confused_student
chiropody foot care visit,Chiropody (Foot Care) Treatment,terse
Where do I claim a raised toilet seat I bought for post-surgery recovery?,Raised Toilet seat (purchase),question
shoe modification,Other foot care services (i.e. orthopedic shoe modification),vague_turn1
dietitian appointment for my celiac disease diet,Dietitian Services,natural_diverse
OTHER lab tests not the standard blood work categories,Other laboratory and diagnostic tests,natural_diverse
those little wet pad things I use before I prick my finger for blood sugar,Alcohol swabs,confused_student
"automatic, fires itself",Insulin Gun (automatic),partial_turn2
"I need buy more sensor patch for glucose machine, the one you stick on arm",Glucose Monitoring System Supplies/Sensors,esl_speaker
"had shoes custom built for my bunions and hammer toes, expensive",Orthopaedic or custom made shoes,natural_diverse
vision therapy,Other vision services (i.e. safety glasses),vague_turn1
claiming insulin pump supplies for my daughter - new infusion sets and reservoirs,Insulin infusion pump supplies,parent_or_dependent
speech therapy | SLP | for my child's stutter,Speech Therapy,progressive
eye training for convergence,Other vision services (i.e. safety glasses),partial_turn2
I went in that big tube machine that takes pictures of the inside of your body,MRI (Magnetic Resonance Imaging),confused_student
contact lenses | daily wear | prescription needed,Prescription Contacts,progressive
submitting for genetic testing for hereditary cancer risk,Screening (for DNA/Genetic purposes),natural_diverse
wig,Wig,vague_turn1
ND treating my hormonal issues,Naturopathic Treatment,partial_turn2
very tight knee socks,"Compression Stockings, knee length (30 mmhg & over)",vague_turn1
"had dental records done, panoramic x-ray and photos for ortho",Other Orthodontic/Dental Services (i.e. orthodontic records),natural_diverse
"CUSTOM orthopaedic shoes not just regular shoes, made for my medical condition",Orthopaedic or custom made shoes,natural_diverse
"I got a little steam machine that puts warm moisture in the air, helps with congestion",Vaporizer (table top),confused_student
audiologist made them,Ear Plugs (custom made),partial_turn2
"the receiver, the screen part",Glucose Monitoring System Receiver,partial_turn2
I need more of those sticky pad things for my shock machine,"Stimulator, supplies",confused_student
"special lab work ordered by specialist, unusual test",Other laboratory and diagnostic tests,natural_diverse
mental health | seeing a psych | she has her PhD and is registered,Psychologist,progressive
is there really a difference between custom and non-custom in the dropdown? mine is just from shoppers,Brace (Non-custom),complaint
"ALCOHOL SWABS not bandages, the little wipes for sterilizing before injection",Alcohol swabs,natural_diverse
"braces put on last month, paying monthly for the whole treatment",Orthodontic Services (Braces - initial and monthly fee),natural_diverse
MSW sessions,Social Worker (Masters level),vague_turn1
"pre-orthodontic diagnostic work, impressions photos and xrays",Other Orthodontic/Dental Services (i.e. orthodontic records),natural_diverse
glasses | safety kind required for work,Safety Glasses,progressive
elbow crutches,Forearm Crutch (purchase),vague_turn1
bathroom safety bars,Grab Bar/Bath Bar - permanent fixtures (purchase),vague_turn1
sleep test | spent the night at clinic | for diagnosis,Sleep Study,progressive
naturopathic doctor ND designation,Naturopathic Treatment,partial_turn2
claiming psychotherapy sessions for my spouse with a registered psychotherapist for workplace burnout,Psychotherapist,parent_or_dependent
my gynecologist ordered a CA-125 test because of a cyst they found on my ovary during ultrasound,CA-125 (Cancer Antigen) Test,storyteller
claiming a TENS unit for my husband's chronic back pain,"Stimulator, muscle/nerve (TENS)",natural_diverse
hearing aids,Hearing Aids,vague_turn1
pre-approval | not actual claim | before my surgery,Estimate/Pre-Authorization,progressive
mobility aid for my dad,Walker - non wheeled (purchase),vague_turn1
"knee support | regular kind, not custom fitted",Brace (Non-custom),progressive
misc medical item claim,Other medical items,terse
"hired a home support worker after my surgery, help with bathing and meals",In Home Support Services,natural_diverse
attaches to my inhaler,Aerochamber,partial_turn2
submitting for home care hours for my disabled parent,In Home Support Services,natural_diverse
knee support thing,Brace (Non-custom),vague_turn1
"insulin pen, the reusable one you click the cartridges into",Insulin Pen Injector,natural_diverse
CGM | monthly sensors | the round stickers that monitor my sugar,Glucose Monitoring System Supplies/Sensors,progressive
"doctor said i need a glucose meter, got one at shoppers for $30",Blood glucose meter,natural_diverse
"they put a lift in my existing shoe to make one side higher, is that a modification?",Other foot care services (i.e. orthopedic shoe modification),confused_student
purchased a Jon Renau human hair wig from Continental Hair in Toronto,Wig,brand_specific
bought a raised toilet seat for my father after his hip replacement surgery,Raised Toilet seat (purchase),parent_or_dependent
wheels so I can move it room to room,Wheeled Commode (purchase),partial_turn2
orthoptic treatment,Other vision services (i.e. safety glasses),partial_turn2
"these are CUSTOM orthotics, not the $30 insoles from Shoppers, they were made from a 3D scan of my feet",Custom made foot orthotics,complaint
"province paid some, claiming the balance",Provincial Replacement Plan,partial_turn2
"I went to someone who put tiny needles all over my back, is that acupuncture?",Acupuncture,confused_student
Where do I submit claims for nursing home or long-term care facility costs?,Nursing Home and Long Term Care,question
"continuous glucose monitor system receiver only, the sensor goes on my arm and this reads it",Glucose Monitoring System Receiver,natural_diverse
insulin pump device,Insulin infusion pump,terse
long term care | facility | medical portion of fees,Nursing Home and Long Term Care,progressive
the shower chair so I don't fall,Bath Bench/Chair (purchase),partial_turn2
TENS electrode pads refill,"Stimulator, supplies",terse
my diabetic father uses an insulin pen and needs to claim the device cost,Insulin Pen Injector,parent_or_dependent
bachelor level social worker,Social Worker (Bachelors),partial_turn2
"I bought one of those bags you microwave and put on your sore neck, it's reusable",Heat Therapy - Re-usable items (purchase),confused_student
leg compression | not off the shelf | fitted by the orthotics place,"Compression Stockings, custom, any length",progressive
cane,"Cane, standard",vague_turn1
four point cane not regular,Quad Cane (purchase),partial_turn2
dietitian sessions for my condition,Dietitian Services,partial_turn2
"not the gun or pump, the pen",Insulin Pen Injector,partial_turn2
registered massage therapist session for my whiplash from the car accident,Massage,natural_diverse
"sleep machine | the actual device, not the mask or tube","CPAP, APAP, BIPAP Machine",progressive
firm leg socks,"Compression Stockings, knee length (20-29 mmhg)",vague_turn1
"doctor say I need strong sock for knee, 25 mmhg, I buy from pharmacy","Compression Stockings, knee length (20-29 mmhg)",esl_speaker
"claiming my son's continuous glucose monitor sensors, he replaces them every two weeks",Glucose Monitoring System Supplies/Sensors,natural_diverse
"doctor send me to place where they scan foot and make special insole only for me, custom",Custom made foot orthotics,esl_speaker
"I filed under 'CPAP Machine' but I only bought a new mask, the machine was already claimed","CPAP, APAP, BIPAP Mask",wrong_guess
"this isn't a regular brace, it's a custom AFO that was molded to my leg, the categories are so confusing","Brace, AFO/KAFO (Custom)",complaint
I need crutches long-term for my disability so my physio recommended forearm crutches that wrap around my arm instead of going under my armpit,Forearm Crutch (purchase),storyteller
the device attached to me,Insulin infusion pump,vague_turn1
the devices in my ears,Hearing Aids,partial_turn2
"the HEARING TEST itself not the consultation, the booth audiogram",Audiometric Exam,natural_diverse
sleep apnea thing | the machine itself | just got diagnosed,"CPAP, APAP, BIPAP Machine",progressive
homeopathic medicine and consultation visit,Homeopathic Treatment,natural_diverse
medical wig after cancer treatment caused hair loss,Wig,natural_diverse
"my wife got custom made stockings after her surgery, they measured her legs","Compression Stockings, custom, any length",natural_diverse
"my doctor ordered a blood test to check my prostate, the PSA number",PSA Test (Prostate Specific Antigen),confused_student
blood pressure thing | home monitor | doctor wants me tracking daily,Blood pressure monitor,progressive
"it's a FOREARM crutch, not a regular underarm one, the cuff goes around my forearm",Forearm Crutch (purchase),complaint
Submitting for a 24-hour ambulatory blood pressure monitoring study for white coat hypertension evaluation,Ambulatory Blood Pressure Test,detailed_clinical
"went for my annual eye checkup, optometrist visit",Eye Exam,natural_diverse
My old CPAP mask was leaking air around the seal so I went to the sleep store and got a new full-face mask that fits better,"CPAP, APAP, BIPAP Mask",storyteller
"contacts not glasses, the monthly disposable prescription ones",Prescription Contacts,natural_diverse
social worker with a bachelor's social worker support for my mental health after job loss,Social Worker (Bachelors),natural_diverse
"getting a replacement CPAP nasal mask for my wife, her old one cracked","CPAP, APAP, BIPAP Mask",parent_or_dependent
compression gloves arthritis,Other garment brace services (i.e. compression gloves),natural_diverse
"BLOOD allergy test not skin scratch test, they took blood for the allergy antibodies panel",Blood test for Allergies (IG test not eligible),natural_diverse
"the MACHINE itself not the mask or tubes, the actual CPAP unit","CPAP, APAP, BIPAP Machine",natural_diverse
custom orthotics rx,Custom made foot orthotics,terse
safety bars in bathroom for my mom,Grab Bar/Bath Bar - permanent fixtures (purchase),partial_turn2
"OTHER foot service not orthotics or chiropody, they altered my actual shoe",Other foot care services (i.e. orthopedic shoe modification),natural_diverse
"doing online CBT program, the app based therapy thing my doctor suggested",Digital Cognitive Behavioural Therapy,natural_diverse
"just the exam, no glasses",Eye Exam,partial_turn2
I was admitted to The Ottawa Hospital Civic Campus for three days after surgery,Hospital (within your province),storyteller
treatment plan before work begins,Dental Estimate for Services,partial_turn2
Submitting a comprehensive dental treatment plan estimate for prior authorization of recommended restorative procedures,Dental Estimate for Services,detailed_clinical
"submitting for orthodontics for my son, initial and ongoing fees",Orthodontic Services (Braces - initial and monthly fee),natural_diverse
stationary bedside commode,Stationary Commode (purchase),terse
the bags for my stoma,Ostomy,partial_turn2
dentist took impressions and x-rays for orthodontic planning,Other Orthodontic/Dental Services (i.e. orthodontic records),natural_diverse
Submitting for thigh-length graduated compression hosiery rated 15-20 mmHg with silicone grip band,"Compression Stockings, thigh/full (15-19 mmhg)",detailed_clinical
I think these go under 'Other garment brace services' but they're actually footless compression tights,"Compression Calf Sleeves/Tights (footless), any length",wrong_guess
"really hard to put on, very tight","Compression Stockings, knee length (30 mmhg & over)",partial_turn2
mental health | app based CBT | doctor subscribed me,Digital Cognitive Behavioural Therapy,progressive
reusable heat pack not single use,Heat Therapy - Re-usable items (purchase),partial_turn2
"prescription lenses, need them to see",Prescription Glasses,partial_turn2
"I buy walker for walk, it have no wheel, you must lift and move, metal frame",Walker - non wheeled (purchase),esl_speaker
mammogram breast screening,Mammogram,natural_diverse
"I buy small device that send sugar number to phone, it connect to sensor, it is transmitter part",Glucose Monitoring System Transmitter,esl_speaker
"PRE-ESTIMATE not actual dental done yet, just the plan",Dental Estimate for Services,natural_diverse
submitting for lab tests not covered under standard categories,Other laboratory and diagnostic tests,natural_diverse
"I have insulin gun but it is not automatic, I must push by myself with hand",Insulin Gun (manual),esl_speaker
vitamin D blood test level,Vitamin D Test,terse
hearing aid purchase claim,Hearing Aids,terse
"not a raised seat, the safety frame",Versa Frame (purchase),partial_turn2
"MRI | done privately, paid out of pocket",MRI (Magnetic Resonance Imaging),progressive
"sensors, need replacing every two weeks",Glucose Monitoring System Supplies/Sensors,partial_turn2
cpap stuff,"CPAP, APAP, BIPAP Supplies",vague_turn1
optometrist eye exam annual,Eye Exam,natural_diverse
"specialist in integrative medicine, not covered under standard categories",Other health specialists,natural_diverse
Filing for the initial placement fee and monthly adjustment charges for fixed ceramic orthodontic brackets,Orthodontic Services (Braces - initial and monthly fee),detailed_clinical
TB test,TB Test/Mantoux,vague_turn1
I did a sleep study and they said I have sleep apnea so I just bought my own CPAP machine from the sleep clinic,"CPAP, APAP, BIPAP Machine",storyteller
colonoscopy | scope procedure | gastroenterologist did it,Colonoscopy,progressive
vitamin blood test,Vitamin D Test,vague_turn1
allergy blood test,Blood test for Allergies (IG test not eligible),vague_turn1
"OTHER hearing service not aids or audiogram, different ear service",Other hearing services,natural_diverse
male urinal bottle for my dad during his recovery at home,Urinal (purchase),natural_diverse
"electrodes for my tens unit, the pads lose their stickiness after a while","Stimulator, supplies",natural_diverse
after provincial plan paid their part,Provincial Replacement Plan,partial_turn2
Where do I claim a bedpan for home recovery?,Bedpan,question
my husband had a private MRI for his shoulder injury and I need to submit the receipt,MRI (Magnetic Resonance Imaging),parent_or_dependent
the steam device,Vaporizer (table top),vague_turn1
it's the screen thingy that shows my sugar levels from the sensor on my arm,Glucose Monitoring System Receiver,confused_student
pre-approval dental,Dental Estimate for Services,vague_turn1
compression socks for my knee area,"Compression Stockings, knee length (15-19 mmhg)",vague_turn1
had a lift added to my shoe to fix my leg length difference,Other foot care services (i.e. orthopedic shoe modification),natural_diverse
"monthly pump supplies, the tubing and insertion sets",Insulin infusion pump supplies,natural_diverse
homeopath doing constitutional treatment for my recurring symptoms,Homeopathic Treatment,natural_diverse
"24 HOUR blood pressure test not a regular BP reading, monitor worn all day",Ambulatory Blood Pressure Test,natural_diverse
basic walker no wheels,Walker - non wheeled (purchase),terse
I saw someone called an athletic therapist at the sports medicine place,Athletic Therapy,confused_student
the colored hard cast,"Cast, fiberglass",partial_turn2
"knee socks | really hard to put on, very tight","Compression Stockings, knee length (30 mmhg & over)",progressive
Where do I file for compression stockings that were custom made to my measurements?,"Compression Stockings, custom, any length",question
"had an x-ray at a private clinic, paid for it myself",X-Ray,natural_diverse
teeth thing | regular dental | not an accident or braces,Dental Services,progressive
medical bracelet,Medic Alert Bracelet,vague_turn1
crutches | the standard underarm kind,"Crutches, pair",progressive
I was at a remote hiking site and needed emergency helicopter medical transport to hospital,Other emergency services,storyteller
"just the FEE for drawing blood, not the tests themselves",Blood Withdrawal Fee,natural_diverse
wearing a medical alert bracelet for my seizure disorder,Medic Alert Bracelet,natural_diverse
app based therapy doctor suggested,Digital Cognitive Behavioural Therapy,partial_turn2
grab bars installed in the tub,Grab Bar/Bath Bar - permanent fixtures (purchase),partial_turn2
"submitting for psychotherapy sessions, therapist is registered RP",Psychotherapist,natural_diverse
"safety glasses i need for work, prescription safety frames",Safety Glasses,natural_diverse
chiropody and podiatry both treat feet so what's the difference? my receipt says chiropody treatment,Chiropody (Foot Care) Treatment,complaint
"post surgery thigh high compression recommended by doctor, the firm ones","Compression Stockings, thigh/full (20-29 mmhg)",natural_diverse
"this is a MASTERS level social worker not bachelors, different from other one",Social Worker (Masters level),natural_diverse
registered physiotherapist treating my post-surgical knee rehab,Physiotherapy,natural_diverse
claiming my daughter's orthodontic records including panoramic x-ray and photos taken before braces,Other Orthodontic/Dental Services (i.e. orthodontic records),parent_or_dependent
x-ray,X-Ray,vague_turn1
my doctor wants to get something pre-approved by insurance before the procedure,Estimate/Pre-Authorization,confused_student
gastroenterologist did the scope,Colonoscopy,partial_turn2
BP monitor | strapped on for a full day | cardiologist ordered,Ambulatory Blood Pressure Test,progressive
Where do I claim the separate fee they charge just for drawing blood?,Blood Withdrawal Fee,question
"SAFETY glasses not regular, required by my employer for the job",Safety Glasses,natural_diverse
therapist,Psychologist,vague_turn1
"naturopathy consult and treatments, integrative medicine approach",Naturopathic Treatment,natural_diverse
wheeled commode chair rolling,Wheeled Commode (purchase),terse
"sleep clinic prescribed sleep apnea machine machine for my apnea, how do i claim","CPAP, APAP, BIPAP Machine",natural_diverse
the seat for the shower,Bath Bench/Chair (purchase),vague_turn1
my son needs to submit a claim for his footless compression calf sleeves for track,"Compression Calf Sleeves/Tights (footless), any length",parent_or_dependent
"submitting for my son's psychologist visits, he's a registered psych",Psychologist,natural_diverse
ultrasound | paid privately | at imaging clinic | couldn't wait,Ultrasound,progressive
"I just grabbed a wrist thing from the drugstore, it's not custom or anything",Brace (Non-custom),confused_student
commode chair purchased for home use during my dad's recovery,Stationary Commode (purchase),natural_diverse
quad cane,Quad Cane (purchase),vague_turn1
ambulance fee emergency transport,Ambulance,natural_diverse
submitting for speech language pathologist visits,Speech Therapy,natural_diverse
wheeled walker rollator purchase,Walker - with wheels (purchase),natural_diverse
the hard cast,"Cast, fiberglass",vague_turn1
mental health thing,Other mental health services,vague_turn1
emergency | not ambulance or hospital | urgent care clinic,Other emergency services,progressive
"super tight compression stockings knee high, doctor said get the strong ones","Compression Stockings, knee length (30 mmhg & over)",natural_diverse
TENS electrode pads supplies,"Stimulator, supplies",natural_diverse
phlebotomy fee separate from tests,Blood Withdrawal Fee,partial_turn2
leg brace,"Brace, AFO/KAFO (Custom)",vague_turn1
"stoma supplies for my urostomy, monthly supplies claim",Ostomy,natural_diverse
"glasses | prescription lenses, need them to see",Prescription Glasses,progressive
"monthly medication refill, my blood pressure pills",Drug,natural_diverse
made from a mold of my leg,"Compression Stockings, custom, any length",partial_turn2
purchased a FreeStyle Libre 2 reader device from the pharmacy,Glucose Monitoring System Receiver,brand_specific
speech pathologist | sessions | for my language recovery after stroke,Speech Therapy,progressive
rehab exercises and manual therapy,Physiotherapy,partial_turn2
submitting for elevated toilet seat we bought for post surgery recovery,Raised Toilet seat (purchase),natural_diverse
purchased a folding cane for my arthritic mother,"Cane, standard",natural_diverse
breast pump | electric | for going back to work,Breast Pump (purchase),progressive
protective eyewear | prescription lenses | employer requires them,Safety Glasses,progressive
the gel and wand scan,Ultrasound,partial_turn2
"I got compression gloves for my arthritis, they're not stockings or a regular brace",Other garment brace services (i.e. compression gloves),confused_student
"blood test for my prostate, the the prostate blood test screening",PSA Test (Prostate Specific Antigen),natural_diverse
"someone came to my house to help me with stuff after my surgery, like a home nurse",In Home Support Services,confused_student
chiropodist not podiatrist,Chiropody (Foot Care) Treatment,partial_turn2
a brace,Brace (Non-custom),vague_turn1
"submitting for off the shelf orthotics, not the custom kind",Standard foot orthotics or shoe inserts,natural_diverse
submitting for my son's fiberglass cast after his wrist break,"Cast, fiberglass",natural_diverse
breast pump electric purchase,Breast Pump (purchase),terse
"tinnitus management program, audiologist provided treatment",Other hearing services,natural_diverse
What category for adult incontinence products?,Incontinence Supplies,question
"the dropdown has like seven compression stocking options and mine are just mild ones under 14 mmhg, which one??","Compression Stockings, any length (up to 14 mmhg)",complaint
"pump consumables, the pieces i have to replace every few days",Insulin infusion pump supplies,natural_diverse
"I filed under 'Chiropody Foot Care Treatment' but my receipt says podiatrist, not chiropodist",Podiatry Treatment,wrong_guess
"custom left knee brace for joint arthritis, do i claim under brace or orthotics","Brace, left knee (Custom)",natural_diverse
"bedside humidifier, doctor recommended for my asthma management",Humidifier (Table Top),natural_diverse
private ultrasound paid out of pocket,Ultrasound,partial_turn2
submitting for a wig my wife needed after her chemotherapy,Wig,natural_diverse
forearm support crutches,Forearm Crutch (purchase),vague_turn1
I chose 'Compression Stockings knee length 15-19' but mine are actually only 12 mmhg,"Compression Stockings, any length (up to 14 mmhg)",wrong_guess
"I need IV stand for home, for medicine that go in my vein, I buy the metal stand with hook",IV Stand (purchase),esl_speaker
aerochamber spacer puffer,Aerochamber,terse
blood pressure thing | wore it all day and night | 24 hour test,Ambulatory Blood Pressure Test,progressive
PSA prostate blood test,PSA Test (Prostate Specific Antigen),terse
buying a transport wheelchair for my mother so we can take her to appointments easily,Transport Wheelchair,parent_or_dependent
"CLINICAL counsellor not a psychologist, her designation is counsellor",Clinical Counsellor,natural_diverse
Claiming single-vision CR-39 lenses with anti-reflective coating and titanium frames fitted to prescription,Prescription Glasses,detailed_clinical
compression arm sleeve,Other garment brace services (i.e. compression gloves),vague_turn1
compression gloves,Other garment brace services (i.e. compression gloves),vague_turn1
mammogram | annual | breast cancer screening | paid privately,Mammogram,progressive
registered massage therapy for my neck and back tension,Massage,natural_diverse
inhaler thing | the spacer that attaches to my puffer,Aerochamber,progressive
accident tooth,Dental Accident,vague_turn1
Claiming bilateral weight-bearing anteroposterior and lateral radiographic imaging of the knees,X-Ray,detailed_clinical
"the province paid some, submitting the balance for top-up coverage",Provincial Replacement Plan,natural_diverse
MSW not BSW,Social Worker (Masters level),partial_turn2
"there's automatic and manual insulin guns plus pens and pumps, mine is the automatic GUN not a pen",Insulin Gun (automatic),complaint
"I picked up medicine the doctor prescribed, just regular pills from the pharmacy",Drug,confused_student
"TENS unit, the machine itself","Stimulator, muscle/nerve (TENS)",partial_turn2
had my annual eye exam at FYidoctors location in Rideau Centre,Eye Exam,brand_specific
"my psychologist has a doctorate, does psychological assessments and therapy",Psychologist,natural_diverse
"Where do I claim a lab test that doesn't match allergy, vitamin D, PSA, or other specific categories?",Other laboratory and diagnostic tests,question
orthodontic records diagnostic dental,Other Orthodontic/Dental Services (i.e. orthodontic records),natural_diverse
"I went to someone who checked my hearing and adjusted my hearing aids, she's an audiologist",Audiologist Services,confused_student
specialist,Other health specialists,vague_turn1
"not stockings, the compression gloves",Other garment brace services (i.e. compression gloves),partial_turn2
"vision therapy program, 12 sessions, prescribed by optometrist",Other vision services (i.e. safety glasses),natural_diverse
standard walker without wheels for my elderly father after his hip surgery,Walker - non wheeled (purchase),natural_diverse
crutches after my injury,"Crutches, pair",vague_turn1
"using an online cognitive behavioural therapy program, do i claim",Digital Cognitive Behavioural Therapy,natural_diverse
home asthma monitoring device,Peak Flow Meter,partial_turn2
"I bought new hoses and filter things for my breathing machine, not the machine or mask","CPAP, APAP, BIPAP Supplies",confused_student
submitting for peak flow meter my respirologist recommended,Peak Flow Meter,natural_diverse
"transit wheelchair, the folding kind for taking to appointments",Transport Wheelchair,natural_diverse
private scan,MRI (Magnetic Resonance Imaging),vague_turn1
bath seat | so I can sit while showering | for my balance issues,Bath Bench/Chair (purchase),progressive
the pump for milk,Breast Pump (purchase),vague_turn1
arch support | not fitted | just picked size from the rack,Standard foot orthotics or shoe inserts,progressive
mastectomy bra prosthetic,Mastectomy bra,terse
ear wax removal | at hearing clinic | not hearing aids,Other hearing services,progressive
"I went to the dentist for a regular cleaning and checkup, basic stuff",Dental Services,confused_student
I've had heel pain for months so I saw a podiatrist who diagnosed plantar fasciitis and did some manual therapy,Podiatry Treatment,storyteller
safety frames with my prescription lenses,Safety Glasses,partial_turn2
overnight sleep apnea study at the hospital sleep clinic,Sleep Study,natural_diverse
"had my vitamin D checked, it was very low",Vitamin D Test,natural_diverse
the pads for incontinence,Incontinence Supplies,vague_turn1
submitting for vision therapy my optometrist prescribed,Other vision services (i.e. safety glasses),natural_diverse
it's the little piece that clips onto the sensor and sends data to my phone wirelessly,Glucose Monitoring System Transmitter,confused_student
MRI scan private clinic,MRI (Magnetic Resonance Imaging),terse
ostomy | colostomy bags and supplies | monthly claim,Ostomy,progressive
dental accident injury tooth,Dental Accident,natural_diverse
"got knee high stokings medium compression from the drug store, varicose veins","Compression Stockings, knee length (15-19 mmhg)",natural_diverse
Claiming a comprehensive pharmacogenomic panel and BRCA1/BRCA2 mutation screening,Screening (for DNA/Genetic purposes),detailed_clinical
"inhaler spacer chamber, doctor said i need one for my asthma inhaler",Aerochamber,natural_diverse
"had to get safety glasses for my job, the protective kind with my prescription",Safety Glasses,natural_diverse
nursing home long term care fees,Nursing Home and Long Term Care,natural_diverse
"CONTACTS not glasses, prescription lenses i put in my eyes",Prescription Contacts,natural_diverse
"I see homeopath doctor, she give me small medicine and ask many question about my health",Homeopathic Treatment,esl_speaker
the contour neck pillow my physio said to get for my posture,Cervical Pillow,natural_diverse
Which category for a treatment appointment with a licensed podiatrist?,Podiatry Treatment,question
"JUST the exam not glasses, the actual checkup at the eye doctor",Eye Exam,natural_diverse
dental estimate,Dental Estimate for Services,vague_turn1
Submitting receipt for bilateral below-knee support hosiery rated 8-14 mmHg for venous insufficiency prophylaxis,"Compression Stockings, any length (up to 14 mmhg)",detailed_clinical
"Where do I submit a vision-related claim that doesn't fit glasses, contacts, or eye exams?",Other vision services (i.e. safety glasses),question
measured and made specifically for my right knee,"Brace, right knee (Custom)",partial_turn2
"Claiming graduated compression calf sleeves, open-toe design, 15-20 mmHg, bilateral","Compression Calf Sleeves/Tights (footless), any length",detailed_clinical
medical compression garment,Other garment brace services (i.e. compression gloves),partial_turn2
got new prescription glasses with Essilor Varilux progressive lenses at Hakim Optical,Prescription Glasses,brand_specific
had shoe modifications done at Aetrex-certified pedorthist at BioPed clinic,Other foot care services (i.e. orthopedic shoe modification),brand_specific
braces initial fee and monthly,Orthodontic Services (Braces - initial and monthly fee),partial_turn2
the handheld device,Blood glucose meter,partial_turn2
"seeing a registered psychologist for my PTSD, not just a counsellor",Psychologist,natural_diverse
"mild support, wore them on the plane","Compression Stockings, any length (up to 14 mmhg)",partial_turn2
"this is an ONLINE CBT program not an in-person therapist visit, none of the mental health practitioner categories fit",Digital Cognitive Behavioural Therapy,complaint
claiming an insulin infusion pump for my teenage daughter who was recently diagnosed with type 1 diabetes,Insulin infusion pump,parent_or_dependent
"I went to someone who cut my toenails and scraped the hard skin off my feet, is that a chiropodist?",Chiropody (Foot Care) Treatment,confused_student
doctor prescribed cannabis for pain,Medical Cannabis,partial_turn2
supplies for my pump not the pump itself,Insulin infusion pump supplies,partial_turn2
folding chair someone else pushes,Transport Wheelchair,partial_turn2
the brace person made one specifically for my right knee after my injury,"Brace, right knee (Custom)",confused_student
store bought ankle brace,Brace (Non-custom),terse
my mother had a hip replacement and needs a home care worker to come help her bathe and get dressed,In Home Support Services,parent_or_dependent
I submitted under 'Social Worker Masters level' but my social worker actually has a BSW not an MSW,Social Worker (Bachelors),wrong_guess
"this isn't a new custom shoe and it's not orthotics, they MODIFIED my existing shoes, which category is that?",Other foot care services (i.e. orthopedic shoe modification),complaint
"elbow crutch purchase, forearm style for long term use not regular crutches",Forearm Crutch (purchase),natural_diverse
"I buy the tube and filter for CPAP machine, not machine and not mask, just parts","CPAP, APAP, BIPAP Supplies",esl_speaker
Which category for the wireless transmitter part of my glucose monitoring system?,Glucose Monitoring System Transmitter,question
"prostate antigen blood test, annual monitoring for my age",PSA Test (Prostate Specific Antigen),natural_diverse
submitting for ultrasound i had done at a private imaging clinic,Ultrasound,natural_diverse
"post mastectomy bra, the one with the pocket for prosthesis",Mastectomy bra,natural_diverse
electrode pads,"Stimulator, supplies",vague_turn1
used in bed when I couldn't walk,Bedpan,partial_turn2
"submitting for my MRI, the private one i paid for",MRI (Magnetic Resonance Imaging),natural_diverse
"OCCUPATIONAL THERAPY not physiotherapy, OT focuses on daily function",Occupational Therapy,natural_diverse
Where do I file for replacement electrode pads and wires for my TENS unit?,"Stimulator, supplies",question
Which category for a commode without wheels?,Stationary Commode (purchase),question
chiropractor | not massage | back and neck treatment,Chiropractic,progressive
acupuncturist treatment,Acupuncture,partial_turn2
"social worker | bachelor level, BSW",Social Worker (Bachelors),progressive
got a custom Ossur Rebound right knee brace fitted at the sports medicine clinic,"Brace, right knee (Custom)",brand_specific
Which category for a massage therapy session with a registered massage therapist?,Massage,question
sessions with my RCC clinical counsellor through the Onyx Therapy Group,Clinical Counsellor,brand_specific
automatic home BP monitor for my hypertension management,Blood pressure monitor,natural_diverse
CGM screen,Glucose Monitoring System Receiver,vague_turn1
special stockings | they measured my legs and made them to fit,"Compression Stockings, custom, any length",progressive
my son needs to claim his custom left knee brace after his hockey injury,"Brace, left knee (Custom)",parent_or_dependent
"protective prescription eyewear for workshop use, claim under what",Safety Glasses,natural_diverse
I bought those little needle things that prick your finger for blood sugar testing,Lancet,confused_student
allergy test | blood drawn not skin prick | IgE panel,Blood test for Allergies (IG test not eligible),progressive
brace from the orthotist,"Brace, AFO/KAFO (Custom)",vague_turn1
spring-loaded insulin injector for my mother who can't self inject manually,Insulin Gun (automatic),natural_diverse
submitting for transport chair for my disabled parent,Transport Wheelchair,natural_diverse
special pillow | cervical | for my neck pain after whiplash,Cervical Pillow,progressive
meds,Drug,vague_turn1
alcohol swabs injection prep,Alcohol swabs,natural_diverse
Claiming a pair of standard axillary crutches with padded handgrips and underarm cushions,"Crutches, pair",detailed_clinical
Which category for permanent grab bars I had installed in my bathroom?,Grab Bar/Bath Bar - permanent fixtures (purchase),question
diagnostic not the standard ones,Other laboratory and diagnostic tests,partial_turn2
my child sees an occupational therapist for fine motor skill development and sensory processing,Occupational Therapy,parent_or_dependent
audiologist,Audiologist Services,vague_turn1
submitting for my father's audiologist appointment,Audiologist Services,natural_diverse
"goes up to my knee, pretty firm","Compression Stockings, knee length (20-29 mmhg)",partial_turn2
"full leg compression | thigh high | the strongest kind, for my lymphedema","Compression Stockings, thigh/full (30 mmhg & over)",progressive
"BREAST PUMP not related to baby formula, the pump device itself",Breast Pump (purchase),natural_diverse
"I go to audiologist, she check hearing and help with my hearing machine",Audiologist Services,esl_speaker
transport wheelchair not self propelled,Transport Wheelchair,partial_turn2
"the doctor make special brace for my foot and ankle, it is custom only for me, go from foot to below knee","Brace, AFO/KAFO (Custom)",esl_speaker
Which category for a skin prick or scratch test for allergies?,Scratch Test for Allergies,question
"URINAL not a commode, the bottle type for use in bed",Urinal (purchase),natural_diverse
walking cane,"Cane, standard",vague_turn1
Where do I claim services from a certified audiologist?,Audiologist Services,question
"I'm diabetic so my doctor said I need regular foot care from a chiropodist, she trimmed my nails and treated a callus",Chiropody (Foot Care) Treatment,storyteller
OTHER medical item not covered by specific categories listed,Other medical items,natural_diverse
attaches to existing toilet,Raised Toilet seat (purchase),partial_turn2
How do I submit a claim under the provincial replacement plan?,Provincial Replacement Plan,question
"the really firm kind and over knee stocking, is this under compression or medical item","Compression Stockings, knee length (30 mmhg & over)",natural_diverse
for taking to appointments,Transport Wheelchair,partial_turn2
I buy the knee sock with compression number 15 to 19 for my leg problem,"Compression Stockings, knee length (15-19 mmhg)",esl_speaker
the ones fitted at the clinic,"Compression Stockings, custom, any length",vague_turn1
walker | has wheels and a seat,Walker - with wheels (purchase),progressive
Claiming specific IgE serum allergy testing panel for environmental and food allergen identification,Blood test for Allergies (IG test not eligible),detailed_clinical
rolling commode,Wheeled Commode (purchase),vague_turn1
"sends data to the receiver, it's separate from the sensor",Glucose Monitoring System Transmitter,partial_turn2
had a full hearing evaluation with an audiologist at the Ottawa Audiology Clinic,Audiologist Services,brand_specific
vitamin D test | blood drawn | doctor suspected deficiency,Vitamin D Test,progressive
"colon cancer screening colonoscopy, gastroenterologist did it",Colonoscopy,natural_diverse
thigh high compression medium firm,"Compression Stockings, thigh/full (15-19 mmhg)",natural_diverse
they put me in a soundproof room and played beeps to test my hearing,Audiometric Exam,confused_student
I was just diagnosed with diabetes and my pharmacist helped me pick out a basic blood sugar meter that uses finger pricks,Blood glucose meter,storyteller
insulin pump wearable device,Insulin infusion pump,natural_diverse
claiming insulin pen injector for my mother's insulin therapy,Insulin Pen Injector,natural_diverse
the cane with four feet at the bottom for better balance,Quad Cane (purchase),natural_diverse
cast,"Cast, fiberglass",vague_turn1
osteopathic treatment | not chiropractic | for my hip pain,Osteopath,progressive
What's the right category for knee-length compression stockings at 30 mmHg or higher?,"Compression Stockings, knee length (30 mmhg & over)",question
ear cleaning at hearing clinic,Other hearing services,partial_turn2
toilet seat riser | attaches to toilet | after my hip replacement,Raised Toilet seat (purchase),progressive
cold therapy wrap,Cold Therapy - Re-usable Items (purchase),partial_turn2
submitting for shower bench we bought after my surgery,Bath Bench/Chair (purchase),natural_diverse
the medela pump,Breast Pump (purchase),partial_turn2
has her MSW,Social Worker (Masters level),partial_turn2
"orthotist made a brace for my LEFT knee specifically, custom measured","Brace, left knee (Custom)",natural_diverse
I went to someone who cracked my back and adjusted my spine,Chiropractic,confused_student
rolling toilet chair,Wheeled Commode (purchase),partial_turn2
purchased a transport chair for my elderly mother's outings,Transport Wheelchair,natural_diverse
going for acupuncture needles in my back and neck for the muscle tension,Acupuncture,natural_diverse
mammogram,Mammogram,vague_turn1
authorized cannabis | doctor gave me the authorization | licensed producer,Medical Cannabis,progressive
"MASTECTOMY BRA not regular, specifically designed post surgery",Mastectomy bra,natural_diverse
getting thigh-high 15 mmhg compression stockings for my pregnant wife,"Compression Stockings, thigh/full (15-19 mmhg)",parent_or_dependent
physio appointment | injury recovery | post surgical rehab,Physiotherapy,progressive
submitting for quad cane for my mother after her stroke,Quad Cane (purchase),natural_diverse
"chipped my tooth in an accident, dentist fixed it, is this covered",Dental Accident,natural_diverse
"the armpit ones, a pair","Crutches, pair",partial_turn2
"footless, just goes up the leg","Compression Calf Sleeves/Tights (footless), any length",partial_turn2
safety rails for the mattress,Bed Rails (purchase),partial_turn2
the frame around the toilet,Versa Frame (purchase),vague_turn1
special shoes,Orthopaedic or custom made shoes,vague_turn1
"elbow crutch, permanent use",Forearm Crutch (purchase),partial_turn2
submitting for x-ray i paid for at a private clinic,X-Ray,natural_diverse
Filing for skilled in-home personal support worker services for post-operative activities of daily living assistance,In Home Support Services,detailed_clinical
"went to get fitted, they made compresion stokings just for my legs specificaly","Compression Stockings, custom, any length",natural_diverse
"this is the TRANSMITTER not the sensor, the part that sends data to receiver",Glucose Monitoring System Transmitter,natural_diverse
wheeled commode,Wheeled Commode (purchase),vague_turn1
I see someone who helps me talk better after my stroke,Speech Therapy,confused_student
stoma supplies,Ostomy,vague_turn1
raised toilet seat purchase,Raised Toilet seat (purchase),natural_diverse
Claiming a gadolinium-enhanced MRI of the lumbar spine for intervertebral disc herniation evaluation,MRI (Magnetic Resonance Imaging),detailed_clinical
MASSAGE THERAPY by a registered registered massage therapist not spa massage,Massage,natural_diverse
post surgery bra,Mastectomy bra,vague_turn1
booked my wife's sessions with a dietitian through Revive Wellness for postpartum nutrition,Dietitian Services,parent_or_dependent
tuberculosis test,TB Test/Mantoux,vague_turn1
"I filed under 'Psychologist' but my therapist is a registered psychotherapist, not a psychologist",Psychotherapist,wrong_guess
wide base cane,Quad Cane (purchase),vague_turn1
peak flow meter asthma monitoring,Peak Flow Meter,natural_diverse
"speech language therapy for my stroke recovery, relearning to speak",Speech Therapy,natural_diverse
custom foot orthotics prescription,Custom made foot orthotics,natural_diverse
"IV STAND not a hospital item, bought for home use during infusion",IV Stand (purchase),natural_diverse
stationary commode not wheeled,Stationary Commode (purchase),partial_turn2
purchased a Drive Medical adjustable IV pole for my husband's home IV therapy,IV Stand (purchase),brand_specific
custom made for my left knee,"Brace, left knee (Custom)",partial_turn2
strong compression stockings,"Compression Stockings, thigh/full (30 mmhg & over)",vague_turn1
social worker,Social Worker (Masters level),vague_turn1
"these are NOT custom, just regular off-the-shelf shoe inserts, don't know why the categories make it so confusing",Standard foot orthotics or shoe inserts,complaint
unusual test not in categories,Other laboratory and diagnostic tests,partial_turn2
physio told me to get this pillow,Cervical Pillow,partial_turn2
submitting for hearing related service not in the main categories,Other hearing services,natural_diverse
"MRI scan done privately, doctor referred me but list too long",MRI (Magnetic Resonance Imaging),natural_diverse
"I go for therapy but my therapist is not psychologist or social worker, she do different type, art therapy",Other mental health services,esl_speaker
"private diagnostic ultrasound, couldn't wait for public referral",Ultrasound,natural_diverse
had custom orthopedic shoes made by P.W. Minor through my pedorthist at SoleFit,Orthopaedic or custom made shoes,brand_specific
manual insulin gun device,Insulin Gun (manual),terse
"toric contact lenses for my astigmatism, prescription required",Prescription Contacts,natural_diverse
"freestyle libre sensors monthly, the round patches on my arm",Glucose Monitoring System Supplies/Sensors,natural_diverse
glasses,Prescription Glasses,vague_turn1
seeing a social worker | she has a BSW not MSW,Social Worker (Bachelors),progressive
My optometrist noticed something during my exam and ordered a retinal OCT scan and visual field test to check for early glaucoma,Diagnostic Vision Test,storyteller
Where do I file a claim for a walker that has wheels and a seat?,Walker - with wheels (purchase),question
shoe inserts,Standard foot orthotics or shoe inserts,vague_turn1
purchased a Medline Guardian toilet safety frame from Medical Mart,Versa Frame (purchase),brand_specific
mobility thing | the simple kind | no wheels just a frame,Walker - non wheeled (purchase),progressive
PSA screening annual,PSA Test (Prostate Specific Antigen),partial_turn2
I got little devices that go in my ears to help me hear better,Hearing Aids,confused_student
muscle stimulator,"Stimulator, muscle/nerve (TENS)",vague_turn1
"my shoe is change by foot doctor, he add special part inside, not new shoe, just change old shoe",Other foot care services (i.e. orthopedic shoe modification),esl_speaker
the walking support thing,Walker - non wheeled (purchase),vague_turn1
Claiming a subscription to a clinician-guided internet-delivered cognitive behavioural therapy program for generalized anxiety disorder,Digital Cognitive Behavioural Therapy,detailed_clinical
bedside commode | stationary | for my recovery | can't walk far,Stationary Commode (purchase),progressive
had a podiatry appointment at Ottawa Foot Clinic with Dr. Smith DPM,Podiatry Treatment,brand_specific
private imaging clinic,MRI (Magnetic Resonance Imaging),partial_turn2
manual osteopathic treatment,Osteopath,partial_turn2
"renting or bought crutches after my surgery, can i claim","Crutches, pair",natural_diverse
"I put this under 'Psychotherapist' but it's actually a digital CBT platform, not in-person sessions",Digital Cognitive Behavioural Therapy,wrong_guess
claiming MSW social worker sessions booked through BetterHelp,Social Worker (Masters level),brand_specific
"REUSABLE heat therapy not single use, electric or microwavable kind",Heat Therapy - Re-usable items (purchase),natural_diverse
social work | not masters level | bachelor degree,Social Worker (Bachelors),progressive
blood sugar device,Blood glucose meter,vague_turn1
breast pump,Breast Pump (purchase),vague_turn1
"compression sleeve | footless kind, just the calf","Compression Calf Sleeves/Tights (footless), any length",progressive
"I went to a therapist who does music therapy, I can't find a category for that",Other mental health services,confused_student
dental visit | filling and xrays | routine appointment,Dental Services,progressive
dietitian | registered RD | for my diabetes meal planning,Dietitian Services,progressive
lab test | unusual | not the standard blood work categories,Other laboratory and diagnostic tests,progressive
accessories for my sleep machine,"CPAP, APAP, BIPAP Supplies",vague_turn1
prescription medication rx claim,Drug,terse
"firm compression, knee high","Compression Stockings, knee length (20-29 mmhg)",partial_turn2
OT occupational therapy,Occupational Therapy,terse
"vascular specialist prescribed the really tight ones, hard to put on knee length, very firm","Compression Stockings, knee length (30 mmhg & over)",natural_diverse
Do I pick the 20-29 mmHg knee-length option for stockings rated at 25?,"Compression Stockings, knee length (20-29 mmhg)",question
the handheld reader not the sensor,Glucose Monitoring System Receiver,partial_turn2
Which category for a fiberglass cast I had applied at the hospital?,"Cast, fiberglass",question
registered athletic therapist,Athletic Therapy,partial_turn2
ultrasound,Ultrasound,vague_turn1
walking cane basic,"Cane, standard",terse
the sleeve thing for my calf,"Compression Calf Sleeves/Tights (footless), any length",vague_turn1
BP cuff | automatic | for my hypertension management at home,Blood pressure monitor,progressive
"submitting for a health specialist visit, not sure which category",Other health specialists,natural_diverse
"these are NOT full stockings, they stop at the ankle, open toe compression","Compression Calf Sleeves/Tights (footless), any length",natural_diverse
quad cane 4-foot base,Quad Cane (purchase),terse
seeing a social worker,Social Worker (Bachelors),vague_turn1
custom made for my right knee,"Brace, right knee (Custom)",partial_turn2
What category for a cane with a four-pronged base?,Quad Cane (purchase),question
physio for my injury recovery,Physiotherapy,partial_turn2
Which category for a visit with a naturopathic doctor?,Naturopathic Treatment,question
ordered a 3-pack of Dexcom G7 sensors from Diabetes Express,Glucose Monitoring System Supplies/Sensors,brand_specific
taking my mom to the podiatrist for her bunion treatment and need to claim it,Podiatry Treatment,parent_or_dependent
seeing an osteopath for my lower back and hip pain,Osteopath,natural_diverse
dental treatment plan submitted for approval before work begins,Dental Estimate for Services,natural_diverse
"I got the strongest knee socks my doctor prescribed, they're really hard to put on, I think 30-40 pressure","Compression Stockings, knee length (30 mmhg & over)",confused_student
shoe alteration for my leg length difference,Other foot care services (i.e. orthopedic shoe modification),partial_turn2
claiming hearing aid batteries and cleaning service for my father's devices,Other hearing services,parent_or_dependent
"Submitting a receipt for a prefabricated hinged knee stabilizer brace, non-custom, OTC purchase",Brace (Non-custom),detailed_clinical
"brace is custom make for right knee only, orthotist take measurement of right leg","Brace, right knee (Custom)",esl_speaker
wheelchair,Transport Wheelchair,vague_turn1
"cpap full face mask replacement, the old one stopped sealing properly","CPAP, APAP, BIPAP Mask",natural_diverse
commode chair,Stationary Commode (purchase),vague_turn1
My dad has trouble walking long distances so I got him a nice rollator with a seat so he can rest when he gets tired,Walker - with wheels (purchase),storyteller
my doctor ordered blood work specifically to check my vitamin D levels,Vitamin D Test,confused_student
sterile wipes,Alcohol swabs,vague_turn1
"blood collection fee, separate line on my lab receipt",Blood Withdrawal Fee,natural_diverse
CPAP machine purchase,"CPAP, APAP, BIPAP Machine",terse
"regular dental work, cleaning and a filling",Dental Services,natural_diverse
podiatrist visit,Podiatry Treatment,vague_turn1
claiming a Trudell AeroChamber Plus Flow-Vu spacer from Shoppers Drug Mart,Aerochamber,brand_specific
"I buy walker that have wheel, you push and it roll, also has chair to sit",Walker - with wheels (purchase),esl_speaker
"registered psychologist, has a doctorate",Psychologist,partial_turn2
"my mom needs light compression stockings for her flights, the gentle kind","Compression Stockings, any length (up to 14 mmhg)",natural_diverse
acupuncture treatment chronic pain,Acupuncture,natural_diverse
ultrasound of my abdomen done at a private radiologist,Ultrasound,natural_diverse
coordination of benefits,Provincial Replacement Plan,vague_turn1
the toilet thing for bed,Bedpan,vague_turn1
purchased a Drive Medical 3-in-1 wheeled commode from Medichair,Wheeled Commode (purchase),brand_specific
"the strongest kind, knee length","Compression Stockings, knee length (30 mmhg & over)",partial_turn2
chiropractic adjustment spinal manipulation,Chiropractic,natural_diverse
overnight test,Sleep Study,vague_turn1
"I chose 'thigh/full 30 and over' but my receipt says 25 mmhg, wrong category","Compression Stockings, thigh/full (20-29 mmhg)",wrong_guess
"the sensor patches, continuous monitor",Glucose Monitoring System Supplies/Sensors,partial_turn2
"bought two hearing aids, the behind ear kind",Hearing Aids,natural_diverse
"I buy brace for my ankle at store, it is not special made, just regular one",Brace (Non-custom),esl_speaker
"Claiming a chiropody treatment session including nail care, callus debridement, and biomechanical assessment",Chiropody (Foot Care) Treatment,detailed_clinical
"audiologist did tests on my hearing, not just a general doctor",Audiologist Services,natural_diverse
"got fitted for a custom leg brace, the hard plastic kind from orthotist","Brace, AFO/KAFO (Custom)",natural_diverse
"standard brace not measured, just picked size M from the rack at shoppers",Brace (Non-custom),natural_diverse
installed grab bars in my bathroom for my elderly parent's safety,Grab Bar/Bath Bar - permanent fixtures (purchase),natural_diverse
custom molded ear plugs,Ear Plugs (custom made),terse
my provincial health plan covered part and i need to claim the rest,Provincial Replacement Plan,natural_diverse
had my routine mammogram done at the breast clinic,Mammogram,natural_diverse
"seeing an counsellor for depression, how to categorize this claim",Clinical Counsellor,natural_diverse
adult briefs and bed pads,Incontinence Supplies,partial_turn2
insulin pen,Insulin Pen Injector,vague_turn1
bought a steam vaporizer for my child's room to help with croup and congestion,Vaporizer (table top),parent_or_dependent
CA125 cancer antigen blood test,CA-125 (Cancer Antigen) Test,natural_diverse
"this is the RECEIVER not the sensor, it reads the sugar levels from the sensor",Glucose Monitoring System Receiver,natural_diverse
"nail care and calluses, not surgery",Chiropody (Foot Care) Treatment,partial_turn2
I found a great therapist through my school's referral list and she's a registered clinical counsellor specializing in student anxiety,Clinical Counsellor,storyteller
the pump I wear all day,Insulin infusion pump,vague_turn1
"daily disposable contacts, prescription, about 3 month supply",Prescription Contacts,natural_diverse
My CPAP therapist told me to replace the tubing and filters every three months so I bought a supply kit,"CPAP, APAP, BIPAP Supplies",storyteller
"got a microwave heat pack for my back pain, I use it every night after work",Heat Therapy - Re-usable items (purchase),storyteller
TB test for work or school,TB Test/Mantoux,partial_turn2
urinal bottle,Urinal (purchase),vague_turn1
had a DonJoy Defiance custom left knee brace made at Promedics,"Brace, left knee (Custom)",brand_specific
"supplies means tubing, filters, water chambers right? NOT the mask or machine? just making sure","CPAP, APAP, BIPAP Supplies",complaint
mammogram done at hospital imaging center,Mammogram,natural_diverse
monthly pump consumables,Insulin infusion pump supplies,partial_turn2
"bedside toilet chair for my recovery, stationary kind",Stationary Commode (purchase),natural_diverse
custom molded not foam kind,Ear Plugs (custom made),partial_turn2
medical marijuana,Medical Cannabis,vague_turn1
heat pack,Heat Therapy - Re-usable items (purchase),vague_turn1
they measured my legs and made them,"Compression Stockings, custom, any length",partial_turn2
"light support socks, the mild ones under 15 pressure","Compression Stockings, any length (up to 14 mmhg)",natural_diverse
"went to the podiatrist for my heel spur, he did an injection",Podiatry Treatment,natural_diverse
colon cancer screening scope,Colonoscopy,partial_turn2
sleep study overnight sleep test,Sleep Study,natural_diverse
"I got a lightweight wheelchair that someone else pushes me in, it folds up for the car",Transport Wheelchair,confused_student
"I use this pen thing to give myself insulin, you click the dose and push it in",Insulin Pen Injector,confused_student
walk in clinic emergency,Other emergency services,partial_turn2
table top steam vaporizer,Vaporizer (table top),partial_turn2
the cancer antigen test,CA-125 (Cancer Antigen) Test,partial_turn2
"I need safety glass for work in laboratory, it have my prescription and protect eyes",Safety Glasses,esl_speaker
"brace | for my left knee | custom made, orthotist measured me","Brace, left knee (Custom)",progressive
What category for a versa frame or toilet safety frame?,Versa Frame (purchase),question
"BRACES initial and monthly, not a one-time dental claim",Orthodontic Services (Braces - initial and monthly fee),natural_diverse
"Where do I claim a manual insulin injection gun, not the automatic kind?",Insulin Gun (manual),question
dental records | impressions and photos | before braces start,Other Orthodontic/Dental Services (i.e. orthodontic records),progressive
What's the right category for a health practitioner who doesn't fit the specific provider types?,Other health specialists,question
my wife had custom compression stockings fabricated after her surgery and I need to submit the receipt,"Compression Stockings, custom, any length",parent_or_dependent
very long tight socks,"Compression Stockings, thigh/full (30 mmhg & over)",vague_turn1
"there are four glucose monitoring categories and I just need the reader screen, not the sensor or transmitter",Glucose Monitoring System Receiver,complaint
submitting for lancets my diabetic husband uses daily,Lancet,natural_diverse
blood sugar testing machine,Blood glucose meter,natural_diverse
prostate blood work,PSA Test (Prostate Specific Antigen),vague_turn1
finally got hearing aids after the hearing test confirmed my loss,Hearing Aids,natural_diverse
I tore my left ACL playing basketball and the orthotist built a custom brace fitted to my left knee measurements,"Brace, left knee (Custom)",storyteller
specialist | not the regular types | rheumatologist visit,Other health specialists,progressive
scratch test,Scratch Test for Allergies,vague_turn1
purchased a Chattanooga ColPaC reusable cold therapy gel pack from physio supplies,Cold Therapy - Re-usable Items (purchase),brand_specific
pump consumables,Insulin infusion pump supplies,vague_turn1
colonoscopy screening procedure,Colonoscopy,terse
pole for my home infusion,IV Stand (purchase),partial_turn2
bedpan from medical supply store for post surgery care at home,Bedpan,natural_diverse
"sterile swabs for cleaning my skin before needle, diabetic supplies",Alcohol swabs,natural_diverse
osteopathic practitioner,Osteopath,partial_turn2
support brace I bought,Brace (Non-custom),vague_turn1
authorized medical cannabis,Medical Cannabis,partial_turn2
eye training,Other vision services (i.e. safety glasses),vague_turn1
I tried 'Eye Exam' but this is actually vision therapy sessions for convergence issues,Other vision services (i.e. safety glasses),wrong_guess
claiming physio sessions for my husband's post-surgical knee rehabilitation,Physiotherapy,parent_or_dependent
sports rehab | athletic therapist | not a physio,Athletic Therapy,progressive
What category for specialized eye testing that goes beyond a routine exam?,Diagnostic Vision Test,question
"chest x-ray done privately, no wait at private clinic",X-Ray,natural_diverse
goes all the way up to my thigh,"Compression Stockings, thigh/full (15-19 mmhg)",partial_turn2
nurse said get thigh length support hose around medium compression for my varicose veins,"Compression Stockings, thigh/full (15-19 mmhg)",natural_diverse
"clinical counsellor, RCC designation",Clinical Counsellor,partial_turn2
forearm crutches | cuff around my arm | for long term use,Forearm Crutch (purchase),progressive
medical shoes,Orthopaedic or custom made shoes,vague_turn1
compression thing that doesn't cover my feet,"Compression Calf Sleeves/Tights (footless), any length",vague_turn1
"I go for talk therapy, my therapist is clinical counsellor, she have CCC after name",Clinical Counsellor,esl_speaker
registered massage therapist,Massage,partial_turn2
clinical counsellor mental health sessions,Clinical Counsellor,natural_diverse
bought Jobst UltraSheer 8-15 mmHg stockings from Well.ca,"Compression Stockings, any length (up to 14 mmhg)",brand_specific
"personal support worker visits, helping my mom with hygiene and meals",In Home Support Services,natural_diverse
hospital stay,Hospital (within your province),vague_turn1
bought a raised toilet seat for my elderly mother after her hip surgery,Raised Toilet seat (purchase),natural_diverse
"broke my ankle, physio gave me crutches to use while it heals","Crutches, pair",natural_diverse
my son sees an athletic therapist for his recurring hamstring injury from track,Athletic Therapy,parent_or_dependent
insulin pump supplies | consumables | not the main pump,Insulin infusion pump supplies,progressive
my insulin injection device,Insulin Gun (manual),vague_turn1
"HOSPITAL STAY not an emergency visit, admitted as in-patient",Hospital (within your province),natural_diverse
incontinence pads underwear,Incontinence Supplies,terse
colonoscopy,Colonoscopy,vague_turn1
"my wife sees a reflexologist for stress management, what category does that fall under?",Other health specialists,parent_or_dependent
the rollator kind with brakes,Walker - with wheels (purchase),partial_turn2
I had a full metabolic panel and thyroid function test done at LifeLabs,Other laboratory and diagnostic tests,storyteller
"had a short hospital stay, in province hospital",Hospital (within your province),natural_diverse
mild compression hose mild compression,"Compression Stockings, any length (up to 14 mmhg)",natural_diverse
foot clinic,Chiropody (Foot Care) Treatment,vague_turn1
got custom molded earplugs made from impressions of my ears,Ear Plugs (custom made),natural_diverse
insoles | bought at shoppers | standard kind,Standard foot orthotics or shoe inserts,progressive
"medtronic insulin pump claim, the main unit not the supplies",Insulin infusion pump,natural_diverse
Claiming therapy sessions with a Registered Social Worker holding a Bachelor of Social Work from an accredited program,Social Worker (Bachelors),detailed_clinical
What category for a medical device or item that doesn't fit any specific category?,Other medical items,question
other mental health services,Other mental health services,natural_diverse
orthodontics | braces | startup fee and ongoing monthly visits,Orthodontic Services (Braces - initial and monthly fee),progressive
chiro,Chiropractic,vague_turn1
"bought the lowest compression socks i cud find, like 8-14, do these count","Compression Stockings, any length (up to 14 mmhg)",natural_diverse
"optometrist appointment for annual vision check, no new glasses needed",Eye Exam,natural_diverse
"saw a social worker through the hospital, helping with my discharge plan",Social Worker (Bachelors),natural_diverse
"I filed under 'Diagnostic Vision Test' but it was just a regular eye exam, nothing special",Eye Exam,wrong_guess
pads keep losing stickiness,"Stimulator, supplies",partial_turn2
"I see psychologist for my anxiety, she have PhD and do special test and therapy",Psychologist,esl_speaker
the reader thing,Glucose Monitoring System Receiver,vague_turn1
x-ray done at a private radiology clinic,X-Ray,natural_diverse
I submitted under 'Forearm Crutch' but these are regular underarm crutches,"Crutches, pair",wrong_guess
"custom musician earplugs, audiologist took ear canal impressions",Ear Plugs (custom made),natural_diverse
colostomy bag,Ostomy,vague_turn1
sports injury rehab,Athletic Therapy,vague_turn1
bought a Spectra S1 Plus breast pump from BuyBuy Baby,Breast Pump (purchase),brand_specific
Filing a claim for a custom-fabricated articulated ankle-foot orthosis molded from patient impression for foot drop correction,"Brace, AFO/KAFO (Custom)",detailed_clinical
"provincial plan covered their max, submitting remaining balance",Provincial Replacement Plan,natural_diverse
approval needed before treatment,Estimate/Pre-Authorization,partial_turn2
Filing for an auto-titrating positive airway pressure device prescribed for moderate obstructive sleep apnea with AHI of 22,"CPAP, APAP, BIPAP Machine",detailed_clinical
Submitting for disposable hypoallergenic air filters and heated tubing for CPAP system maintenance,"CPAP, APAP, BIPAP Supplies",detailed_clinical
"cpap thing | the mask part, not the machine","CPAP, APAP, BIPAP Mask",progressive
insoles | not store bought | fitted from a mold,Custom made foot orthotics,progressive
adult diapers and pads for my mother's incontinence,Incontinence Supplies,natural_diverse
visiting a specialist that doesn't fit the listed categories,Other health specialists,natural_diverse
therapeutic pillow for my neck,Cervical Pillow,partial_turn2
had grab bars put in the shower for my fall risk mother,Grab Bar/Bath Bar - permanent fixtures (purchase),natural_diverse
custom the leg-to-ankle brace ankle foot orthosis,"Brace, AFO/KAFO (Custom)",natural_diverse
protective glasses with my prescription,Safety Glasses,partial_turn2
I've been dealing with TMJ pain so I started seeing an osteopath who does cranial work,Osteopath,storyteller
pre-auth before my procedure,Estimate/Pre-Authorization,partial_turn2
lab test,Other laboratory and diagnostic tests,vague_turn1
attached to my body all the time,Insulin infusion pump,partial_turn2
hearing test done at the audiology clinic,Audiometric Exam,natural_diverse
has wheels and a seat to rest on,Walker - with wheels (purchase),partial_turn2
TCM treatment | acupuncture | registered acupuncturist,Acupuncture,progressive
"I just need to claim the MASK, not the machine or supplies, there should be a clearer label for this","CPAP, APAP, BIPAP Mask",complaint
sterilizing wipes for my needles,Alcohol swabs,partial_turn2
filled my Synthroid prescription at the Shoppers Drug Mart pharmacy,Drug,brand_specific
online CBT program,Digital Cognitive Behavioural Therapy,vague_turn1
genetic test,Screening (for DNA/Genetic purposes),vague_turn1
crutches,"Crutches, pair",vague_turn1
I just went for a regular eye checkup to see if I need new glasses,Eye Exam,confused_student
"diabetic footwear, the therapeutic kind prescribed by my doctor",Orthopaedic or custom made shoes,natural_diverse
raised toilet seat | for my mom | easier to get up,Raised Toilet seat (purchase),progressive
toilet seat riser so my dad can get up easier,Raised Toilet seat (purchase),natural_diverse
over the counter brace,Brace (Non-custom),partial_turn2
reusable cold therapy device for my post surgery swelling,Cold Therapy - Re-usable Items (purchase),natural_diverse
medical cannabis | prescription from doctor | for my chronic pain,Medical Cannabis,progressive
"claiming cpap accessories for my husband, the hose and filter and stuff","CPAP, APAP, BIPAP Supplies",natural_diverse
mild compression thing for my legs,"Compression Stockings, any length (up to 14 mmhg)",vague_turn1
submitting for hospital stay costs during my surgery,Hospital (within your province),natural_diverse
long term care facility fees,Nursing Home and Long Term Care,partial_turn2
walking frame,Walker - non wheeled (purchase),vague_turn1
neck pillow | contoured kind | physio prescribed it for my posture,Cervical Pillow,progressive
"my doctor gave me the maximum strength long ones that go all the way up, they're super tight","Compression Stockings, thigh/full (30 mmhg & over)",confused_student
"pair of hearing aid hearing aids from the audiologist, expensive",Hearing Aids,natural_diverse
speech therapy,Speech Therapy,vague_turn1
Where do I claim a vitamin D blood test?,Vitamin D Test,question
the electrical thing for pain,"Stimulator, muscle/nerve (TENS)",vague_turn1
"doesn't fit the regular vision categories, orthoptic training",Other vision services (i.e. safety glasses),natural_diverse
I selected 'Compression Stockings knee length 20-29' but these were actually custom-fabricated,"Compression Stockings, custom, any length",wrong_guess
home blood pressure cuff my doctor told me to get,Blood pressure monitor,natural_diverse
physical therapy,Physiotherapy,vague_turn1
buying a blood pressure monitor for my husband to track his hypertension at home,Blood pressure monitor,parent_or_dependent
pump infusion set supplies,Insulin infusion pump supplies,terse
for cleaning before my injection,Alcohol swabs,partial_turn2
peak expiratory flow meter,Peak Flow Meter,partial_turn2
footless calf sleeves claim,"Compression Calf Sleeves/Tights (footless), any length",terse
"MRI done privately, paid out of pocket",MRI (Magnetic Resonance Imaging),partial_turn2
"submitting for my prescription drugs, takes a few meds daily",Drug,natural_diverse
I've been going to a kinesiologist for exercise-based rehab after my car accident,Other health specialists,storyteller
seeing a physio for my knee after the surgery,Physiotherapy,natural_diverse
commode chair | no wheels | beside the bed,Stationary Commode (purchase),progressive
protective eyewear,Safety Glasses,vague_turn1
custom orthopaedic shoes diabetic,Orthopaedic or custom made shoes,natural_diverse
"emergency ambulance ride to hospital, huge bill from the city",Ambulance,natural_diverse
submitting for breast pump i needed for going back to work,Breast Pump (purchase),natural_diverse
"MEDICAL WIG not a fashion wig, prescribed after cancer hair loss",Wig,natural_diverse
registered therapist,Psychotherapist,vague_turn1
"I'm claiming the entire SHOES not just orthotics, these were custom built by an orthotist for my feet",Orthopaedic or custom made shoes,complaint
shoe lift modification claim,Other foot care services (i.e. orthopedic shoe modification),terse
medical cannabis prescription,Medical Cannabis,natural_diverse
"insulin pen injector, the manual style, for my type 1 diabetes",Insulin Gun (manual),natural_diverse
"wearing an insulin pump now, the device that delivers insulin continuously",Insulin infusion pump,natural_diverse
