text,label,style
"leg socks | they stop at the ankle, no foot part","Compression Calf Sleeves/Tights (footless), any length",progressive
"leg socks | they stop at the ankle, no foot","Compression Calf Sleeves/Tights (footless), any length",progressive_aug
"socks leg | they stop at the ankle, no foot part","Compression Calf Sleeves/Tights (footless), any length",progressive_aug
"leg socks | they stop at the ankle, no foot part so","Compression Calf Sleeves/Tights (footless), any length",progressive_aug
"the 30 and over option is confusing because my stockings say 30-40, is that the same thing?","Compression Stockings, knee length (30 mmhg & over)",complaint
"the 30 and over option is confusing my stockings say 30-40, is that the same thing?","Compression Stockings, knee length (30 mmhg & over)",complaint_aug
"the 30 and over because is confusing option my stockings say 30-40, is that the same thing?","Compression Stockings, knee length (30 mmhg & over)",complaint_aug
"the 30 and just over option is confusing because my stockings say 30-40, is that the same thing?","Compression Stockings, knee length (30 mmhg & over)",complaint_aug
stockings that were custom made,"Compression Stockings, custom, any length",vague_turn1
stockings that were custom,"Compression Stockings, custom, any length",vague_turn1_aug
custom that were stockings made,"Compression Stockings, custom, any length",vague_turn1_aug
basically stockings that were custom made,"Compression Stockings, custom, any length",vague_turn1_aug
home BP monitor,Blood pressure monitor,vague_turn1
I think home BP monitor,Blood pressure monitor,vague_turn1_aug
got a Mueller adjustable knee brace from Walmart,Brace (Non-custom),brand_specific
got a Mueller knee brace from Walmart,Brace (Non-custom),brand_specific_aug
knee a Mueller adjustable got brace from Walmart,Brace (Non-custom),brand_specific_aug
got a Mueller just adjustable knee brace from Walmart,Brace (Non-custom),brand_specific_aug
bought a ResMed AirFit F20 full face mask from CPAP Solutions,"CPAP, APAP, BIPAP Mask",brand_specific
bought a ResMed AirFit F20 full face mask from CPAP,"CPAP, APAP, BIPAP Mask",brand_specific_aug
bought a ResMed AirFit F20 full from mask face CPAP Solutions,"CPAP, APAP, BIPAP Mask",brand_specific_aug
bought a ResMed um AirFit F20 full face mask from CPAP Solutions,"CPAP, APAP, BIPAP Mask",brand_specific_aug
contact lenses,Prescription Contacts,vague_turn1
contact lenses so,Prescription Contacts,vague_turn1_aug
knocked tooth in accident,Dental Accident,partial_turn2
accident tooth in knocked,Dental Accident,partial_turn2_aug
knocked tooth in so accident,Dental Accident,partial_turn2_aug
shoe inserts | custom | podiatrist made them from my foot impression,Custom made foot orthotics,progressive
shoe inserts | custom podiatrist made them from my foot impression,Custom made foot orthotics,progressive_aug
shoe inserts custom | | podiatrist made them from my foot impression,Custom made foot orthotics,progressive_aug
shoe inserts | custom | podiatrist made them from my foot impression so,Custom made foot orthotics,progressive_aug
provincial plan replacement claim,Provincial Replacement Plan,terse
claim plan replacement provincial,Provincial Replacement Plan,terse_aug
provincial plan replacement basically claim,Provincial Replacement Plan,terse_aug
skin prick allergy test,Scratch Test for Allergies,terse
skin allergy prick test,Scratch Test for Allergies,terse_aug
skin prick allergy test so,Scratch Test for Allergies,terse_aug
ostomy supplies,Ostomy,vague_turn1
just ostomy supplies,Ostomy,vague_turn1_aug
ND visit,Naturopathic Treatment,vague_turn1
ND like visit,Naturopathic Treatment,vague_turn1_aug
broken bone cast,"Cast, fiberglass",vague_turn1
um broken bone cast,"Cast, fiberglass",vague_turn1_aug
"the kind with the arm cuff, not underarm",Forearm Crutch (purchase),partial_turn2
"the with the arm cuff, not underarm",Forearm Crutch (purchase),partial_turn2_aug
"the kind with the not cuff, arm underarm",Forearm Crutch (purchase),partial_turn2_aug
"the kind with the arm like cuff, not underarm",Forearm Crutch (purchase),partial_turn2_aug
"I submitted under 'Stimulator muscle/nerve TENS' but I only bought replacement pads, not the machine","Stimulator, supplies",wrong_guess
"I submitted under muscle/nerve TENS' but I only bought replacement pads, not the machine","Stimulator, supplies",wrong_guess_aug
"I pads, under 'Stimulator muscle/nerve TENS' but I only bought replacement submitted not the machine","Stimulator, supplies",wrong_guess_aug
"I just submitted under 'Stimulator muscle/nerve TENS' but I only bought replacement pads, not the machine","Stimulator, supplies",wrong_guess_aug
gene testing | for my family history | BRCA type screening,Screening (for DNA/Genetic purposes),progressive
gene testing | my family history | BRCA type screening,Screening (for DNA/Genetic purposes),progressive_aug
gene my | for testing family history | BRCA type screening,Screening (for DNA/Genetic purposes),progressive_aug
gene testing | actually for my family history | BRCA type screening,Screening (for DNA/Genetic purposes),progressive_aug
made from impression of my ear,Ear Plugs (custom made),partial_turn2
from impression of my ear,Ear Plugs (custom made),partial_turn2_aug
made from of impression my ear,Ear Plugs (custom made),partial_turn2_aug
made from impression just of my ear,Ear Plugs (custom made),partial_turn2_aug
Where do I submit a claim for a custom-made AFO or KAFO brace?,"Brace, AFO/KAFO (Custom)",question
Where do I submit a for a custom-made AFO or KAFO brace?,"Brace, AFO/KAFO (Custom)",question_aug
Where do claim submit a I for a custom-made AFO or KAFO brace?,"Brace, AFO/KAFO (Custom)",question_aug
Where do I submit a I think claim for a custom-made AFO or KAFO brace?,"Brace, AFO/KAFO (Custom)",question_aug
had a deep tissue massage at Massage Addict clinic on Merivale Road,Massage,brand_specific
had a deep tissue massage at Massage Addict clinic on Road,Massage,brand_specific_aug
had a deep tissue Merivale at Massage Addict clinic on massage Road,Massage,brand_specific_aug
had a deep tissue massage at Massage Addict clinic on basically Merivale Road,Massage,brand_specific_aug
bought Moen Home Care SecureMount grab bars from Home Depot,Grab Bar/Bath Bar - permanent fixtures (purchase),brand_specific
bought Moen Home Care SecureMount grab bars from Home,Grab Bar/Bath Bar - permanent fixtures (purchase),brand_specific_aug
bought Moen Home Care SecureMount grab bars from Home Depot,Grab Bar/Bath Bar - permanent fixtures (purchase),brand_specific_aug
bought Moen Home I think Care SecureMount grab bars from Home Depot,Grab Bar/Bath Bar - permanent fixtures (purchase),brand_specific_aug
device I blow into to check my lungs,Peak Flow Meter,partial_turn2
device I blow into to check my,Peak Flow Meter,partial_turn2_aug
device I my into to check blow lungs,Peak Flow Meter,partial_turn2_aug
device I blow into to check my lungs I think,Peak Flow Meter,partial_turn2_aug
"I keep mixing up sensors and transmitters, these are the SENSORS that you stick on and replace every 10 days",Glucose Monitoring System Supplies/Sensors,complaint
"I keep mixing up sensors and transmitters, these are the that you stick on and replace every 10 days",Glucose Monitoring System Supplies/Sensors,complaint_aug
"I these mixing up sensors and transmitters, keep are the SENSORS that you stick on and replace every 10 days",Glucose Monitoring System Supplies/Sensors,complaint_aug
"I actually keep mixing up sensors and transmitters, these are the SENSORS that you stick on and replace every 10 days",Glucose Monitoring System Supplies/Sensors,complaint_aug
work glasses | safety frames | my prescription inside,Safety Glasses,progressive
work glasses | safety frames my prescription inside,Safety Glasses,progressive_aug
work glasses | safety my | frames prescription inside,Safety Glasses,progressive_aug
work I think glasses | safety frames | my prescription inside,Safety Glasses,progressive_aug
Claiming custom-fitted bilateral thigh-length compression garments rated 30-40 mmHg for stage III chronic lymphedema,"Compression Stockings, thigh/full (30 mmhg & over)",detailed_clinical
Claiming custom-fitted bilateral thigh-length compression garments rated 30-40 mmHg stage III chronic lymphedema,"Compression Stockings, thigh/full (30 mmhg & over)",detailed_clinical_aug
Claiming custom-fitted bilateral thigh-length compression III rated 30-40 mmHg for stage garments chronic lymphedema,"Compression Stockings, thigh/full (30 mmhg & over)",detailed_clinical_aug
Claiming custom-fitted bilateral just thigh-length compression garments rated 30-40 mmHg for stage III chronic lymphedema,"Compression Stockings, thigh/full (30 mmhg & over)",detailed_clinical_aug
claiming an ultrasound my wife had done privately because the wait was too long,Ultrasound,parent_or_dependent
claiming an ultrasound my wife had done because the wait was too long,Ultrasound,parent_or_dependent_aug
claiming an ultrasound my wife had wait privately because the done was too long,Ultrasound,parent_or_dependent_aug
claiming an ultrasound my wife had done I think privately because the wait was too long,Ultrasound,parent_or_dependent_aug
my dad needs a rolling commode so the PSW can move him to the bathroom easier,Wheeled Commode (purchase),parent_or_dependent
my dad needs a rolling commode so the can move him to the bathroom easier,Wheeled Commode (purchase),parent_or_dependent_aug
my dad needs rolling a commode so the PSW can move him to the bathroom easier,Wheeled Commode (purchase),parent_or_dependent_aug
my dad needs a rolling commode so the just PSW can move him to the bathroom easier,Wheeled Commode (purchase),parent_or_dependent_aug
the plastic chamber for my puffer,Aerochamber,partial_turn2
the plastic chamber for puffer,Aerochamber,partial_turn2_aug
the plastic chamber my for puffer,Aerochamber,partial_turn2_aug
the plastic chamber so for my puffer,Aerochamber,partial_turn2_aug
cold pack | freezer type | reusable for my injury,Cold Therapy - Re-usable Items (purchase),progressive
cold pack | type | reusable for my injury,Cold Therapy - Re-usable Items (purchase),progressive_aug
cold pack my freezer type | reusable for | injury,Cold Therapy - Re-usable Items (purchase),progressive_aug
cold pack | freezer type | reusable basically for my injury,Cold Therapy - Re-usable Items (purchase),progressive_aug
purchased a case of Tena Intimates overnight pads from Well.ca,Incontinence Supplies,brand_specific
a case of Tena Intimates overnight pads from Well.ca,Incontinence Supplies,brand_specific_aug
purchased case a of Tena Intimates overnight pads from Well.ca,Incontinence Supplies,brand_specific_aug
purchased a case of Tena Intimates overnight pads from Well.ca I think,Incontinence Supplies,brand_specific_aug
eyewear | corrective not sunglasses | from the optician,Prescription Glasses,progressive
eyewear | corrective not sunglasses | the optician,Prescription Glasses,progressive_aug
eyewear from corrective not sunglasses | | the optician,Prescription Glasses,progressive_aug
eyewear | corrective not sunglasses | like from the optician,Prescription Glasses,progressive_aug
My TENS electrode pads lost their stickiness after a month of use so I ordered a bulk pack of replacements,"Stimulator, supplies",storyteller
My TENS electrode pads lost their stickiness after a month of use so I a bulk pack of replacements,"Stimulator, supplies",storyteller_aug
My TENS electrode pads lost their stickiness after bulk month of use so I ordered a a pack of replacements,"Stimulator, supplies",storyteller_aug
My TENS electrode pads lost their stickiness after a month of use so I ordered a bulk actually pack of replacements,"Stimulator, supplies",storyteller_aug
emergency transport | 911 ambulance fee | cardiac event,Ambulance,progressive
transport | 911 ambulance fee | cardiac event,Ambulance,progressive_aug
emergency ambulance | 911 transport fee | cardiac event,Ambulance,progressive_aug
emergency transport | 911 ambulance basically fee | cardiac event,Ambulance,progressive_aug
I lost my hair from chemo and bought a wig to wear,Wig,confused_student
I lost my hair chemo and bought a wig to wear,Wig,confused_student_aug
I lost and hair from chemo my bought a wig to wear,Wig,confused_student_aug
I lost my hair from chemo and basically bought a wig to wear,Wig,confused_student_aug
polysomnography sleep test,Sleep Study,partial_turn2
polysomnography sleep like test,Sleep Study,partial_turn2_aug
incontinence supplies | adult briefs | for my father's bladder condition,Incontinence Supplies,progressive
incontinence supplies adult briefs | for my father's bladder condition,Incontinence Supplies,progressive_aug
incontinence father's | adult briefs | for my supplies bladder condition,Incontinence Supplies,progressive_aug
incontinence supplies | adult briefs | for my father's bladder so condition,Incontinence Supplies,progressive_aug
I got a cane that has four little feet at the bottom instead of just one point,Quad Cane (purchase),confused_student
I got a cane that has four little feet at the bottom instead of just one,Quad Cane (purchase),confused_student_aug
I got a cane four has that little feet at the bottom instead of just one point,Quad Cane (purchase),confused_student_aug
I got a cane that has four little feet at the actually bottom instead of just one point,Quad Cane (purchase),confused_student_aug
bought a pair of underarm crutches for my son after his ankle fracture,"Crutches, pair",parent_or_dependent
bought a of underarm crutches for my son after his ankle fracture,"Crutches, pair",parent_or_dependent_aug
bought a pair of underarm crutches for my fracture after his ankle son,"Crutches, pair",parent_or_dependent_aug
like bought a pair of underarm crutches for my son after his ankle fracture,"Crutches, pair",parent_or_dependent_aug
bought an automatic insulin gun for my son because he's scared of injecting himself,Insulin Gun (automatic),parent_or_dependent
bought an automatic insulin gun my son because he's scared of injecting himself,Insulin Gun (automatic),parent_or_dependent_aug
son an automatic insulin gun for my bought because he's scared of injecting himself,Insulin Gun (automatic),parent_or_dependent_aug
bought so an automatic insulin gun for my son because he's scared of injecting himself,Insulin Gun (automatic),parent_or_dependent_aug
"I bought a pump for breastfeeding, the electric kind",Breast Pump (purchase),confused_student
"I bought a pump breastfeeding, the electric kind",Breast Pump (purchase),confused_student_aug
"pump bought a I for breastfeeding, the electric kind",Breast Pump (purchase),confused_student_aug
"I bought a like pump for breastfeeding, the electric kind",Breast Pump (purchase),confused_student_aug
Which category for an IV pole I bought for home infusion therapy?,IV Stand (purchase),question
Which for an IV pole I bought for home infusion therapy?,IV Stand (purchase),question_aug
Which bought for an IV pole I category for home infusion therapy?,IV Stand (purchase),question_aug
Which actually category for an IV pole I bought for home infusion therapy?,IV Stand (purchase),question_aug
drip pole | bought for home | for my home IV treatments,IV Stand (purchase),progressive
drip pole | bought for home | for home IV treatments,IV Stand (purchase),progressive_aug
drip pole treatments bought for home | for my home IV |,IV Stand (purchase),progressive_aug
drip pole | bought for home | for my home um IV treatments,IV Stand (purchase),progressive_aug
mom lives at the care home monthly fees,Nursing Home and Long Term Care,partial_turn2
mom lives the care home monthly fees,Nursing Home and Long Term Care,partial_turn2_aug
mom lives at the fees home monthly care,Nursing Home and Long Term Care,partial_turn2_aug
mom lives at the care home I think monthly fees,Nursing Home and Long Term Care,partial_turn2_aug
"not off the shelf, custom for my left knee","Brace, left knee (Custom)",partial_turn2
"not off the shelf, custom for my left","Brace, left knee (Custom)",partial_turn2_aug
"not off the custom shelf, for my left knee","Brace, left knee (Custom)",partial_turn2_aug
"not off the shelf, custom for just my left knee","Brace, left knee (Custom)",partial_turn2_aug
massage,Massage,vague_turn1
massage um,Massage,vague_turn1_aug
medical ID bracelet subscription,Medic Alert Bracelet,partial_turn2
subscription ID bracelet medical,Medic Alert Bracelet,partial_turn2_aug
medical I think ID bracelet subscription,Medic Alert Bracelet,partial_turn2_aug
injection in my heel,Podiatry Treatment,partial_turn2
in injection my heel,Podiatry Treatment,partial_turn2_aug
like injection in my heel,Podiatry Treatment,partial_turn2_aug
the rails for the bed,Bed Rails (purchase),vague_turn1
the rails for the,Bed Rails (purchase),vague_turn1_aug
the bed for the rails,Bed Rails (purchase),vague_turn1_aug
basically the rails for the bed,Bed Rails (purchase),vague_turn1_aug
"knee length, quite tight","Compression Stockings, knee length (20-29 mmhg)",partial_turn2
"tight length, quite knee","Compression Stockings, knee length (20-29 mmhg)",partial_turn2_aug
"basically knee length, quite tight","Compression Stockings, knee length (20-29 mmhg)",partial_turn2_aug
goes up to my knee,"Compression Stockings, knee length (15-19 mmhg)",partial_turn2
goes up my knee,"Compression Stockings, knee length (15-19 mmhg)",partial_turn2_aug
up goes to my knee,"Compression Stockings, knee length (15-19 mmhg)",partial_turn2_aug
goes up just to my knee,"Compression Stockings, knee length (15-19 mmhg)",partial_turn2_aug
"ordering prescription contacts for my teenage son, his optometrist fitted him for them",Prescription Contacts,parent_or_dependent
"ordering prescription contacts for my teenage son, optometrist fitted him for them",Prescription Contacts,parent_or_dependent_aug
"ordering prescription contacts optometrist my teenage son, his for fitted him for them",Prescription Contacts,parent_or_dependent_aug
"ordering prescription just contacts for my teenage son, his optometrist fitted him for them",Prescription Contacts,parent_or_dependent_aug
"not off the shelf, fitted specifically for me","Compression Stockings, custom, any length",partial_turn2
"not off the shelf, fitted specifically for","Compression Stockings, custom, any length",partial_turn2_aug
"not off the for fitted specifically shelf, me","Compression Stockings, custom, any length",partial_turn2_aug
"not off the shelf, fitted specifically for actually me","Compression Stockings, custom, any length",partial_turn2_aug
diabetes supplies | sensor patches | replace them every 10 days,Glucose Monitoring System Supplies/Sensors,progressive
diabetes supplies | sensor patches | them every 10 days,Glucose Monitoring System Supplies/Sensors,progressive_aug
diabetes sensor | supplies patches | replace them every 10 days,Glucose Monitoring System Supplies/Sensors,progressive_aug
diabetes just supplies | sensor patches | replace them every 10 days,Glucose Monitoring System Supplies/Sensors,progressive_aug
I bought a commode chair that has wheels so you can roll it around,Wheeled Commode (purchase),confused_student
I bought a commode chair that wheels so you can roll it around,Wheeled Commode (purchase),confused_student_aug
I bought a commode chair has that wheels so you can roll it around,Wheeled Commode (purchase),confused_student_aug
I bought a commode chair that um has wheels so you can roll it around,Wheeled Commode (purchase),confused_student_aug
milk pump for my baby,Breast Pump (purchase),partial_turn2
pump for my baby,Breast Pump (purchase),partial_turn2_aug
baby pump for my milk,Breast Pump (purchase),partial_turn2_aug
milk pump for just my baby,Breast Pump (purchase),partial_turn2_aug
Which category for a peak flow meter to monitor my asthma?,Peak Flow Meter,question
Which category for a peak meter to monitor my asthma?,Peak Flow Meter,question_aug
Which a for category peak flow meter to monitor my asthma?,Peak Flow Meter,question_aug
Which category for I think a peak flow meter to monitor my asthma?,Peak Flow Meter,question_aug
bath safety seat,Bath Bench/Chair (purchase),partial_turn2
bath safety seat I think,Bath Bench/Chair (purchase),partial_turn2_aug
skin allergy test,Scratch Test for Allergies,vague_turn1
skin allergy test I think,Scratch Test for Allergies,vague_turn1_aug
I slept overnight at a clinic wired up to machines that monitored my breathing and stuff,Sleep Study,confused_student
I slept overnight at a clinic wired up machines that monitored my breathing and stuff,Sleep Study,confused_student_aug
I slept overnight and a clinic wired up to machines that monitored my breathing at stuff,Sleep Study,confused_student_aug
I slept um overnight at a clinic wired up to machines that monitored my breathing and stuff,Sleep Study,confused_student_aug
emergency ambulance fee,Ambulance,partial_turn2
basically emergency ambulance fee,Ambulance,partial_turn2_aug
"there's left knee and right knee custom options which is weirdly specific, anyway mine is the left one","Brace, left knee (Custom)",complaint
"there's left knee and right knee custom options which is weirdly specific, anyway mine is the left","Brace, left knee (Custom)",complaint_aug
"knee left there's and right knee custom options which is weirdly specific, anyway mine is the left one","Brace, left knee (Custom)",complaint_aug
"there's left knee and right knee custom I think options which is weirdly specific, anyway mine is the left one","Brace, left knee (Custom)",complaint_aug
"my asthma doctor say I should check breathing at home, I buy the tube I blow in",Peak Flow Meter,esl_speaker
"my asthma doctor say I should check breathing at home, I buy the I blow in",Peak Flow Meter,esl_speaker_aug
"my asthma doctor say I should check breathing at home, I buy the tube I in blow",Peak Flow Meter,esl_speaker_aug
"my asthma doctor say I should actually check breathing at home, I buy the tube I blow in",Peak Flow Meter,esl_speaker_aug
compression socks under 14mmhg,"Compression Stockings, any length (up to 14 mmhg)",terse
14mmhg socks under compression,"Compression Stockings, any length (up to 14 mmhg)",terse_aug
compression um socks under 14mmhg,"Compression Stockings, any length (up to 14 mmhg)",terse_aug
heat pack | reusable | for my arthritis pain,Heat Therapy - Re-usable items (purchase),progressive
pack | reusable | for my arthritis pain,Heat Therapy - Re-usable items (purchase),progressive_aug
heat pack | reusable my for | arthritis pain,Heat Therapy - Re-usable items (purchase),progressive_aug
heat pack | reusable | for my so arthritis pain,Heat Therapy - Re-usable items (purchase),progressive_aug
other foot service,Other foot care services (i.e. orthopedic shoe modification),vague_turn1
other foot service just,Other foot care services (i.e. orthopedic shoe modification),vague_turn1_aug
"Submitting for a four-wheeled rollator with hand brakes, padded seat, and storage basket for ambulatory mobility assistance",Walker - with wheels (purchase),detailed_clinical
"Submitting for a four-wheeled rollator with hand brakes, padded seat, and storage basket for ambulatory assistance",Walker - with wheels (purchase),detailed_clinical_aug
"Submitting for a four-wheeled hand with rollator brakes, padded seat, and storage basket for ambulatory mobility assistance",Walker - with wheels (purchase),detailed_clinical_aug
"Submitting for a four-wheeled rollator with hand brakes, padded I think seat, and storage basket for ambulatory mobility assistance",Walker - with wheels (purchase),detailed_clinical_aug
therapy | registered psychotherapist | RP credentials,Psychotherapist,progressive
| registered psychotherapist | RP credentials,Psychotherapist,progressive_aug
therapy | registered psychotherapist RP | credentials,Psychotherapist,progressive_aug
just therapy | registered psychotherapist | RP credentials,Psychotherapist,progressive_aug
"Which category for a forearm crutch with an arm cuff, not the standard underarm kind?",Forearm Crutch (purchase),question
"Which category for a forearm with an arm cuff, not the standard underarm kind?",Forearm Crutch (purchase),question_aug
"kind? category for a forearm crutch with an arm cuff, not the standard underarm Which",Forearm Crutch (purchase),question_aug
"Which category for a forearm crutch with an arm cuff, not the standard underarm kind? like",Forearm Crutch (purchase),question_aug
my daughter fell off the monkey bars so we went for an x-ray to check if anything is broken,X-Ray,parent_or_dependent
my daughter fell off the monkey bars so we went for an x-ray to check if is broken,X-Ray,parent_or_dependent_aug
my monkey fell off the daughter bars so we went for an x-ray to check if anything is broken,X-Ray,parent_or_dependent_aug
my daughter fell off the monkey bars so we went for an x-ray to check if basically anything is broken,X-Ray,parent_or_dependent_aug
"replacing my child's CGM transmitter unit, it's the piece that sends data to the receiver",Glucose Monitoring System Transmitter,parent_or_dependent
"replacing my child's CGM transmitter unit, it's the piece that sends data to receiver",Glucose Monitoring System Transmitter,parent_or_dependent_aug
"replacing child's my CGM transmitter unit, it's the piece that sends data to the receiver",Glucose Monitoring System Transmitter,parent_or_dependent_aug
"replacing my just child's CGM transmitter unit, it's the piece that sends data to the receiver",Glucose Monitoring System Transmitter,parent_or_dependent_aug
"I wear contact lenses instead of glasses, they're prescription",Prescription Contacts,confused_student
"I wear contact instead of glasses, they're prescription",Prescription Contacts,confused_student_aug
"I glasses, contact lenses instead of wear they're prescription",Prescription Contacts,confused_student_aug
"I wear contact lenses instead of glasses, they're prescription I think",Prescription Contacts,confused_student_aug
accessories not the main device,"CPAP, APAP, BIPAP Supplies",partial_turn2
accessories not the main,"CPAP, APAP, BIPAP Supplies",partial_turn2_aug
device not the main accessories,"CPAP, APAP, BIPAP Supplies",partial_turn2_aug
accessories not the main basically device,"CPAP, APAP, BIPAP Supplies",partial_turn2_aug
I use a CGM sensor on my arm but instead of using my phone I bought the dedicated handheld receiver to see my glucose readings,Glucose Monitoring System Receiver,storyteller
I use a CGM sensor on my arm but instead of using my I bought the dedicated handheld receiver to see my glucose readings,Glucose Monitoring System Receiver,storyteller_aug
I use a CGM sensor on my arm but instead of using my phone I bought the dedicated see receiver to handheld my glucose readings,Glucose Monitoring System Receiver,storyteller_aug
I use a CGM sensor on my arm but instead of using my phone I bought the dedicated like handheld receiver to see my glucose readings,Glucose Monitoring System Receiver,storyteller_aug
hair piece,Wig,vague_turn1
hair so piece,Wig,vague_turn1_aug
SLP not just consultation,Speech Therapy,partial_turn2
SLP just not consultation,Speech Therapy,partial_turn2_aug
SLP not I think just consultation,Speech Therapy,partial_turn2_aug
the pump | delivers insulin continuously | not the pen or gun,Insulin infusion pump,progressive
the pump | delivers continuously | not the pen or gun,Insulin infusion pump,progressive_aug
the pump | delivers insulin continuously | not the pen or gun,Insulin infusion pump,progressive_aug
the pump | delivers insulin continuously | not the pen just or gun,Insulin infusion pump,progressive_aug
"make sure I'm in the right spot this time - it's a walker WITH wheels, the rolling kind",Walker - with wheels (purchase),complaint
"make sure I'm in the right spot this time it's a walker WITH wheels, the rolling kind",Walker - with wheels (purchase),complaint_aug
"make sure I'm in the right spot this time - wheels, a walker WITH it's the rolling kind",Walker - with wheels (purchase),complaint_aug
"make sure basically I'm in the right spot this time - it's a walker WITH wheels, the rolling kind",Walker - with wheels (purchase),complaint_aug
diagnostic eye | scanned my retina | beyond normal checkup,Diagnostic Vision Test,progressive
diagnostic eye | scanned my retina | normal checkup,Diagnostic Vision Test,progressive_aug
diagnostic checkup | scanned my retina | beyond normal eye,Diagnostic Vision Test,progressive_aug
diagnostic like eye | scanned my retina | beyond normal checkup,Diagnostic Vision Test,progressive_aug
"the main device, it blows air","CPAP, APAP, BIPAP Machine",partial_turn2
"the device, it blows air","CPAP, APAP, BIPAP Machine",partial_turn2_aug
"the main blows it device, air","CPAP, APAP, BIPAP Machine",partial_turn2_aug
"the so main device, it blows air","CPAP, APAP, BIPAP Machine",partial_turn2_aug
toilet frame | not a raised seat | the surrounding frame,Versa Frame (purchase),progressive
toilet | not a raised seat | the surrounding frame,Versa Frame (purchase),progressive_aug
toilet frame | raised a not seat | the surrounding frame,Versa Frame (purchase),progressive_aug
toilet frame | not I think a raised seat | the surrounding frame,Versa Frame (purchase),progressive_aug
"regular crutches, the normal kind under the arms, a PAIR - why is forearm crutch listed separately?","Crutches, pair",complaint
"regular crutches, the normal kind under the arms, a PAIR - why is forearm listed separately?","Crutches, pair",complaint_aug
"PAIR crutches, the normal kind under the arms, a regular - why is forearm crutch listed separately?","Crutches, pair",complaint_aug
"regular crutches, the normal kind under the arms, a PAIR - why is forearm crutch listed separately? so","Crutches, pair",complaint_aug
Where do I file for ostomy pouches and related supplies?,Ostomy,question
Where I file for ostomy pouches and related supplies?,Ostomy,question_aug
Where do for file I ostomy pouches and related supplies?,Ostomy,question_aug
Where basically do I file for ostomy pouches and related supplies?,Ostomy,question_aug
I bought a gel thing you freeze and put on your sore muscles,Cold Therapy - Re-usable Items (purchase),confused_student
I bought a gel thing you freeze and put on your muscles,Cold Therapy - Re-usable Items (purchase),confused_student_aug
I bought put gel thing you freeze and a on your sore muscles,Cold Therapy - Re-usable Items (purchase),confused_student_aug
I bought a gel so thing you freeze and put on your sore muscles,Cold Therapy - Re-usable Items (purchase),confused_student_aug
registered RP,Psychotherapist,partial_turn2
registered RP I think,Psychotherapist,partial_turn2_aug
glucose sensors,Glucose Monitoring System Supplies/Sensors,vague_turn1
glucose sensors so,Glucose Monitoring System Supplies/Sensors,vague_turn1_aug
How do I submit a pre-authorization request for an upcoming medical service?,Estimate/Pre-Authorization,question
How do I a pre-authorization request for an upcoming medical service?,Estimate/Pre-Authorization,question_aug
How do I submit a pre-authorization request for an upcoming service? medical,Estimate/Pre-Authorization,question_aug
How do I submit like a pre-authorization request for an upcoming medical service?,Estimate/Pre-Authorization,question_aug
clinical counsellor sessions,Clinical Counsellor,terse
clinical counsellor sessions so,Clinical Counsellor,terse_aug
dental appointment,Dental Services,vague_turn1
basically dental appointment,Dental Services,vague_turn1_aug
ordered Jobst Elvarex thigh-high 34-46 mmHg flat-knit from my lymphedema clinic,"Compression Stockings, thigh/full (30 mmhg & over)",brand_specific
ordered Jobst Elvarex thigh-high 34-46 mmHg flat-knit from my lymphedema,"Compression Stockings, thigh/full (30 mmhg & over)",brand_specific_aug
ordered Jobst Elvarex thigh-high flat-knit mmHg 34-46 from my lymphedema clinic,"Compression Stockings, thigh/full (30 mmhg & over)",brand_specific_aug
basically ordered Jobst Elvarex thigh-high 34-46 mmHg flat-knit from my lymphedema clinic,"Compression Stockings, thigh/full (30 mmhg & over)",brand_specific_aug
mild compression | doctor said the lightest level is fine,"Compression Stockings, any length (up to 14 mmhg)",progressive
mild compression | doctor said lightest level is fine,"Compression Stockings, any length (up to 14 mmhg)",progressive_aug
mild compression said doctor | the lightest level is fine,"Compression Stockings, any length (up to 14 mmhg)",progressive_aug
mild compression just | doctor said the lightest level is fine,"Compression Stockings, any length (up to 14 mmhg)",progressive_aug
"open toe, just the calf area","Compression Calf Sleeves/Tights (footless), any length",partial_turn2
"open toe, just calf area","Compression Calf Sleeves/Tights (footless), any length",partial_turn2_aug
"open toe, just calf the area","Compression Calf Sleeves/Tights (footless), any length",partial_turn2_aug
"open toe, just the basically calf area","Compression Calf Sleeves/Tights (footless), any length",partial_turn2_aug
"picked left knee by accident last time, it's actually my RIGHT knee custom brace, had to resubmit","Brace, right knee (Custom)",complaint
"picked left knee accident last time, it's actually my RIGHT knee custom brace, had to resubmit","Brace, right knee (Custom)",complaint_aug
"picked left accident by knee last time, it's actually my RIGHT knee custom brace, had to resubmit","Brace, right knee (Custom)",complaint_aug
"picked left knee by accident last time, it's actually my RIGHT knee custom brace, had to resubmit basically","Brace, right knee (Custom)",complaint_aug
I bought one of those bottle things for going to the bathroom when you're stuck in bed,Urinal (purchase),confused_student
I bought one of those bottle things for going to the when you're stuck in bed,Urinal (purchase),confused_student_aug
I bought one of you're bottle things for going to the bathroom when those stuck in bed,Urinal (purchase),confused_student_aug
I bought one of basically those bottle things for going to the bathroom when you're stuck in bed,Urinal (purchase),confused_student_aug
24hr blood pressure monitoring test,Ambulatory Blood Pressure Test,terse
24hr blood monitoring test,Ambulatory Blood Pressure Test,terse_aug
pressure blood 24hr monitoring test,Ambulatory Blood Pressure Test,terse_aug
24hr blood I think pressure monitoring test,Ambulatory Blood Pressure Test,terse_aug
annual eye exam,Eye Exam,terse
annual just eye exam,Eye Exam,terse_aug
massage therapy | therapeutic | registered RMT,Massage,progressive
therapy | therapeutic | registered RMT,Massage,progressive_aug
massage therapy | therapeutic | registered RMT,Massage,progressive_aug
massage therapy | therapeutic | registered like RMT,Massage,progressive_aug
cancer blood test,CA-125 (Cancer Antigen) Test,vague_turn1
cancer I think blood test,CA-125 (Cancer Antigen) Test,vague_turn1_aug
physio session,Physiotherapy,vague_turn1
actually physio session,Physiotherapy,vague_turn1_aug
ostomy pouching system,Ostomy,partial_turn2
ostomy um pouching system,Ostomy,partial_turn2_aug
counselling,Other mental health services,vague_turn1
I think counselling,Other mental health services,vague_turn1_aug
I bought a metal pole with hooks to hang IV bags at home,IV Stand (purchase),confused_student
I bought a metal pole with hooks to hang IV bags home,IV Stand (purchase),confused_student_aug
I bought a metal pole hooks with to hang IV bags at home,IV Stand (purchase),confused_student_aug
I bought a metal pole with hooks to hang IV bags at just home,IV Stand (purchase),confused_student_aug
"therapist | registered psychologist, doctorate level",Psychologist,progressive
"therapist | registered psychologist, doctorate",Psychologist,progressive_aug
"therapist registered | psychologist, doctorate level",Psychologist,progressive_aug
"therapist actually | registered psychologist, doctorate level",Psychologist,progressive_aug
prescription drug,Drug,partial_turn2
prescription drug basically,Drug,partial_turn2_aug
continuous glucose | transmitter stopped | it clips onto the sensor,Glucose Monitoring System Transmitter,progressive
continuous glucose | transmitter stopped | clips onto the sensor,Glucose Monitoring System Transmitter,progressive_aug
clips glucose | transmitter stopped | it continuous onto the sensor,Glucose Monitoring System Transmitter,progressive_aug
continuous glucose | I think transmitter stopped | it clips onto the sensor,Glucose Monitoring System Transmitter,progressive_aug
nursing home long term care,Nursing Home and Long Term Care,terse
nursing home long care,Nursing Home and Long Term Care,terse_aug
nursing home care term long,Nursing Home and Long Term Care,terse_aug
nursing I think home long term care,Nursing Home and Long Term Care,terse_aug
the tight socks doctor said to get,"Compression Stockings, knee length (20-29 mmhg)",vague_turn1
tight socks doctor said to get,"Compression Stockings, knee length (20-29 mmhg)",vague_turn1_aug
the to socks doctor said tight get,"Compression Stockings, knee length (20-29 mmhg)",vague_turn1_aug
the tight socks doctor said to so get,"Compression Stockings, knee length (20-29 mmhg)",vague_turn1_aug
wheelchair | transport kind | someone pushes it | for my mom,Transport Wheelchair,progressive
wheelchair | transport kind someone pushes it | for my mom,Transport Wheelchair,progressive_aug
wheelchair | transport kind | someone pushes it | for my mom,Transport Wheelchair,progressive_aug
wheelchair | transport kind | just someone pushes it | for my mom,Transport Wheelchair,progressive_aug
psychology session | not just counselling | registered psychologist,Psychologist,progressive
psychology session | not just counselling | registered,Psychologist,progressive_aug
psychology session | not just | counselling registered psychologist,Psychologist,progressive_aug
basically psychology session | not just counselling | registered psychologist,Psychologist,progressive_aug
"thigh high, firm compression","Compression Stockings, thigh/full (20-29 mmhg)",partial_turn2
"firm high, thigh compression","Compression Stockings, thigh/full (20-29 mmhg)",partial_turn2_aug
"thigh high, firm compression so","Compression Stockings, thigh/full (20-29 mmhg)",partial_turn2_aug
nursing home,Nursing Home and Long Term Care,vague_turn1
basically nursing home,Nursing Home and Long Term Care,vague_turn1_aug
I got a little tube thing I blow into to check my lung function at home,Peak Flow Meter,confused_student
I got a little tube thing I blow into to check my lung at home,Peak Flow Meter,confused_student_aug
I got a little tube thing I blow into to check home lung function at my,Peak Flow Meter,confused_student_aug
I got a little tube thing I blow into to um check my lung function at home,Peak Flow Meter,confused_student_aug
occupational therapy | not physio | adapting my home,Occupational Therapy,progressive
occupational therapy | not physio | adapting my,Occupational Therapy,progressive_aug
occupational adapting | not physio | therapy my home,Occupational Therapy,progressive_aug
occupational therapy | not physio | adapting my home I think,Occupational Therapy,progressive_aug
the ones that go up high,"Compression Stockings, thigh/full (15-19 mmhg)",vague_turn1
the ones go up high,"Compression Stockings, thigh/full (15-19 mmhg)",vague_turn1_aug
go ones that the up high,"Compression Stockings, thigh/full (15-19 mmhg)",vague_turn1_aug
like the ones that go up high,"Compression Stockings, thigh/full (15-19 mmhg)",vague_turn1_aug
How do I claim medical cannabis that was prescribed by my doctor?,Medical Cannabis,question
How do I claim medical cannabis that was by my doctor?,Medical Cannabis,question_aug
How do I claim medical cannabis that was prescribed by doctor? my,Medical Cannabis,question_aug
How do I so claim medical cannabis that was prescribed by my doctor?,Medical Cannabis,question_aug
overnight sleep study test,Sleep Study,terse
test sleep study overnight,Sleep Study,terse_aug
overnight sleep like study test,Sleep Study,terse_aug
the bars in the shower,Grab Bar/Bath Bar - permanent fixtures (purchase),vague_turn1
the bars the shower,Grab Bar/Bath Bar - permanent fixtures (purchase),vague_turn1_aug
in bars the the shower,Grab Bar/Bath Bar - permanent fixtures (purchase),vague_turn1_aug
the bars in the so shower,Grab Bar/Bath Bar - permanent fixtures (purchase),vague_turn1_aug
made specially for my foot problem,Orthopaedic or custom made shoes,partial_turn2
made specially for my foot,Orthopaedic or custom made shoes,partial_turn2_aug
made specially my for foot problem,Orthopaedic or custom made shoes,partial_turn2_aug
made specially for just my foot problem,Orthopaedic or custom made shoes,partial_turn2_aug
raised toilet seat,Raised Toilet seat (purchase),vague_turn1
raised toilet like seat,Raised Toilet seat (purchase),vague_turn1_aug
breast screening,Mammogram,vague_turn1
I think breast screening,Mammogram,vague_turn1_aug
What's the right category for store-bought shoe inserts that aren't custom-made?,Standard foot orthotics or shoe inserts,question
What's the right category for store-bought inserts that aren't custom-made?,Standard foot orthotics or shoe inserts,question_aug
What's the right category for store-bought custom-made? inserts that aren't shoe,Standard foot orthotics or shoe inserts,question_aug
What's the right category for store-bought shoe inserts that aren't just custom-made?,Standard foot orthotics or shoe inserts,question_aug
OT,Occupational Therapy,vague_turn1
like OT,Occupational Therapy,vague_turn1_aug
foot care | trimming nails and treating calluses | not the medical kind,Chiropody (Foot Care) Treatment,progressive
foot care | trimming nails and treating calluses | the medical kind,Chiropody (Foot Care) Treatment,progressive_aug
foot care | trimming treating and nails calluses | not the medical kind,Chiropody (Foot Care) Treatment,progressive_aug
foot care | trimming nails and treating calluses actually | not the medical kind,Chiropody (Foot Care) Treatment,progressive_aug
my leg socks,"Compression Calf Sleeves/Tights (footless), any length",vague_turn1
so my leg socks,"Compression Calf Sleeves/Tights (footless), any length",vague_turn1_aug
I bought a medical device but I can't find it in any of the specific categories,Other medical items,confused_student
I bought a medical device but I can't find in any of the specific categories,Other medical items,confused_student_aug
I bought a medical device but categories can't find it in any of the specific I,Other medical items,confused_student_aug
I bought a medical device but I can't find it um in any of the specific categories,Other medical items,confused_student_aug
Filing for a dedicated receiver unit for a continuous glucose monitoring system to display interstitial glucose readings,Glucose Monitoring System Receiver,detailed_clinical
Filing for a dedicated receiver unit for a continuous glucose monitoring system to display glucose readings,Glucose Monitoring System Receiver,detailed_clinical_aug
Filing for a dedicated receiver unit interstitial a continuous glucose monitoring system to display for glucose readings,Glucose Monitoring System Receiver,detailed_clinical_aug
Filing for a dedicated receiver unit for a continuous glucose monitoring system to display interstitial glucose um readings,Glucose Monitoring System Receiver,detailed_clinical_aug
depends and underpads,Incontinence Supplies,partial_turn2
depends just and underpads,Incontinence Supplies,partial_turn2_aug
compression for my knee,"Compression Stockings, knee length (20-29 mmhg)",vague_turn1
for compression my knee,"Compression Stockings, knee length (20-29 mmhg)",vague_turn1_aug
compression for my knee just,"Compression Stockings, knee length (20-29 mmhg)",vague_turn1_aug
province paid first | submitting balance | top up coordination,Provincial Replacement Plan,progressive
province paid first | submitting balance | top up,Provincial Replacement Plan,progressive_aug
province balance first | submitting paid | top up coordination,Provincial Replacement Plan,progressive_aug
province paid first just | submitting balance | top up coordination,Provincial Replacement Plan,progressive_aug
What category for an overnight sleep study test?,Sleep Study,question
What category for an sleep study test?,Sleep Study,question_aug
What category for study overnight sleep an test?,Sleep Study,question_aug
What category for I think an overnight sleep study test?,Sleep Study,question_aug
TENS machine | the device with sticky electrode pads,"Stimulator, muscle/nerve (TENS)",progressive
machine | the device with sticky electrode pads,"Stimulator, muscle/nerve (TENS)",progressive_aug
the machine | TENS device with sticky electrode pads,"Stimulator, muscle/nerve (TENS)",progressive_aug
TENS machine | the device with sticky like electrode pads,"Stimulator, muscle/nerve (TENS)",progressive_aug
"my daughter sees a social worker with a BSW for her anxiety, need to claim the sessions",Social Worker (Bachelors),parent_or_dependent
"my daughter a social worker with a BSW for her anxiety, need to claim the sessions",Social Worker (Bachelors),parent_or_dependent_aug
"my daughter sees a social worker with a BSW for her anxiety, need claim to the sessions",Social Worker (Bachelors),parent_or_dependent_aug
"my daughter sees a social worker just with a BSW for her anxiety, need to claim the sessions",Social Worker (Bachelors),parent_or_dependent_aug
"these are SUPPLIES for my TENS machine, not the machine itself - just electrode pads and new lead wires","Stimulator, supplies",complaint
"these are SUPPLIES for my TENS machine, not the machine itself - electrode pads and new lead wires","Stimulator, supplies",complaint_aug
"these are SUPPLIES for my TENS machine, not the machine itself - and electrode pads just new lead wires","Stimulator, supplies",complaint_aug
"these are SUPPLIES for my TENS machine, I think not the machine itself - just electrode pads and new lead wires","Stimulator, supplies",complaint_aug
purchased a Drive Medical Fly-Lite transport wheelchair from Amazon,Transport Wheelchair,brand_specific
a Drive Medical Fly-Lite transport wheelchair from Amazon,Transport Wheelchair,brand_specific_aug
purchased wheelchair Drive Medical Fly-Lite transport a from Amazon,Transport Wheelchair,brand_specific_aug
purchased a Drive I think Medical Fly-Lite transport wheelchair from Amazon,Transport Wheelchair,brand_specific_aug
"cpap stuff | filters and tubing, monthly replacement","CPAP, APAP, BIPAP Supplies",progressive
"cpap stuff | filters and tubing, monthly","CPAP, APAP, BIPAP Supplies",progressive_aug
"and stuff | filters cpap tubing, monthly replacement","CPAP, APAP, BIPAP Supplies",progressive_aug
"cpap stuff | actually filters and tubing, monthly replacement","CPAP, APAP, BIPAP Supplies",progressive_aug
bought a MedicAlert bracelet for my son who has a severe peanut allergy,Medic Alert Bracelet,parent_or_dependent
bought MedicAlert bracelet for my son who has a severe peanut allergy,Medic Alert Bracelet,parent_or_dependent_aug
bought a who bracelet for my son MedicAlert has a severe peanut allergy,Medic Alert Bracelet,parent_or_dependent_aug
bought a MedicAlert bracelet for my son who has a severe peanut um allergy,Medic Alert Bracelet,parent_or_dependent_aug
claiming my father's PSA test from his annual prostate screening,PSA Test (Prostate Specific Antigen),parent_or_dependent
claiming my father's PSA test from his annual screening,PSA Test (Prostate Specific Antigen),parent_or_dependent_aug
claiming my father's PSA test prostate his annual from screening,PSA Test (Prostate Specific Antigen),parent_or_dependent_aug
claiming my father's PSA test from his like annual prostate screening,PSA Test (Prostate Specific Antigen),parent_or_dependent_aug
ear protection,Ear Plugs (custom made),vague_turn1
ear protection like,Ear Plugs (custom made),vague_turn1_aug
I got that metal frame thing that goes around the toilet to help me stand up,Versa Frame (purchase),confused_student
I got that metal frame thing that goes around the toilet to help stand up,Versa Frame (purchase),confused_student_aug
I got that metal frame thing that goes around the toilet to help me up stand,Versa Frame (purchase),confused_student_aug
I got that metal frame just thing that goes around the toilet to help me stand up,Versa Frame (purchase),confused_student_aug
"electric breast pump, going back to work",Breast Pump (purchase),partial_turn2
"electric breast pump, going back to",Breast Pump (purchase),partial_turn2_aug
"electric breast pump, work back to going",Breast Pump (purchase),partial_turn2_aug
"electric breast pump, going actually back to work",Breast Pump (purchase),partial_turn2_aug
"I need protective glasses for my job in the lab, with my prescription in them",Safety Glasses,confused_student
"I need protective for my job in the lab, with my prescription in them",Safety Glasses,confused_student_aug
"I need protective glasses for my job in the lab, in my prescription with them",Safety Glasses,confused_student_aug
"I need protective glasses for my job in actually the lab, with my prescription in them",Safety Glasses,confused_student_aug
bought a pair of Stander EZ Adjust bed rails for my father's bed,Bed Rails (purchase),brand_specific
bought a pair of Stander EZ Adjust bed rails for my father's,Bed Rails (purchase),brand_specific_aug
bought a pair of Stander EZ Adjust rails bed for my father's bed,Bed Rails (purchase),brand_specific_aug
bought a pair of Stander EZ Adjust bed rails for I think my father's bed,Bed Rails (purchase),brand_specific_aug
the patches for my arm,Glucose Monitoring System Supplies/Sensors,vague_turn1
the patches my arm,Glucose Monitoring System Supplies/Sensors,vague_turn1_aug
my patches for the arm,Glucose Monitoring System Supplies/Sensors,vague_turn1_aug
the patches for my arm so,Glucose Monitoring System Supplies/Sensors,vague_turn1_aug
infusion set,Insulin infusion pump supplies,vague_turn1
so infusion set,Insulin infusion pump supplies,vague_turn1_aug
sleep mask thing,"CPAP, APAP, BIPAP Mask",vague_turn1
sleep mask so thing,"CPAP, APAP, BIPAP Mask",vague_turn1_aug
"not glasses or exam, something else",Other vision services (i.e. safety glasses),partial_turn2
"not glasses or exam, else",Other vision services (i.e. safety glasses),partial_turn2_aug
"glasses not or exam, something else",Other vision services (i.e. safety glasses),partial_turn2_aug
"not I think glasses or exam, something else",Other vision services (i.e. safety glasses),partial_turn2_aug
eye thing | vision therapy sessions | not glasses or exam,Other vision services (i.e. safety glasses),progressive
eye thing | vision therapy sessions not glasses or exam,Other vision services (i.e. safety glasses),progressive_aug
eye thing vision | therapy sessions | not glasses or exam,Other vision services (i.e. safety glasses),progressive_aug
eye um thing | vision therapy sessions | not glasses or exam,Other vision services (i.e. safety glasses),progressive_aug
Submitting for a single ergonomic forearm crutch with adjustable cuff and contoured handgrip,Forearm Crutch (purchase),detailed_clinical
Submitting for a single ergonomic forearm with adjustable cuff and contoured handgrip,Forearm Crutch (purchase),detailed_clinical_aug
Submitting for a single ergonomic adjustable crutch with forearm cuff and contoured handgrip,Forearm Crutch (purchase),detailed_clinical_aug
Submitting for a single ergonomic forearm crutch um with adjustable cuff and contoured handgrip,Forearm Crutch (purchase),detailed_clinical_aug
"masters degree, does clinical work",Social Worker (Masters level),partial_turn2
"degree, does clinical work",Social Worker (Masters level),partial_turn2_aug
"masters clinical does degree, work",Social Worker (Masters level),partial_turn2_aug
"masters degree, does actually clinical work",Social Worker (Masters level),partial_turn2_aug
eye doctor visit,Eye Exam,vague_turn1
actually eye doctor visit,Eye Exam,vague_turn1_aug
special eye test,Diagnostic Vision Test,vague_turn1
special eye test um,Diagnostic Vision Test,vague_turn1_aug
Where do I file for lancets used with my glucose meter?,Lancet,question
do I file for lancets used with my glucose meter?,Lancet,question_aug
Where do I file lancets for used with my glucose meter?,Lancet,question_aug
Where do I file for lancets actually used with my glucose meter?,Lancet,question_aug
submitting my child's custom KAFO brace that was made for his leg condition,"Brace, AFO/KAFO (Custom)",parent_or_dependent
submitting my child's custom KAFO brace was made for his leg condition,"Brace, AFO/KAFO (Custom)",parent_or_dependent_aug
submitting my child's custom KAFO brace that was leg for his made condition,"Brace, AFO/KAFO (Custom)",parent_or_dependent_aug
submitting my child's custom KAFO brace that was made for his like leg condition,"Brace, AFO/KAFO (Custom)",parent_or_dependent_aug
"my vision service doesn't fit ANY of the specific categories - it's vision therapy, not an exam or glasses or contacts",Other vision services (i.e. safety glasses),complaint
"my vision service doesn't fit ANY of the specific categories - it's vision therapy, not an exam or glasses contacts",Other vision services (i.e. safety glasses),complaint_aug
"my vision service doesn't fit ANY of an specific categories - it's vision therapy, not the exam or glasses or contacts",Other vision services (i.e. safety glasses),complaint_aug
"my vision service doesn't fit ANY of so the specific categories - it's vision therapy, not an exam or glasses or contacts",Other vision services (i.e. safety glasses),complaint_aug
support socks,"Compression Stockings, any length (up to 14 mmhg)",vague_turn1
support um socks,"Compression Stockings, any length (up to 14 mmhg)",vague_turn1_aug
CBT app,Digital Cognitive Behavioural Therapy,vague_turn1
um CBT app,Digital Cognitive Behavioural Therapy,vague_turn1_aug
phlebotomy draw fee,Blood Withdrawal Fee,terse
phlebotomy draw just fee,Blood Withdrawal Fee,terse_aug
filing a claim for my dad's thigh-length 25 mmhg stockings post his bypass surgery,"Compression Stockings, thigh/full (20-29 mmhg)",parent_or_dependent
filing a claim for my dad's thigh-length 25 mmhg stockings his bypass surgery,"Compression Stockings, thigh/full (20-29 mmhg)",parent_or_dependent_aug
filing a claim for my dad's bypass 25 mmhg stockings post his thigh-length surgery,"Compression Stockings, thigh/full (20-29 mmhg)",parent_or_dependent_aug
filing a claim for my dad's thigh-length 25 mmhg stockings post I think his bypass surgery,"Compression Stockings, thigh/full (20-29 mmhg)",parent_or_dependent_aug
purchased a Hugo Adjustable quad cane from Medichair,Quad Cane (purchase),brand_specific
purchased a Hugo Adjustable quad cane from,Quad Cane (purchase),brand_specific_aug
purchased a quad Adjustable Hugo cane from Medichair,Quad Cane (purchase),brand_specific_aug
purchased a Hugo Adjustable quad cane from Medichair basically,Quad Cane (purchase),brand_specific_aug
medical wig | prescribed | after my cancer treatment,Wig,progressive
medical wig | prescribed | after cancer treatment,Wig,progressive_aug
wig medical | prescribed | after my cancer treatment,Wig,progressive_aug
medical wig | prescribed | after I think my cancer treatment,Wig,progressive_aug
purchased a NovoPen 6 reusable insulin pen injector from my pharmacy,Insulin Pen Injector,brand_specific
purchased a NovoPen 6 reusable insulin pen from my pharmacy,Insulin Pen Injector,brand_specific_aug
NovoPen a purchased 6 reusable insulin pen injector from my pharmacy,Insulin Pen Injector,brand_specific_aug
purchased a NovoPen 6 um reusable insulin pen injector from my pharmacy,Insulin Pen Injector,brand_specific_aug
"these are the long ones that go way up past my knee to my upper leg, 25 mmhg","Compression Stockings, thigh/full (20-29 mmhg)",confused_student
"these are the long ones that go way up past knee to my upper leg, 25 mmhg","Compression Stockings, thigh/full (20-29 mmhg)",confused_student_aug
"these are the long ones that upper way up past my knee to my go leg, 25 mmhg","Compression Stockings, thigh/full (20-29 mmhg)",confused_student_aug
"these are the long ones that go way up past so my knee to my upper leg, 25 mmhg","Compression Stockings, thigh/full (20-29 mmhg)",confused_student_aug
mental health | doesn't fit the regular categories | community counsellor,Other mental health services,progressive
mental health | doesn't fit the categories | community counsellor,Other mental health services,progressive_aug
mental health | doesn't regular the fit categories | community counsellor,Other mental health services,progressive_aug
mental health | doesn't actually fit the regular categories | community counsellor,Other mental health services,progressive_aug
What category for a bra designed to be worn after a mastectomy?,Mastectomy bra,question
What for a bra designed to be worn after a mastectomy?,Mastectomy bra,question_aug
be category for a bra designed to What worn after a mastectomy?,Mastectomy bra,question_aug
What category for a bra designed to be worn after a like mastectomy?,Mastectomy bra,question_aug
My doctor recommended I try a digital CBT program since the waitlist for in-person therapy was six months long,Digital Cognitive Behavioural Therapy,storyteller
My recommended I try a digital CBT program since the waitlist for in-person therapy was six months long,Digital Cognitive Behavioural Therapy,storyteller_aug
My doctor recommended I try a digital waitlist program since the CBT for in-person therapy was six months long,Digital Cognitive Behavioural Therapy,storyteller_aug
My doctor actually recommended I try a digital CBT program since the waitlist for in-person therapy was six months long,Digital Cognitive Behavioural Therapy,storyteller_aug
"knee length, medium firm","Compression Stockings, knee length (15-19 mmhg)",partial_turn2
"firm length, medium knee","Compression Stockings, knee length (15-19 mmhg)",partial_turn2_aug
"knee I think length, medium firm","Compression Stockings, knee length (15-19 mmhg)",partial_turn2_aug
chipped tooth,Dental Accident,vague_turn1
like chipped tooth,Dental Accident,vague_turn1_aug
custom left knee brace claim,"Brace, left knee (Custom)",terse
custom knee brace claim,"Brace, left knee (Custom)",terse_aug
custom claim knee brace left,"Brace, left knee (Custom)",terse_aug
custom left knee just brace claim,"Brace, left knee (Custom)",terse_aug
My son was having trouble reading because his eyes don't track together well so we started vision therapy sessions with an optometrist,Other vision services (i.e. safety glasses),storyteller
My son was trouble reading because his eyes don't track together well so we started vision therapy sessions with an optometrist,Other vision services (i.e. safety glasses),storyteller_aug
My son was having trouble reading sessions his eyes don't track together well so we started vision therapy because with an optometrist,Other vision services (i.e. safety glasses),storyteller_aug
My son was having trouble reading because his eyes don't track together well so just we started vision therapy sessions with an optometrist,Other vision services (i.e. safety glasses),storyteller_aug
cane | single point | for my balance after stroke,"Cane, standard",progressive
cane | single point for my balance after stroke,"Cane, standard",progressive_aug
cane | for point | single my balance after stroke,"Cane, standard",progressive_aug
cane | single point | for my balance after like stroke,"Cane, standard",progressive_aug
"I get hit in mouth during basketball game and tooth break, accident not regular dental",Dental Accident,esl_speaker
"I get hit in mouth during basketball game and tooth break, not regular dental",Dental Accident,esl_speaker_aug
"I accident hit in mouth during basketball game and tooth break, get not regular dental",Dental Accident,esl_speaker_aug
"I get hit in mouth so during basketball game and tooth break, accident not regular dental",Dental Accident,esl_speaker_aug
shower chair,Bath Bench/Chair (purchase),vague_turn1
like shower chair,Bath Bench/Chair (purchase),vague_turn1_aug
Which option for a walker that doesn't have any wheels?,Walker - non wheeled (purchase),question
option for a walker that doesn't have any wheels?,Walker - non wheeled (purchase),question_aug
Which option for a doesn't that walker have any wheels?,Walker - non wheeled (purchase),question_aug
Which option for a walker that just doesn't have any wheels?,Walker - non wheeled (purchase),question_aug
"not automatic, I trigger it",Insulin Gun (manual),partial_turn2
not I trigger it,Insulin Gun (manual),partial_turn2_aug
"automatic, not I trigger it",Insulin Gun (manual),partial_turn2_aug
"just not automatic, I trigger it",Insulin Gun (manual),partial_turn2_aug
"long and firm, hard to put on","Compression Stockings, thigh/full (20-29 mmhg)",partial_turn2
"long and firm, hard to put","Compression Stockings, thigh/full (20-29 mmhg)",partial_turn2_aug
"long and put hard to firm, on","Compression Stockings, thigh/full (20-29 mmhg)",partial_turn2_aug
"long actually and firm, hard to put on","Compression Stockings, thigh/full (20-29 mmhg)",partial_turn2_aug
my grandmother is bedridden after surgery and we needed to buy a bedpan,Bedpan,parent_or_dependent
my grandmother is bedridden after surgery and we needed buy a bedpan,Bedpan,parent_or_dependent_aug
bedpan grandmother is bedridden after surgery and we needed to buy a my,Bedpan,parent_or_dependent_aug
my grandmother is bedridden after like surgery and we needed to buy a bedpan,Bedpan,parent_or_dependent_aug
"Claiming a comprehensive optometric examination including refraction, tonometry, and fundoscopy",Eye Exam,detailed_clinical
"Claiming a comprehensive optometric examination including tonometry, and fundoscopy",Eye Exam,detailed_clinical_aug
"Claiming including comprehensive optometric examination a refraction, tonometry, and fundoscopy",Eye Exam,detailed_clinical_aug
"Claiming a comprehensive optometric examination including refraction, tonometry, just and fundoscopy",Eye Exam,detailed_clinical_aug
ordered a year supply of Acuvue Oasys daily contacts from Clearly.ca,Prescription Contacts,brand_specific
ordered a year supply of Oasys daily contacts from Clearly.ca,Prescription Contacts,brand_specific_aug
Oasys a year supply of Acuvue ordered daily contacts from Clearly.ca,Prescription Contacts,brand_specific_aug
ordered a year supply of Acuvue Oasys basically daily contacts from Clearly.ca,Prescription Contacts,brand_specific_aug
I have severe bunions and regular shoes don't fit so my podiatrist ordered custom orthopedic shoes built specifically for my feet,Orthopaedic or custom made shoes,storyteller
I have severe bunions and regular shoes don't fit so my podiatrist ordered orthopedic shoes built specifically for my feet,Orthopaedic or custom made shoes,storyteller_aug
I have severe bunions and regular shoes don't fit so my orthopedic ordered custom podiatrist shoes built specifically for my feet,Orthopaedic or custom made shoes,storyteller_aug
I have severe bunions um and regular shoes don't fit so my podiatrist ordered custom orthopedic shoes built specifically for my feet,Orthopaedic or custom made shoes,storyteller_aug
gel pack I keep in the freezer,Cold Therapy - Re-usable Items (purchase),partial_turn2
gel I keep in the freezer,Cold Therapy - Re-usable Items (purchase),partial_turn2_aug
gel pack I keep the in freezer,Cold Therapy - Re-usable Items (purchase),partial_turn2_aug
gel pack I keep like in the freezer,Cold Therapy - Re-usable Items (purchase),partial_turn2_aug
Where do I claim orthodontic records like x-rays and impressions?,Other Orthodontic/Dental Services (i.e. orthodontic records),question
Where do I claim orthodontic records like x-rays impressions?,Other Orthodontic/Dental Services (i.e. orthodontic records),question_aug
Where do I claim orthodontic records like impressions? and x-rays,Other Orthodontic/Dental Services (i.e. orthodontic records),question_aug
Where do I claim orthodontic records actually like x-rays and impressions?,Other Orthodontic/Dental Services (i.e. orthodontic records),question_aug
"my father has diabetic neuropathy and needs custom orthopedic shoes, submitting the claim for him",Orthopaedic or custom made shoes,parent_or_dependent
"my father has diabetic neuropathy and needs custom orthopedic shoes, submitting claim for him",Orthopaedic or custom made shoes,parent_or_dependent_aug
"my father has diabetic shoes, and needs custom orthopedic neuropathy submitting the claim for him",Orthopaedic or custom made shoes,parent_or_dependent_aug
"my father has diabetic neuropathy and needs custom orthopedic shoes, actually submitting the claim for him",Orthopaedic or custom made shoes,parent_or_dependent_aug
I filed under 'Other medical items' but it's actually a TENS machine for nerve stimulation,"Stimulator, muscle/nerve (TENS)",wrong_guess
I filed under medical items' but it's actually a TENS machine for nerve stimulation,"Stimulator, muscle/nerve (TENS)",wrong_guess_aug
I nerve under 'Other medical items' but it's actually a TENS machine for filed stimulation,"Stimulator, muscle/nerve (TENS)",wrong_guess_aug
I filed under 'Other medical items' but it's um actually a TENS machine for nerve stimulation,"Stimulator, muscle/nerve (TENS)",wrong_guess_aug
lancets not the meter or strips,Lancet,partial_turn2
lancets the meter or strips,Lancet,partial_turn2_aug
lancets not the or meter strips,Lancet,partial_turn2_aug
lancets not the meter just or strips,Lancet,partial_turn2_aug
prostate test | blood drawn | annual screening | urologist ordered,PSA Test (Prostate Specific Antigen),progressive
prostate test | blood drawn | screening | urologist ordered,PSA Test (Prostate Specific Antigen),progressive_aug
| test | blood drawn prostate annual screening | urologist ordered,PSA Test (Prostate Specific Antigen),progressive_aug
prostate test | blood drawn | annual actually screening | urologist ordered,PSA Test (Prostate Specific Antigen),progressive_aug
"the hose and filter, monthly replacement","CPAP, APAP, BIPAP Supplies",partial_turn2
"the hose filter, monthly replacement","CPAP, APAP, BIPAP Supplies",partial_turn2_aug
"the filter, and hose monthly replacement","CPAP, APAP, BIPAP Supplies",partial_turn2_aug
"the so hose and filter, monthly replacement","CPAP, APAP, BIPAP Supplies",partial_turn2_aug
the pen for insulin,Insulin Pen Injector,vague_turn1
the for pen insulin,Insulin Pen Injector,vague_turn1_aug
the pen like for insulin,Insulin Pen Injector,vague_turn1_aug
checkup not getting glasses,Eye Exam,partial_turn2
checkup not glasses getting,Eye Exam,partial_turn2_aug
like checkup not getting glasses,Eye Exam,partial_turn2_aug
other eye service | not regular exam | therapy for my eye condition,Other vision services (i.e. safety glasses),progressive
other eye service not regular exam | therapy for my eye condition,Other vision services (i.e. safety glasses),progressive_aug
other | service eye not regular exam | therapy for my eye condition,Other vision services (i.e. safety glasses),progressive_aug
other eye service | not regular exam | therapy for my um eye condition,Other vision services (i.e. safety glasses),progressive_aug
What category for a brace I bought off the shelf at the pharmacy?,Brace (Non-custom),question
What category for a brace I bought the shelf at the pharmacy?,Brace (Non-custom),question_aug
What category for the brace I bought off a shelf at the pharmacy?,Brace (Non-custom),question_aug
What category for a brace I bought off the shelf at um the pharmacy?,Brace (Non-custom),question_aug
hospital stay provincial claim,Hospital (within your province),terse
hospital claim provincial stay,Hospital (within your province),terse_aug
basically hospital stay provincial claim,Hospital (within your province),terse_aug
social work sessions,Social Worker (Bachelors),vague_turn1
social work I think sessions,Social Worker (Bachelors),vague_turn1_aug
blood test for ovarian cancer marker,CA-125 (Cancer Antigen) Test,partial_turn2
blood test for cancer marker,CA-125 (Cancer Antigen) Test,partial_turn2_aug
blood marker for ovarian cancer test,CA-125 (Cancer Antigen) Test,partial_turn2_aug
blood test just for ovarian cancer marker,CA-125 (Cancer Antigen) Test,partial_turn2_aug
PSW comes to help at home,In Home Support Services,partial_turn2
PSW comes to help home,In Home Support Services,partial_turn2_aug
PSW comes help to at home,In Home Support Services,partial_turn2_aug
PSW comes to help like at home,In Home Support Services,partial_turn2_aug
pre-braces stuff,Other Orthodontic/Dental Services (i.e. orthodontic records),vague_turn1
pre-braces um stuff,Other Orthodontic/Dental Services (i.e. orthodontic records),vague_turn1_aug
"I use alcohol pad before injection every day for diabetes, I buy many box",Alcohol swabs,esl_speaker
"I use alcohol pad before injection every day for diabetes, I many box",Alcohol swabs,esl_speaker_aug
"I use alcohol pad before for every day injection diabetes, I buy many box",Alcohol swabs,esl_speaker_aug
"I use alcohol pad before just injection every day for diabetes, I buy many box",Alcohol swabs,esl_speaker_aug
sleep apnea accessories | the hose and filters | not the machine,"CPAP, APAP, BIPAP Supplies",progressive
sleep apnea accessories | the hose and | not the machine,"CPAP, APAP, BIPAP Supplies",progressive_aug
sleep apnea accessories | machine hose and filters | not the the,"CPAP, APAP, BIPAP Supplies",progressive_aug
sleep apnea accessories | I think the hose and filters | not the machine,"CPAP, APAP, BIPAP Supplies",progressive_aug
purchased an Inject-Ease automatic insulin injection aid from Diabetes Express,Insulin Gun (automatic),brand_specific
purchased Inject-Ease automatic insulin injection aid from Diabetes Express,Insulin Gun (automatic),brand_specific_aug
purchased an Inject-Ease injection insulin automatic aid from Diabetes Express,Insulin Gun (automatic),brand_specific_aug
purchased just an Inject-Ease automatic insulin injection aid from Diabetes Express,Insulin Gun (automatic),brand_specific_aug
medical foot treatment,Podiatry Treatment,vague_turn1
medical I think foot treatment,Podiatry Treatment,vague_turn1_aug
took my daughter for her annual eye exam at the optometrist,Eye Exam,parent_or_dependent
took my daughter her annual eye exam at the optometrist,Eye Exam,parent_or_dependent_aug
took my daughter for exam annual eye her at the optometrist,Eye Exam,parent_or_dependent_aug
took my daughter for her annual eye exam at the optometrist like,Eye Exam,parent_or_dependent_aug
tuberculosis test | mantoux | employer required it,TB Test/Mantoux,progressive
tuberculosis test | mantoux employer required it,TB Test/Mantoux,progressive_aug
tuberculosis required | mantoux | employer test it,TB Test/Mantoux,progressive_aug
tuberculosis test | so mantoux | employer required it,TB Test/Mantoux,progressive_aug
I got varicose veins during pregnancy and my OB told me to get thigh-high stockings at about 15 mmhg for the swelling,"Compression Stockings, thigh/full (15-19 mmhg)",storyteller
I got varicose veins during pregnancy and OB told me to get thigh-high stockings at about 15 mmhg for the swelling,"Compression Stockings, thigh/full (15-19 mmhg)",storyteller_aug
I got varicose veins during to and my OB told me pregnancy get thigh-high stockings at about 15 mmhg for the swelling,"Compression Stockings, thigh/full (15-19 mmhg)",storyteller_aug
I got varicose veins during pregnancy and my OB basically told me to get thigh-high stockings at about 15 mmhg for the swelling,"Compression Stockings, thigh/full (15-19 mmhg)",storyteller_aug
"I picked 'Social Worker Bachelors' but she actually has an MSW, is there a difference in coverage?",Social Worker (Masters level),wrong_guess
"I picked 'Social Worker but she actually has an MSW, is there a difference in coverage?",Social Worker (Masters level),wrong_guess_aug
"I has 'Social Worker Bachelors' but she actually picked an MSW, is there a difference in coverage?",Social Worker (Masters level),wrong_guess_aug
"I like picked 'Social Worker Bachelors' but she actually has an MSW, is there a difference in coverage?",Social Worker (Masters level),wrong_guess_aug
signed my daughter up for a digital CBT app to help her manage school-related anxiety,Digital Cognitive Behavioural Therapy,parent_or_dependent
signed my daughter up a digital CBT app to help her manage school-related anxiety,Digital Cognitive Behavioural Therapy,parent_or_dependent_aug
signed my her up for a digital CBT app to help daughter manage school-related anxiety,Digital Cognitive Behavioural Therapy,parent_or_dependent_aug
signed my daughter up for a digital CBT app to help her manage school-related anxiety basically,Digital Cognitive Behavioural Therapy,parent_or_dependent_aug
installed a versa frame around the toilet for my elderly mother's bathroom safety,Versa Frame (purchase),parent_or_dependent
a versa frame around the toilet for my elderly mother's bathroom safety,Versa Frame (purchase),parent_or_dependent_aug
installed a versa frame elderly the toilet for my around mother's bathroom safety,Versa Frame (purchase),parent_or_dependent_aug
installed a versa frame around the toilet um for my elderly mother's bathroom safety,Versa Frame (purchase),parent_or_dependent_aug
the hard plastic leg thing,"Brace, AFO/KAFO (Custom)",vague_turn1
the hard plastic thing,"Brace, AFO/KAFO (Custom)",vague_turn1_aug
the plastic hard leg thing,"Brace, AFO/KAFO (Custom)",vague_turn1_aug
so the hard plastic leg thing,"Brace, AFO/KAFO (Custom)",vague_turn1_aug
genetic screening,Screening (for DNA/Genetic purposes),vague_turn1
genetic basically screening,Screening (for DNA/Genetic purposes),vague_turn1_aug
OT | occupational therapist | daily living skills after my stroke,Occupational Therapy,progressive
OT occupational therapist | daily living skills after my stroke,Occupational Therapy,progressive_aug
OT | occupational therapist | daily skills living after my stroke,Occupational Therapy,progressive_aug
OT like | occupational therapist | daily living skills after my stroke,Occupational Therapy,progressive_aug
naturopathic doctor,Naturopathic Treatment,vague_turn1
naturopathic doctor just,Naturopathic Treatment,vague_turn1_aug
bought a Drive Medical folding steel bedside commode from Medichair,Stationary Commode (purchase),brand_specific
a Drive Medical folding steel bedside commode from Medichair,Stationary Commode (purchase),brand_specific_aug
bought a Medichair Medical folding steel bedside commode from Drive,Stationary Commode (purchase),brand_specific_aug
bought a Drive Medical folding steel bedside commode from so Medichair,Stationary Commode (purchase),brand_specific_aug
"I fell off my bike and knocked out my front tooth, is that different from regular dental?",Dental Accident,confused_student
"I fell my bike and knocked out my front tooth, is that different from regular dental?",Dental Accident,confused_student_aug
"I fell off out bike and knocked my my front tooth, is that different from regular dental?",Dental Accident,confused_student_aug
"I fell off my bike and knocked out my front tooth, is that different from regular dental? actually",Dental Accident,confused_student_aug
"right knee, custom fitted","Brace, right knee (Custom)",partial_turn2
"right knee, fitted custom","Brace, right knee (Custom)",partial_turn2_aug
"right knee, custom fitted actually","Brace, right knee (Custom)",partial_turn2_aug
lab fee,Blood Withdrawal Fee,vague_turn1
lab fee I think,Blood Withdrawal Fee,vague_turn1_aug
homeopathic remedies and consultation,Homeopathic Treatment,partial_turn2
homeopathic consultation and remedies,Homeopathic Treatment,partial_turn2_aug
homeopathic remedies and so consultation,Homeopathic Treatment,partial_turn2_aug
walking stick,"Cane, standard",vague_turn1
walking stick um,"Cane, standard",vague_turn1_aug
"I buy small needle for prick finger, for check sugar in blood, many in box",Lancet,esl_speaker
"I buy small needle prick finger, for check sugar in blood, many in box",Lancet,esl_speaker_aug
"I buy small needle for prick finger, for check box in blood, many in sugar",Lancet,esl_speaker_aug
"I like buy small needle for prick finger, for check sugar in blood, many in box",Lancet,esl_speaker_aug
"I buy simple cane for walking, one point on bottom, to help balance","Cane, standard",esl_speaker
"I buy simple cane for walking, one point on bottom, to balance","Cane, standard",esl_speaker_aug
"I cane simple buy for walking, one point on bottom, to help balance","Cane, standard",esl_speaker_aug
"I buy simple cane for walking, one point on bottom, I think to help balance","Cane, standard",esl_speaker_aug
I bought one of those pan things for using the bathroom in bed,Bedpan,confused_student
I bought one of pan things for using the bathroom in bed,Bedpan,confused_student_aug
I bathroom one of those pan things for using the bought in bed,Bedpan,confused_student_aug
I bought I think one of those pan things for using the bathroom in bed,Bedpan,confused_student_aug
mammogram at the imaging centre,Mammogram,partial_turn2
mammogram the imaging centre,Mammogram,partial_turn2_aug
centre at the imaging mammogram,Mammogram,partial_turn2_aug
mammogram basically at the imaging centre,Mammogram,partial_turn2_aug
purchasing a stationary commode for my grandmother's bedroom since she can't walk to the bathroom,Stationary Commode (purchase),parent_or_dependent
purchasing a stationary commode for my bedroom since she can't walk to the bathroom,Stationary Commode (purchase),parent_or_dependent_aug
purchasing a stationary commode for my grandmother's walk since she can't bedroom to the bathroom,Stationary Commode (purchase),parent_or_dependent_aug
purchasing a stationary commode for my grandmother's bedroom since she can't walk to the bathroom so,Stationary Commode (purchase),parent_or_dependent_aug
tabletop steam vaporizer,Vaporizer (table top),terse
I think tabletop steam vaporizer,Vaporizer (table top),terse_aug
My vascular surgeon referred me to a certified fitter who took molds of both legs and made compression stockings specifically for me,"Compression Stockings, custom, any length",storyteller
My vascular surgeon referred me to a certified fitter took molds of both legs and made compression stockings specifically for me,"Compression Stockings, custom, any length",storyteller_aug
My vascular surgeon referred me to a certified fitter legs took molds of both who and made compression stockings specifically for me,"Compression Stockings, custom, any length",storyteller_aug
My vascular just surgeon referred me to a certified fitter who took molds of both legs and made compression stockings specifically for me,"Compression Stockings, custom, any length",storyteller_aug
foot doctor thing,Chiropody (Foot Care) Treatment,vague_turn1
foot so doctor thing,Chiropody (Foot Care) Treatment,vague_turn1_aug
registered psych,Psychologist,partial_turn2
registered psych like,Psychologist,partial_turn2_aug
buying a quad cane for my grandmother who needs extra stability,Quad Cane (purchase),parent_or_dependent
buying a quad cane for my grandmother who needs extra,Quad Cane (purchase),parent_or_dependent_aug
buying a quad grandmother for my cane who needs extra stability,Quad Cane (purchase),parent_or_dependent_aug
buying like a quad cane for my grandmother who needs extra stability,Quad Cane (purchase),parent_or_dependent_aug
vaporizer | table top steam | for my respiratory condition,Vaporizer (table top),progressive
vaporizer | table steam | for my respiratory condition,Vaporizer (table top),progressive_aug
vaporizer | steam top table | for my respiratory condition,Vaporizer (table top),progressive_aug
vaporizer | basically table top steam | for my respiratory condition,Vaporizer (table top),progressive_aug
leg stockings from the specialist,"Compression Stockings, custom, any length",vague_turn1
stockings from the specialist,"Compression Stockings, custom, any length",vague_turn1_aug
leg from stockings the specialist,"Compression Stockings, custom, any length",vague_turn1_aug
leg stockings from the just specialist,"Compression Stockings, custom, any length",vague_turn1_aug
the examination fee only,Eye Exam,partial_turn2
the fee examination only,Eye Exam,partial_turn2_aug
um the examination fee only,Eye Exam,partial_turn2_aug
the one I have to press manually,Insulin Gun (manual),partial_turn2
the one I have to manually,Insulin Gun (manual),partial_turn2_aug
the one press have to I manually,Insulin Gun (manual),partial_turn2_aug
the one I have to press so manually,Insulin Gun (manual),partial_turn2_aug
reusable heat pack purchase,Heat Therapy - Re-usable items (purchase),terse
reusable purchase pack heat,Heat Therapy - Re-usable items (purchase),terse_aug
like reusable heat pack purchase,Heat Therapy - Re-usable items (purchase),terse_aug
eye scan,Diagnostic Vision Test,vague_turn1
um eye scan,Diagnostic Vision Test,vague_turn1_aug
permanently mounted to the wall,Grab Bar/Bath Bar - permanent fixtures (purchase),partial_turn2
permanently mounted the wall,Grab Bar/Bath Bar - permanent fixtures (purchase),partial_turn2_aug
permanently mounted wall the to,Grab Bar/Bath Bar - permanent fixtures (purchase),partial_turn2_aug
basically permanently mounted to the wall,Grab Bar/Bath Bar - permanent fixtures (purchase),partial_turn2_aug
shoe alteration,Other foot care services (i.e. orthopedic shoe modification),vague_turn1
just shoe alteration,Other foot care services (i.e. orthopedic shoe modification),vague_turn1_aug
"goes to my thigh, extremely tight","Compression Stockings, thigh/full (30 mmhg & over)",partial_turn2
"goes to my thigh, tight","Compression Stockings, thigh/full (30 mmhg & over)",partial_turn2_aug
"extremely to my thigh, goes tight","Compression Stockings, thigh/full (30 mmhg & over)",partial_turn2_aug
"goes to my thigh, extremely tight just","Compression Stockings, thigh/full (30 mmhg & over)",partial_turn2_aug
PSA | blood test | prostate cancer monitoring,PSA Test (Prostate Specific Antigen),progressive
PSA | blood test prostate cancer monitoring,PSA Test (Prostate Specific Antigen),progressive_aug
cancer | blood test | prostate PSA monitoring,PSA Test (Prostate Specific Antigen),progressive_aug
PSA | um blood test | prostate cancer monitoring,PSA Test (Prostate Specific Antigen),progressive_aug
physical therapy | not massage | registered physiotherapist,Physiotherapy,progressive
physical therapy | not massage | registered,Physiotherapy,progressive_aug
physical massage | not therapy | registered physiotherapist,Physiotherapy,progressive_aug
physical therapy | not massage | just registered physiotherapist,Physiotherapy,progressive_aug
Which category for purchasing prescription eyeglasses?,Prescription Glasses,question
Which category for prescription eyeglasses?,Prescription Glasses,question_aug
purchasing category for Which prescription eyeglasses?,Prescription Glasses,question_aug
Which category um for purchasing prescription eyeglasses?,Prescription Glasses,question_aug
consumable parts for my TENS,"Stimulator, supplies",partial_turn2
consumable parts my TENS,"Stimulator, supplies",partial_turn2_aug
for parts consumable my TENS,"Stimulator, supplies",partial_turn2_aug
consumable so parts for my TENS,"Stimulator, supplies",partial_turn2_aug
CA-125 test,CA-125 (Cancer Antigen) Test,vague_turn1
CA-125 just test,CA-125 (Cancer Antigen) Test,vague_turn1_aug
they strapped a BP cuff on me that took readings all day and night for 24 hours,Ambulatory Blood Pressure Test,confused_student
they strapped a BP cuff on me that took readings all day and night for hours,Ambulatory Blood Pressure Test,confused_student_aug
they strapped a BP cuff on me that took and all day readings night for 24 hours,Ambulatory Blood Pressure Test,confused_student_aug
they strapped a BP cuff on me that took readings all day and night for 24 hours basically,Ambulatory Blood Pressure Test,confused_student_aug
dietitian,Dietitian Services,vague_turn1
dietitian basically,Dietitian Services,vague_turn1_aug
finger prick needles | lancets | for my glucose testing,Lancet,progressive
finger prick needles | lancets for my glucose testing,Lancet,progressive_aug
finger prick needles | | lancets for my glucose testing,Lancet,progressive_aug
finger actually prick needles | lancets | for my glucose testing,Lancet,progressive_aug
I turned 50 and my family doctor said it's time for a colonoscopy to screen for colon cancer,Colonoscopy,storyteller
I turned 50 and my family doctor said it's time for a to screen for colon cancer,Colonoscopy,storyteller_aug
colon turned 50 and my family doctor said it's time for a colonoscopy to screen for I cancer,Colonoscopy,storyteller_aug
I turned 50 and my family doctor said it's time for a colonoscopy to screen for colon um cancer,Colonoscopy,storyteller_aug
IV pole stand purchase,IV Stand (purchase),terse
purchase pole stand IV,IV Stand (purchase),terse_aug
IV like pole stand purchase,IV Stand (purchase),terse_aug
bath seat,Bath Bench/Chair (purchase),vague_turn1
bath like seat,Bath Bench/Chair (purchase),vague_turn1_aug
I got metal braces on my teeth and pay a monthly fee to the orthodontist,Orthodontic Services (Braces - initial and monthly fee),confused_student
I got metal braces on my teeth and pay a monthly fee the orthodontist,Orthodontic Services (Braces - initial and monthly fee),confused_student_aug
I got metal braces on my teeth monthly pay a and fee to the orthodontist,Orthodontic Services (Braces - initial and monthly fee),confused_student_aug
I got metal braces on my teeth and pay a monthly fee to the actually orthodontist,Orthodontic Services (Braces - initial and monthly fee),confused_student_aug
insulin device,Insulin Gun (manual),vague_turn1
I think insulin device,Insulin Gun (manual),vague_turn1_aug
breast imaging,Mammogram,vague_turn1
breast like imaging,Mammogram,vague_turn1_aug
special bra | after my mastectomy | medical purpose,Mastectomy bra,progressive
special bra after my mastectomy | medical purpose,Mastectomy bra,progressive_aug
special bra | after medical mastectomy | my purpose,Mastectomy bra,progressive_aug
special bra | after my mastectomy | basically medical purpose,Mastectomy bra,progressive_aug
need to claim the blood draw fee from LifeLabs for my spouse's recent blood work,Blood Withdrawal Fee,parent_or_dependent
to claim the blood draw fee from LifeLabs for my spouse's recent blood work,Blood Withdrawal Fee,parent_or_dependent_aug
need to claim the blood draw fee from LifeLabs my for spouse's recent blood work,Blood Withdrawal Fee,parent_or_dependent_aug
need to claim the blood draw fee just from LifeLabs for my spouse's recent blood work,Blood Withdrawal Fee,parent_or_dependent_aug
warm mist vaporizer,Vaporizer (table top),partial_turn2
warm so mist vaporizer,Vaporizer (table top),partial_turn2_aug
diagnostic test,Other laboratory and diagnostic tests,vague_turn1
diagnostic test basically,Other laboratory and diagnostic tests,vague_turn1_aug
prescription,Drug,vague_turn1
prescription basically,Drug,vague_turn1_aug
full leg medical stockings,"Compression Stockings, thigh/full (30 mmhg & over)",vague_turn1
leg full medical stockings,"Compression Stockings, thigh/full (30 mmhg & over)",vague_turn1_aug
full leg medical basically stockings,"Compression Stockings, thigh/full (30 mmhg & over)",vague_turn1_aug
need to claim CGM sensor supplies for my daughter's type 1 diabetes management,Glucose Monitoring System Supplies/Sensors,parent_or_dependent
need to claim CGM sensor supplies for my daughter's type diabetes management,Glucose Monitoring System Supplies/Sensors,parent_or_dependent_aug
need to my CGM sensor supplies for claim daughter's type 1 diabetes management,Glucose Monitoring System Supplies/Sensors,parent_or_dependent_aug
need to claim CGM sensor supplies for my daughter's type 1 so diabetes management,Glucose Monitoring System Supplies/Sensors,parent_or_dependent_aug
pre-auth medical estimate,Estimate/Pre-Authorization,terse
pre-auth medical um estimate,Estimate/Pre-Authorization,terse_aug
"leg socks | the light kind, not tight at all | just for travel","Compression Stockings, any length (up to 14 mmhg)",progressive
"leg socks | the light kind, not tight at all | just for","Compression Stockings, any length (up to 14 mmhg)",progressive_aug
"leg socks | the light kind, not travel at all | just for tight","Compression Stockings, any length (up to 14 mmhg)",progressive_aug
"leg socks | um the light kind, not tight at all | just for travel","Compression Stockings, any length (up to 14 mmhg)",progressive_aug
full leg compression | medium firm | thigh length,"Compression Stockings, thigh/full (15-19 mmhg)",progressive
full leg compression | medium firm | thigh,"Compression Stockings, thigh/full (15-19 mmhg)",progressive_aug
full leg | | medium firm compression thigh length,"Compression Stockings, thigh/full (15-19 mmhg)",progressive_aug
full leg compression like | medium firm | thigh length,"Compression Stockings, thigh/full (15-19 mmhg)",progressive_aug
the underarm sticks,"Crutches, pair",vague_turn1
the actually underarm sticks,"Crutches, pair",vague_turn1_aug
What category for a breast pump I purchased for nursing?,Breast Pump (purchase),question
What for a breast pump I purchased for nursing?,Breast Pump (purchase),question_aug
What category for a I pump breast purchased for nursing?,Breast Pump (purchase),question_aug
What category for a breast actually pump I purchased for nursing?,Breast Pump (purchase),question_aug
purchased a ResMed AirSense 11 AutoSet CPAP from VitalAire,"CPAP, APAP, BIPAP Machine",brand_specific
purchased a ResMed AirSense 11 AutoSet CPAP from,"CPAP, APAP, BIPAP Machine",brand_specific_aug
11 a ResMed AirSense purchased AutoSet CPAP from VitalAire,"CPAP, APAP, BIPAP Machine",brand_specific_aug
purchased a ResMed AirSense just 11 AutoSet CPAP from VitalAire,"CPAP, APAP, BIPAP Machine",brand_specific_aug
Filing a claim for a programmable subcutaneous insulin infusion pump system with basal-bolus delivery capability,Insulin infusion pump,detailed_clinical
Filing a claim for programmable subcutaneous insulin infusion pump system with basal-bolus delivery capability,Insulin infusion pump,detailed_clinical_aug
Filing a claim for a programmable subcutaneous insulin infusion delivery system with basal-bolus pump capability,Insulin infusion pump,detailed_clinical_aug
Filing a claim for a programmable subcutaneous insulin infusion pump system with basal-bolus delivery capability actually,Insulin infusion pump,detailed_clinical_aug
orthodontic records x-rays,Other Orthodontic/Dental Services (i.e. orthodontic records),terse
orthodontic um records x-rays,Other Orthodontic/Dental Services (i.e. orthodontic records),terse_aug
"my eye doctor ordered some special test beyond the regular exam, something about checking the back of my eye",Diagnostic Vision Test,confused_student
"my eye doctor ordered some special test beyond the regular exam, something about checking the back of eye",Diagnostic Vision Test,confused_student_aug
"my eye doctor ordered some special test beyond the regular exam, back about checking the something of my eye",Diagnostic Vision Test,confused_student_aug
"my eye doctor ordered some special test beyond the regular like exam, something about checking the back of my eye",Diagnostic Vision Test,confused_student_aug
seeing a therapist | RP designation | not a psychologist,Psychotherapist,progressive
seeing a therapist | RP designation | not psychologist,Psychotherapist,progressive_aug
seeing a therapist | RP designation not | a psychologist,Psychotherapist,progressive_aug
seeing a therapist | RP actually designation | not a psychologist,Psychotherapist,progressive_aug
got 2XU compression calf sleeves from Running Room,"Compression Calf Sleeves/Tights (footless), any length",brand_specific
got 2XU compression sleeves from Running Room,"Compression Calf Sleeves/Tights (footless), any length",brand_specific_aug
got 2XU compression sleeves calf from Running Room,"Compression Calf Sleeves/Tights (footless), any length",brand_specific_aug
got 2XU compression calf sleeves from I think Running Room,"Compression Calf Sleeves/Tights (footless), any length",brand_specific_aug
hearing aids from the audiologist,Hearing Aids,partial_turn2
hearing aids from audiologist,Hearing Aids,partial_turn2_aug
from aids hearing the audiologist,Hearing Aids,partial_turn2_aug
hearing aids from the audiologist um,Hearing Aids,partial_turn2_aug
I had blood work done but it's not allergy testing or any of the specific tests listed,Other laboratory and diagnostic tests,confused_student
I had blood work done but it's not allergy testing or any the specific tests listed,Other laboratory and diagnostic tests,confused_student_aug
I had blood work of but it's not allergy testing or any done the specific tests listed,Other laboratory and diagnostic tests,confused_student_aug
I had blood work done but it's not allergy testing or any of the specific basically tests listed,Other laboratory and diagnostic tests,confused_student_aug
Claiming individualized medical nutrition therapy consultation with a Registered Dietitian for type 2 diabetes management,Dietitian Services,detailed_clinical
Claiming individualized nutrition therapy consultation with a Registered Dietitian for type 2 diabetes management,Dietitian Services,detailed_clinical_aug
Claiming individualized medical nutrition therapy consultation with a Dietitian Registered for type 2 diabetes management,Dietitian Services,detailed_clinical_aug
Claiming individualized medical nutrition therapy consultation with a Registered Dietitian actually for type 2 diabetes management,Dietitian Services,detailed_clinical_aug
How do I claim hospital charges within my province that aren't covered by the provincial plan?,Hospital (within your province),question
How do I hospital charges within my province that aren't covered by the provincial plan?,Hospital (within your province),question_aug
How provincial I claim hospital charges within my province that aren't covered by the do plan?,Hospital (within your province),question_aug
How do I claim hospital charges within my province that aren't covered by the provincial plan? um,Hospital (within your province),question_aug
"heel lift | they altered my shoe | not insoles, the actual shoe",Other foot care services (i.e. orthopedic shoe modification),progressive
"lift | they altered my shoe | not insoles, the actual shoe",Other foot care services (i.e. orthopedic shoe modification),progressive_aug
"heel lift actual they altered my shoe | not insoles, the | shoe",Other foot care services (i.e. orthopedic shoe modification),progressive_aug
"heel lift | they altered my actually shoe | not insoles, the actual shoe",Other foot care services (i.e. orthopedic shoe modification),progressive_aug
Where do I file for prescription contact lenses?,Prescription Contacts,question
Where do file for prescription contact lenses?,Prescription Contacts,question_aug
Where file I do for prescription contact lenses?,Prescription Contacts,question_aug
Where do I file so for prescription contact lenses?,Prescription Contacts,question_aug
annual eye check,Eye Exam,partial_turn2
annual eye check just,Eye Exam,partial_turn2_aug
I selected 'knee length 30 and over' but the receipt actually says 25 mmhg,"Compression Stockings, knee length (20-29 mmhg)",wrong_guess
I 'knee length 30 and over' but the receipt actually says 25 mmhg,"Compression Stockings, knee length (20-29 mmhg)",wrong_guess_aug
I selected 'knee length 30 mmhg over' but the receipt actually says 25 and,"Compression Stockings, knee length (20-29 mmhg)",wrong_guess_aug
I selected 'knee length 30 and over' but the receipt actually says 25 just mmhg,"Compression Stockings, knee length (20-29 mmhg)",wrong_guess_aug
my father's ophthalmologist ordered diagnostic vision tests for his macular degeneration monitoring,Diagnostic Vision Test,parent_or_dependent
my father's ophthalmologist ordered diagnostic vision tests for macular degeneration monitoring,Diagnostic Vision Test,parent_or_dependent_aug
my father's ophthalmologist ordered diagnostic tests vision for his macular degeneration monitoring,Diagnostic Vision Test,parent_or_dependent_aug
my father's ophthalmologist ordered diagnostic vision tests for his macular just degeneration monitoring,Diagnostic Vision Test,parent_or_dependent_aug
speech therapy SLP session,Speech Therapy,terse
speech therapy session SLP,Speech Therapy,terse_aug
like speech therapy SLP session,Speech Therapy,terse_aug
private radiology clinic,X-Ray,partial_turn2
I think private radiology clinic,X-Ray,partial_turn2_aug
xray imaging,X-Ray,vague_turn1
xray imaging just,X-Ray,vague_turn1_aug
home care worker for daily tasks,In Home Support Services,partial_turn2
home care for daily tasks,In Home Support Services,partial_turn2_aug
care home worker for daily tasks,In Home Support Services,partial_turn2_aug
home care worker basically for daily tasks,In Home Support Services,partial_turn2_aug
electric heating pad for my back,Heat Therapy - Re-usable items (purchase),partial_turn2
electric heating pad for my,Heat Therapy - Re-usable items (purchase),partial_turn2_aug
back heating pad for my electric,Heat Therapy - Re-usable items (purchase),partial_turn2_aug
electric heating pad I think for my back,Heat Therapy - Re-usable items (purchase),partial_turn2_aug
had a polysomnography study done at the Ottawa Sleep Centre,Sleep Study,brand_specific
had a polysomnography study at the Ottawa Sleep Centre,Sleep Study,brand_specific_aug
Centre a polysomnography study done at the Ottawa Sleep had,Sleep Study,brand_specific_aug
had a polysomnography study done actually at the Ottawa Sleep Centre,Sleep Study,brand_specific_aug
submitted my Tao Healing Arts acupuncture receipt from the Centretown clinic,Acupuncture,brand_specific
my Tao Healing Arts acupuncture receipt from the Centretown clinic,Acupuncture,brand_specific_aug
submitted my Tao Healing acupuncture Arts receipt from the Centretown clinic,Acupuncture,brand_specific_aug
submitted my Tao Healing Arts um acupuncture receipt from the Centretown clinic,Acupuncture,brand_specific_aug
IV stand for home use,IV Stand (purchase),partial_turn2
IV for home use,IV Stand (purchase),partial_turn2_aug
IV home for stand use,IV Stand (purchase),partial_turn2_aug
IV stand for home just use,IV Stand (purchase),partial_turn2_aug
I installed those metal bars in my bathroom so I can grab onto something in the shower,Grab Bar/Bath Bar - permanent fixtures (purchase),confused_student
I installed those metal bars my bathroom so I can grab onto something in the shower,Grab Bar/Bath Bar - permanent fixtures (purchase),confused_student_aug
I installed those metal bars shower my bathroom so I can grab onto something in the in,Grab Bar/Bath Bar - permanent fixtures (purchase),confused_student_aug
I installed like those metal bars in my bathroom so I can grab onto something in the shower,Grab Bar/Bath Bar - permanent fixtures (purchase),confused_student_aug
"counsellor | registered clinical counsellor, RCC",Clinical Counsellor,progressive
"counsellor | registered counsellor, RCC",Clinical Counsellor,progressive_aug
"counsellor counsellor, registered clinical | RCC",Clinical Counsellor,progressive_aug
"counsellor | registered like clinical counsellor, RCC",Clinical Counsellor,progressive_aug
taking my mother for her annual mammogram screening and need to claim it,Mammogram,parent_or_dependent
taking my for her annual mammogram screening and need to claim it,Mammogram,parent_or_dependent_aug
taking my mother screening her annual mammogram for and need to claim it,Mammogram,parent_or_dependent_aug
taking my mother for her annual mammogram screening and need so to claim it,Mammogram,parent_or_dependent_aug
kinesiologist reflexologist visit,Other health specialists,terse
kinesiologist reflexologist visit so,Other health specialists,terse_aug
athletic therapy session,Athletic Therapy,terse
actually athletic therapy session,Athletic Therapy,terse_aug
Claiming supplementary charges at a licensed long-term care facility for 24-hour skilled nursing supervision,Nursing Home and Long Term Care,detailed_clinical
Claiming supplementary charges at a licensed long-term facility for 24-hour skilled nursing supervision,Nursing Home and Long Term Care,detailed_clinical_aug
Claiming supplementary charges at 24-hour licensed long-term care facility for a skilled nursing supervision,Nursing Home and Long Term Care,detailed_clinical_aug
Claiming supplementary charges at a licensed long-term care I think facility for 24-hour skilled nursing supervision,Nursing Home and Long Term Care,detailed_clinical_aug
What do I select for thigh-high compression stockings rated 20-29 mmHg?,"Compression Stockings, thigh/full (20-29 mmhg)",question
What I select for thigh-high compression stockings rated 20-29 mmHg?,"Compression Stockings, thigh/full (20-29 mmhg)",question_aug
What do I select for stockings compression thigh-high rated 20-29 mmHg?,"Compression Stockings, thigh/full (20-29 mmhg)",question_aug
What do I select for thigh-high compression stockings rated so 20-29 mmHg?,"Compression Stockings, thigh/full (20-29 mmhg)",question_aug
the lenses for my eyes,Prescription Contacts,vague_turn1
the lenses for eyes,Prescription Contacts,vague_turn1_aug
the lenses my for eyes,Prescription Contacts,vague_turn1_aug
the lenses I think for my eyes,Prescription Contacts,vague_turn1_aug
my father's vascular doctor prescribed 30+ mmhg knee compression stockings and I'm helping him file,"Compression Stockings, knee length (30 mmhg & over)",parent_or_dependent
my father's vascular doctor prescribed 30+ knee compression stockings and I'm helping him file,"Compression Stockings, knee length (30 mmhg & over)",parent_or_dependent_aug
my father's vascular doctor prescribed 30+ mmhg him compression stockings and I'm helping knee file,"Compression Stockings, knee length (30 mmhg & over)",parent_or_dependent_aug
my father's vascular I think doctor prescribed 30+ mmhg knee compression stockings and I'm helping him file,"Compression Stockings, knee length (30 mmhg & over)",parent_or_dependent_aug
"my doctor ordered a blood test to check for a cancer marker, CA-125 I think it's called",CA-125 (Cancer Antigen) Test,confused_student
"my doctor ordered a blood test to check for a cancer marker, I think it's called",CA-125 (Cancer Antigen) Test,confused_student_aug
"my doctor ordered a blood test to check for marker, cancer a CA-125 I think it's called",CA-125 (Cancer Antigen) Test,confused_student_aug
"my doctor ordered a blood test to check for basically a cancer marker, CA-125 I think it's called",CA-125 (Cancer Antigen) Test,confused_student_aug
"I went to a foot doctor who has a DPM degree, is that different from a chiropodist?",Podiatry Treatment,confused_student
"I went to a foot doctor who has a DPM degree, is different from a chiropodist?",Podiatry Treatment,confused_student_aug
"a went to a foot doctor who has I DPM degree, is that different from a chiropodist?",Podiatry Treatment,confused_student_aug
"I like went to a foot doctor who has a DPM degree, is that different from a chiropodist?",Podiatry Treatment,confused_student_aug
Submitting a claim for a Bluetooth-enabled wireless transmitter unit for continuous glucose monitoring system data relay,Glucose Monitoring System Transmitter,detailed_clinical
Submitting a claim for a Bluetooth-enabled wireless transmitter unit for continuous glucose monitoring system data,Glucose Monitoring System Transmitter,detailed_clinical_aug
Submitting a claim for a Bluetooth-enabled wireless transmitter unit monitoring continuous glucose for system data relay,Glucose Monitoring System Transmitter,detailed_clinical_aug
Submitting a claim for a Bluetooth-enabled wireless like transmitter unit for continuous glucose monitoring system data relay,Glucose Monitoring System Transmitter,detailed_clinical_aug
Which category for treatment with an osteopathic manual practitioner?,Osteopath,question
Which category for treatment with osteopathic manual practitioner?,Osteopath,question_aug
Which category for practitioner? with an osteopathic manual treatment,Osteopath,question_aug
Which category for treatment with an osteopathic manual practitioner? so,Osteopath,question_aug
plastic seat for sitting in the shower,Bath Bench/Chair (purchase),partial_turn2
plastic seat for sitting in shower,Bath Bench/Chair (purchase),partial_turn2_aug
plastic seat for sitting in shower the,Bath Bench/Chair (purchase),partial_turn2_aug
plastic seat just for sitting in the shower,Bath Bench/Chair (purchase),partial_turn2_aug
TB skin test Mantoux,TB Test/Mantoux,terse
test skin TB Mantoux,TB Test/Mantoux,terse_aug
so TB skin test Mantoux,TB Test/Mantoux,terse_aug
bedside toilet chair,Stationary Commode (purchase),partial_turn2
bedside toilet chair basically,Stationary Commode (purchase),partial_turn2_aug
sessions with a mental health nurse at the Royal Ottawa through their outpatient program,Other mental health services,brand_specific
sessions with a mental health nurse at the Royal through their outpatient program,Other mental health services,brand_specific_aug
sessions with a mental health their at the Royal Ottawa through nurse outpatient program,Other mental health services,brand_specific_aug
sessions with basically a mental health nurse at the Royal Ottawa through their outpatient program,Other mental health services,brand_specific_aug
"my daughter started a co-op in a lab and needs prescription safety glasses, claiming the cost",Safety Glasses,parent_or_dependent
"my daughter started a co-op in a lab and prescription safety glasses, claiming the cost",Safety Glasses,parent_or_dependent_aug
"my daughter started a co-op in a lab and needs safety prescription glasses, claiming the cost",Safety Glasses,parent_or_dependent_aug
"my daughter started a co-op in a lab and needs prescription safety glasses, I think claiming the cost",Safety Glasses,parent_or_dependent_aug
the device I use at night,"CPAP, APAP, BIPAP Machine",vague_turn1
the I use at night,"CPAP, APAP, BIPAP Machine",vague_turn1_aug
the at I use device night,"CPAP, APAP, BIPAP Machine",vague_turn1_aug
the device like I use at night,"CPAP, APAP, BIPAP Machine",vague_turn1_aug
the device with the sticky pads,"Stimulator, muscle/nerve (TENS)",partial_turn2
the device with the pads,"Stimulator, muscle/nerve (TENS)",partial_turn2_aug
the with device the sticky pads,"Stimulator, muscle/nerve (TENS)",partial_turn2_aug
the device actually with the sticky pads,"Stimulator, muscle/nerve (TENS)",partial_turn2_aug
new prescription glasses,Prescription Glasses,terse
new prescription glasses actually,Prescription Glasses,terse_aug
"my doctor say check blood pressure at home every day, so I buy machine",Blood pressure monitor,esl_speaker
"my doctor say check pressure at home every day, so I buy machine",Blood pressure monitor,esl_speaker_aug
"my doctor say check blood I at home every day, so pressure buy machine",Blood pressure monitor,esl_speaker_aug
"my doctor say check blood pressure at home every day, so I basically buy machine",Blood pressure monitor,esl_speaker_aug
"I need to get my hearing aid fixed, it's not a new purchase just a repair",Other hearing services,confused_student
"I need to get my hearing aid fixed, it's not a new purchase just repair",Other hearing services,confused_student_aug
"I need repair get my hearing aid fixed, it's not a new purchase just a to",Other hearing services,confused_student_aug
"I need to get my hearing aid actually fixed, it's not a new purchase just a repair",Other hearing services,confused_student_aug
therapist,Psychotherapist,vague_turn1
therapist actually,Psychotherapist,vague_turn1_aug
insoles,Standard foot orthotics or shoe inserts,vague_turn1
insoles basically,Standard foot orthotics or shoe inserts,vague_turn1_aug
insulin injector,Insulin Gun (manual),vague_turn1
insulin basically injector,Insulin Gun (manual),vague_turn1_aug
sleep test,Sleep Study,vague_turn1
sleep like test,Sleep Study,vague_turn1_aug
blood collection charge on my receipt,Blood Withdrawal Fee,partial_turn2
collection charge on my receipt,Blood Withdrawal Fee,partial_turn2_aug
blood collection on charge my receipt,Blood Withdrawal Fee,partial_turn2_aug
blood collection charge on my just receipt,Blood Withdrawal Fee,partial_turn2_aug
vitamin D test,Vitamin D Test,vague_turn1
vitamin D like test,Vitamin D Test,vague_turn1_aug
ambulance bill ER trip,Ambulance,terse
ambulance bill trip ER,Ambulance,terse_aug
ambulance bill basically ER trip,Ambulance,terse_aug
scratch test | on my forearm | checked 40 allergens,Scratch Test for Allergies,progressive
scratch test | my forearm | checked 40 allergens,Scratch Test for Allergies,progressive_aug
checked test | on my forearm | scratch 40 allergens,Scratch Test for Allergies,progressive_aug
scratch test | on my forearm | checked 40 like allergens,Scratch Test for Allergies,progressive_aug
claiming a custom right knee brace for my daughter's ligament injury from skiing,"Brace, right knee (Custom)",parent_or_dependent
claiming a custom right knee for my daughter's ligament injury from skiing,"Brace, right knee (Custom)",parent_or_dependent_aug
claiming a custom ligament knee brace for my daughter's right injury from skiing,"Brace, right knee (Custom)",parent_or_dependent_aug
claiming a custom right knee brace for my daughter's ligament basically injury from skiing,"Brace, right knee (Custom)",parent_or_dependent_aug
"my mom uses a manual insulin gun because she doesn't like the spring-loaded ones, need to claim it",Insulin Gun (manual),parent_or_dependent
"my mom uses a manual insulin gun because she doesn't like the spring-loaded ones, to claim it",Insulin Gun (manual),parent_or_dependent_aug
"my mom uses a manual insulin gun because she ones, like the spring-loaded doesn't need to claim it",Insulin Gun (manual),parent_or_dependent_aug
"my mom uses I think a manual insulin gun because she doesn't like the spring-loaded ones, need to claim it",Insulin Gun (manual),parent_or_dependent_aug
purchased Medi Comfort knee-high 20-30 mmHg from Shoppers Home Health,"Compression Stockings, knee length (20-29 mmhg)",brand_specific
Medi Comfort knee-high 20-30 mmHg from Shoppers Home Health,"Compression Stockings, knee length (20-29 mmhg)",brand_specific_aug
20-30 Medi Comfort knee-high purchased mmHg from Shoppers Home Health,"Compression Stockings, knee length (20-29 mmhg)",brand_specific_aug
purchased Medi Comfort knee-high 20-30 mmHg from basically Shoppers Home Health,"Compression Stockings, knee length (20-29 mmhg)",brand_specific_aug
hearing aid repair service,Other hearing services,terse
service aid repair hearing,Other hearing services,terse_aug
hearing aid repair service I think,Other hearing services,terse_aug
booked psychologist sessions through Psychology Today directory at CBT Associates,Psychologist,brand_specific
booked psychologist sessions through Psychology Today at CBT Associates,Psychologist,brand_specific_aug
booked psychologist sessions through Psychology at directory Today CBT Associates,Psychologist,brand_specific_aug
booked psychologist sessions through Psychology Today directory at CBT Associates just,Psychologist,brand_specific_aug
"my doctor ordered an ultrasound to check a lump I found, I went to a private imaging clinic",Ultrasound,storyteller
"my doctor ordered an ultrasound to check a lump I found, I went to a private imaging",Ultrasound,storyteller_aug
"my doctor ordered an to to check a lump I found, I went ultrasound a private imaging clinic",Ultrasound,storyteller_aug
"my doctor ordered an ultrasound to check a lump I found, I went just to a private imaging clinic",Ultrasound,storyteller_aug
Where do I claim a blood glucose meter device purchase?,Blood glucose meter,question
Where I claim a blood glucose meter device purchase?,Blood glucose meter,question_aug
Where do I claim a blood meter glucose device purchase?,Blood glucose meter,question_aug
Where do I claim basically a blood glucose meter device purchase?,Blood glucose meter,question_aug
My chiropractor says my L4 is slightly rotated so I've been getting weekly adjustments to fix my alignment,Chiropractic,storyteller
My chiropractor says my L4 is slightly rotated so I've been weekly adjustments to fix my alignment,Chiropractic,storyteller_aug
My chiropractor says my L4 is to rotated so I've been getting weekly adjustments slightly fix my alignment,Chiropractic,storyteller_aug
My chiropractor says my L4 is slightly rotated so I've been getting weekly adjustments I think to fix my alignment,Chiropractic,storyteller_aug
professional hearing assessment,Audiologist Services,partial_turn2
professional hearing basically assessment,Audiologist Services,partial_turn2_aug
I need to claim a hearing test my employer required for workplace noise exposure,Audiometric Exam,storyteller
I need to claim a hearing test my employer required workplace noise exposure,Audiometric Exam,storyteller_aug
I need to claim a employer test my hearing required for workplace noise exposure,Audiometric Exam,storyteller_aug
I need to claim a hearing test my employer required for workplace noise exposure just,Audiometric Exam,storyteller_aug
elbow crutches | permanent | the kind with the metal arm ring,Forearm Crutch (purchase),progressive
elbow crutches | permanent | kind with the metal arm ring,Forearm Crutch (purchase),progressive_aug
kind crutches | permanent | the elbow with the metal arm ring,Forearm Crutch (purchase),progressive_aug
elbow crutches | permanent I think | the kind with the metal arm ring,Forearm Crutch (purchase),progressive_aug
rollator | four wheels with brakes | for outdoor walking,Walker - with wheels (purchase),progressive
rollator four wheels with brakes | for outdoor walking,Walker - with wheels (purchase),progressive_aug
rollator for four wheels with brakes | | outdoor walking,Walker - with wheels (purchase),progressive_aug
rollator | four wheels with brakes | for outdoor walking I think,Walker - with wheels (purchase),progressive_aug
admitted for a few days locally,Hospital (within your province),partial_turn2
admitted for a few days,Hospital (within your province),partial_turn2_aug
admitted for a few locally days,Hospital (within your province),partial_turn2_aug
basically admitted for a few days locally,Hospital (within your province),partial_turn2_aug
diet counselling,Dietitian Services,vague_turn1
diet I think counselling,Dietitian Services,vague_turn1_aug
the cuff I had on all day and night,Ambulatory Blood Pressure Test,partial_turn2
the cuff had on all day and night,Ambulatory Blood Pressure Test,partial_turn2_aug
the had I cuff on all day and night,Ambulatory Blood Pressure Test,partial_turn2_aug
the cuff I had on all day and I think night,Ambulatory Blood Pressure Test,partial_turn2_aug
skin prick test not blood test,Scratch Test for Allergies,partial_turn2
skin prick test not test,Scratch Test for Allergies,partial_turn2_aug
skin test test not blood prick,Scratch Test for Allergies,partial_turn2_aug
skin prick actually test not blood test,Scratch Test for Allergies,partial_turn2_aug
"I got socks that go up to my knee and the package says 15-19, is that the pressure?","Compression Stockings, knee length (15-19 mmhg)",confused_student
"I got socks that up to my knee and the package says 15-19, is that the pressure?","Compression Stockings, knee length (15-19 mmhg)",confused_student_aug
"knee got socks that go up to my I and the package says 15-19, is that the pressure?","Compression Stockings, knee length (15-19 mmhg)",confused_student_aug
"I got socks that I think go up to my knee and the package says 15-19, is that the pressure?","Compression Stockings, knee length (15-19 mmhg)",confused_student_aug
athletic therapy | registered AT | for my sports injury,Athletic Therapy,progressive
athletic therapy | registered AT | for my injury,Athletic Therapy,progressive_aug
athletic therapy AT registered | | for my sports injury,Athletic Therapy,progressive_aug
athletic just therapy | registered AT | for my sports injury,Athletic Therapy,progressive_aug
acupuncture needles,Acupuncture,partial_turn2
I think acupuncture needles,Acupuncture,partial_turn2_aug
couldn't wait for public MRI,MRI (Magnetic Resonance Imaging),partial_turn2
wait for public MRI,MRI (Magnetic Resonance Imaging),partial_turn2_aug
couldn't for wait public MRI,MRI (Magnetic Resonance Imaging),partial_turn2_aug
couldn't wait for public so MRI,MRI (Magnetic Resonance Imaging),partial_turn2_aug
wore it for 24 hours,Ambulatory Blood Pressure Test,partial_turn2
it for 24 hours,Ambulatory Blood Pressure Test,partial_turn2_aug
wore for it 24 hours,Ambulatory Blood Pressure Test,partial_turn2_aug
I think wore it for 24 hours,Ambulatory Blood Pressure Test,partial_turn2_aug
contacts,Prescription Contacts,vague_turn1
contacts like,Prescription Contacts,vague_turn1_aug
ambulance | got charged for the ride to hospital,Ambulance,progressive
ambulance got charged for the ride to hospital,Ambulance,progressive_aug
ambulance to got charged for the ride | hospital,Ambulance,progressive_aug
ambulance | got charged for the ride actually to hospital,Ambulance,progressive_aug
folding wheelchair,Transport Wheelchair,vague_turn1
folding like wheelchair,Transport Wheelchair,vague_turn1_aug
got an Omron Platinum wireless blood pressure monitor from Costco,Blood pressure monitor,brand_specific
got an Omron Platinum wireless blood pressure monitor from,Blood pressure monitor,brand_specific_aug
got monitor Omron Platinum wireless blood pressure an from Costco,Blood pressure monitor,brand_specific_aug
got an Omron Platinum wireless blood pressure monitor I think from Costco,Blood pressure monitor,brand_specific_aug
"no foot coverage, just the lower leg","Compression Calf Sleeves/Tights (footless), any length",partial_turn2
"no foot coverage, just lower leg","Compression Calf Sleeves/Tights (footless), any length",partial_turn2_aug
"lower foot coverage, just the no leg","Compression Calf Sleeves/Tights (footless), any length",partial_turn2_aug
"no foot coverage, just um the lower leg","Compression Calf Sleeves/Tights (footless), any length",partial_turn2_aug
transport chair,Transport Wheelchair,vague_turn1
transport chair basically,Transport Wheelchair,vague_turn1_aug
medical wig not fashion,Wig,partial_turn2
wig medical not fashion,Wig,partial_turn2_aug
medical wig not um fashion,Wig,partial_turn2_aug
"not fitted, just picked my size",Brace (Non-custom),partial_turn2
"not fitted, just picked my",Brace (Non-custom),partial_turn2_aug
"picked fitted, just not my size",Brace (Non-custom),partial_turn2_aug
"not fitted, just picked my um size",Brace (Non-custom),partial_turn2_aug
Which category for an automatic spring-loaded insulin injection device?,Insulin Gun (automatic),question
Which for an automatic spring-loaded insulin injection device?,Insulin Gun (automatic),question_aug
Which spring-loaded for an automatic category insulin injection device?,Insulin Gun (automatic),question_aug
Which category for an automatic spring-loaded insulin injection device? I think,Insulin Gun (automatic),question_aug
online therapy | digital CBT program | not in person,Digital Cognitive Behavioural Therapy,progressive
online | digital CBT program | not in person,Digital Cognitive Behavioural Therapy,progressive_aug
online therapy CBT digital | program | not in person,Digital Cognitive Behavioural Therapy,progressive_aug
online therapy | digital CBT program | not in just person,Digital Cognitive Behavioural Therapy,progressive_aug
naturopathic | not homeopath | registered ND,Naturopathic Treatment,progressive
naturopathic | not homeopath registered ND,Naturopathic Treatment,progressive_aug
naturopathic | not homeopath registered | ND,Naturopathic Treatment,progressive_aug
naturopathic | not homeopath | um registered ND,Naturopathic Treatment,progressive_aug
claiming a comprehensive blood panel for my spouse that doesn't fit the specific test categories,Other laboratory and diagnostic tests,parent_or_dependent
claiming a comprehensive blood panel for my spouse that fit the specific test categories,Other laboratory and diagnostic tests,parent_or_dependent_aug
claiming a comprehensive blood that for my spouse panel doesn't fit the specific test categories,Other laboratory and diagnostic tests,parent_or_dependent_aug
claiming a comprehensive blood panel for my spouse that doesn't fit the specific test like categories,Other laboratory and diagnostic tests,parent_or_dependent_aug
I bought those pads and underwear things for bladder leaks,Incontinence Supplies,confused_student
I bought those pads and underwear things for bladder,Incontinence Supplies,confused_student_aug
I things those pads and underwear bought for bladder leaks,Incontinence Supplies,confused_student_aug
I actually bought those pads and underwear things for bladder leaks,Incontinence Supplies,confused_student_aug
specialist not in the categories,Other health specialists,partial_turn2
specialist not in the,Other health specialists,partial_turn2_aug
specialist the in not categories,Other health specialists,partial_turn2_aug
specialist not in I think the categories,Other health specialists,partial_turn2_aug
contact lenses rx claim,Prescription Contacts,terse
contact claim rx lenses,Prescription Contacts,terse_aug
contact lenses rx um claim,Prescription Contacts,terse_aug
brace for my knee,"Brace, left knee (Custom)",vague_turn1
brace for knee my,"Brace, left knee (Custom)",vague_turn1_aug
so brace for my knee,"Brace, left knee (Custom)",vague_turn1_aug
got taken to hospital,Ambulance,vague_turn1
got hospital to taken,Ambulance,vague_turn1_aug
got taken so to hospital,Ambulance,vague_turn1_aug
"I got my wrist zapped at the clinic to see if it's broken, like a picture of the bones",X-Ray,confused_student
"I got my wrist at the clinic to see if it's broken, like a picture of the bones",X-Ray,confused_student_aug
"I got picture wrist zapped at the clinic to see if it's broken, like a my of the bones",X-Ray,confused_student_aug
"I got actually my wrist zapped at the clinic to see if it's broken, like a picture of the bones",X-Ray,confused_student_aug
hospital room charge,Hospital (within your province),partial_turn2
basically hospital room charge,Hospital (within your province),partial_turn2_aug
knee length 20-29 mmhg stockings,"Compression Stockings, knee length (20-29 mmhg)",terse
knee length 20-29 stockings,"Compression Stockings, knee length (20-29 mmhg)",terse_aug
20-29 length knee mmhg stockings,"Compression Stockings, knee length (20-29 mmhg)",terse_aug
knee like length 20-29 mmhg stockings,"Compression Stockings, knee length (20-29 mmhg)",terse_aug
contoured neck pillow prescribed,Cervical Pillow,partial_turn2
pillow neck contoured prescribed,Cervical Pillow,partial_turn2_aug
contoured neck pillow prescribed like,Cervical Pillow,partial_turn2_aug
"it's just a REGULAR eye exam, not a diagnostic test or vision therapy, just the basic checkup",Eye Exam,complaint
"it's just a REGULAR eye exam, not a diagnostic test vision therapy, just the basic checkup",Eye Exam,complaint_aug
"it's just a just eye exam, not a diagnostic test or vision therapy, REGULAR the basic checkup",Eye Exam,complaint_aug
"it's just a REGULAR eye exam, not a diagnostic test or actually vision therapy, just the basic checkup",Eye Exam,complaint_aug
the tubes and filters,"CPAP, APAP, BIPAP Supplies",vague_turn1
the tubes filters and,"CPAP, APAP, BIPAP Supplies",vague_turn1_aug
so the tubes and filters,"CPAP, APAP, BIPAP Supplies",vague_turn1_aug
the pen device | not gun or pump | dial type injector,Insulin Pen Injector,progressive
the pen device | not gun or pump | type injector,Insulin Pen Injector,progressive_aug
the pen device | gun not or pump | dial type injector,Insulin Pen Injector,progressive_aug
the like pen device | not gun or pump | dial type injector,Insulin Pen Injector,progressive_aug
"there's machine, mask, and supplies options - I'm claiming the ACTUAL MACHINE not the other parts","CPAP, APAP, BIPAP Machine",complaint
"there's machine, mask, and supplies options I'm claiming the ACTUAL MACHINE not the other parts","CPAP, APAP, BIPAP Machine",complaint_aug
"there's machine, mask, and ACTUAL options - I'm claiming the supplies MACHINE not the other parts","CPAP, APAP, BIPAP Machine",complaint_aug
"there's machine, mask, and supplies options - I'm claiming the ACTUAL MACHINE not the other I think parts","CPAP, APAP, BIPAP Machine",complaint_aug
I picked 'Orthopaedic or custom made shoes' but I just got my existing shoes modified with a heel lift,Other foot care services (i.e. orthopedic shoe modification),wrong_guess
I picked 'Orthopaedic custom made shoes' but I just got my existing shoes modified with a heel lift,Other foot care services (i.e. orthopedic shoe modification),wrong_guess_aug
I picked 'Orthopaedic or custom made shoes' but I just got heel existing shoes modified with a my lift,Other foot care services (i.e. orthopedic shoe modification),wrong_guess_aug
I picked 'Orthopaedic or custom made shoes' but I just got basically my existing shoes modified with a heel lift,Other foot care services (i.e. orthopedic shoe modification),wrong_guess_aug
Which category for my social worker who has a master's degree?,Social Worker (Masters level),question
Which category for my worker who has a master's degree?,Social Worker (Masters level),question_aug
Which category for master's social worker who has a my degree?,Social Worker (Masters level),question_aug
Which category for my social worker actually who has a master's degree?,Social Worker (Masters level),question_aug
my doctor recommended genetic testing because breast cancer runs in our family,Screening (for DNA/Genetic purposes),storyteller
my doctor recommended genetic testing because breast cancer in our family,Screening (for DNA/Genetic purposes),storyteller_aug
my doctor recommended genetic testing because breast cancer runs family our in,Screening (for DNA/Genetic purposes),storyteller_aug
my doctor recommended genetic testing because breast cancer runs in just our family,Screening (for DNA/Genetic purposes),storyteller_aug
What category for emergency medical services that aren't ambulance transport?,Other emergency services,question
What category for emergency medical services that aren't transport?,Other emergency services,question_aug
medical category for emergency What services that aren't ambulance transport?,Other emergency services,question_aug
I think What category for emergency medical services that aren't ambulance transport?,Other emergency services,question_aug
"this is the PUMP not the gun or pen, it's worn on my body 24/7, the categories are confusing for diabetic supplies",Insulin infusion pump,complaint
"this is the PUMP not the gun or it's worn on my body 24/7, the categories are confusing for diabetic supplies",Insulin infusion pump,complaint_aug
"this is the PUMP not the gun or pen, worn it's on my body 24/7, the categories are confusing for diabetic supplies",Insulin infusion pump,complaint_aug
"this is the PUMP not the gun or pen, it's worn basically on my body 24/7, the categories are confusing for diabetic supplies",Insulin infusion pump,complaint_aug
naturopath ND visit,Naturopathic Treatment,terse
naturopath actually ND visit,Naturopathic Treatment,terse_aug
private xray | imaging clinic | paid out of pocket,X-Ray,progressive
private xray imaging clinic | paid out of pocket,X-Ray,progressive_aug
private xray | imaging clinic | pocket out of paid,X-Ray,progressive_aug
private I think xray | imaging clinic | paid out of pocket,X-Ray,progressive_aug
electrode replacements,"Stimulator, supplies",partial_turn2
electrode replacements just,"Stimulator, supplies",partial_turn2_aug
hard plastic brace | custom fitted by orthotist | for my drop foot,"Brace, AFO/KAFO (Custom)",progressive
plastic brace | custom fitted by orthotist | for my drop foot,"Brace, AFO/KAFO (Custom)",progressive_aug
hard drop brace | custom fitted by orthotist | for my plastic foot,"Brace, AFO/KAFO (Custom)",progressive_aug
hard plastic brace | custom fitted by orthotist I think | for my drop foot,"Brace, AFO/KAFO (Custom)",progressive_aug
nutritionist,Dietitian Services,vague_turn1
nutritionist um,Dietitian Services,vague_turn1_aug
regular manual insulin injector,Insulin Gun (manual),partial_turn2
regular injector insulin manual,Insulin Gun (manual),partial_turn2_aug
regular so manual insulin injector,Insulin Gun (manual),partial_turn2_aug
knee high 15-19 mmhg socks,"Compression Stockings, knee length (15-19 mmhg)",terse
knee high mmhg socks,"Compression Stockings, knee length (15-19 mmhg)",terse_aug
15-19 high knee mmhg socks,"Compression Stockings, knee length (15-19 mmhg)",terse_aug
I think knee high 15-19 mmhg socks,"Compression Stockings, knee length (15-19 mmhg)",terse_aug
raises the toilet height,Raised Toilet seat (purchase),partial_turn2
raises toilet the height,Raised Toilet seat (purchase),partial_turn2_aug
just raises the toilet height,Raised Toilet seat (purchase),partial_turn2_aug
I selected 'Brace Non-custom' but mine is a custom ankle-foot orthosis made by an orthotist,"Brace, AFO/KAFO (Custom)",wrong_guess
I 'Brace Non-custom' but mine is a custom ankle-foot orthosis made by an orthotist,"Brace, AFO/KAFO (Custom)",wrong_guess_aug
I selected 'Brace Non-custom' a mine is but custom ankle-foot orthosis made by an orthotist,"Brace, AFO/KAFO (Custom)",wrong_guess_aug
I selected 'Brace Non-custom' but mine is a custom ankle-foot orthosis made by um an orthotist,"Brace, AFO/KAFO (Custom)",wrong_guess_aug
dentist,Dental Services,vague_turn1
dentist um,Dental Services,vague_turn1_aug
"I see someone for therapy and their title says clinical counsellor, is that different from a psychologist?",Clinical Counsellor,confused_student
"I see someone for therapy and their title clinical counsellor, is that different from a psychologist?",Clinical Counsellor,confused_student_aug
"I see someone their therapy and for title says clinical counsellor, is that different from a psychologist?",Clinical Counsellor,confused_student_aug
"I see someone for therapy and their title says clinical counsellor, um is that different from a psychologist?",Clinical Counsellor,confused_student_aug
braces | initial fitting and monthly adjustment | for my daughter,Orthodontic Services (Braces - initial and monthly fee),progressive
braces initial fitting and monthly adjustment | for my daughter,Orthodontic Services (Braces - initial and monthly fee),progressive_aug
braces | initial fitting my monthly adjustment | for and daughter,Orthodontic Services (Braces - initial and monthly fee),progressive_aug
braces | initial fitting and monthly adjustment like | for my daughter,Orthodontic Services (Braces - initial and monthly fee),progressive_aug
"I put this under 'Podiatry Treatment' but my receipt says chiropodist, not podiatrist",Chiropody (Foot Care) Treatment,wrong_guess
I put this under 'Podiatry Treatment' but my receipt says not podiatrist,Chiropody (Foot Care) Treatment,wrong_guess_aug
"'Podiatry put this under I Treatment' but my receipt says chiropodist, not podiatrist",Chiropody (Foot Care) Treatment,wrong_guess_aug
"I put this um under 'Podiatry Treatment' but my receipt says chiropodist, not podiatrist",Chiropody (Foot Care) Treatment,wrong_guess_aug
bought standard arch support insoles for my son's running shoes from the pharmacy,Standard foot orthotics or shoe inserts,parent_or_dependent
bought standard arch support insoles for my son's running from the pharmacy,Standard foot orthotics or shoe inserts,parent_or_dependent_aug
pharmacy standard arch support insoles for my son's running shoes from the bought,Standard foot orthotics or shoe inserts,parent_or_dependent_aug
bought standard arch so support insoles for my son's running shoes from the pharmacy,Standard foot orthotics or shoe inserts,parent_or_dependent_aug
foot care visit,Chiropody (Foot Care) Treatment,vague_turn1
foot actually care visit,Chiropody (Foot Care) Treatment,vague_turn1_aug
sessions with my BSW social worker through Inkblot Therapy platform,Social Worker (Bachelors),brand_specific
sessions with BSW social worker through Inkblot Therapy platform,Social Worker (Bachelors),brand_specific_aug
sessions with my BSW platform worker through Inkblot Therapy social,Social Worker (Bachelors),brand_specific_aug
sessions with my BSW social basically worker through Inkblot Therapy platform,Social Worker (Bachelors),brand_specific_aug
foot specialist | injection treatment | not just nail care,Podiatry Treatment,progressive
specialist | injection treatment | not just nail care,Podiatry Treatment,progressive_aug
foot specialist | injection treatment | just not nail care,Podiatry Treatment,progressive_aug
foot specialist I think | injection treatment | not just nail care,Podiatry Treatment,progressive_aug
MRI scan paid privately,MRI (Magnetic Resonance Imaging),partial_turn2
MRI scan privately paid,MRI (Magnetic Resonance Imaging),partial_turn2_aug
MRI like scan paid privately,MRI (Magnetic Resonance Imaging),partial_turn2_aug
lab fee | just for drawing the blood | before running my bloodwork,Blood Withdrawal Fee,progressive
lab fee | just for drawing the blood before running my bloodwork,Blood Withdrawal Fee,progressive_aug
lab fee | just for running the blood | before drawing my bloodwork,Blood Withdrawal Fee,progressive_aug
lab um fee | just for drawing the blood | before running my bloodwork,Blood Withdrawal Fee,progressive_aug
"compression socks | goes to knee | quite tight, for my vein issue","Compression Stockings, knee length (20-29 mmhg)",progressive
"compression socks | goes to knee | quite tight, for my issue","Compression Stockings, knee length (20-29 mmhg)",progressive_aug
"| socks | goes to knee compression quite tight, for my vein issue","Compression Stockings, knee length (20-29 mmhg)",progressive_aug
"um compression socks | goes to knee | quite tight, for my vein issue","Compression Stockings, knee length (20-29 mmhg)",progressive_aug
medication I picked up at the pharmacy,Drug,partial_turn2
I picked up at the pharmacy,Drug,partial_turn2_aug
medication I pharmacy up at the picked,Drug,partial_turn2_aug
medication I picked up at the like pharmacy,Drug,partial_turn2_aug
What's the right category for orthotics that were custom-made from a mold of my feet?,Custom made foot orthotics,question
What's the right category for orthotics were custom-made from a mold of my feet?,Custom made foot orthotics,question_aug
What's the right category for orthotics that were custom-made from mold a of my feet?,Custom made foot orthotics,question_aug
What's the right category for orthotics that were custom-made from a mold of so my feet?,Custom made foot orthotics,question_aug
hearing test | the booth | pressed button when I heard beeps,Audiometric Exam,progressive
hearing | the booth | pressed button when I heard beeps,Audiometric Exam,progressive_aug
pressed test | the booth | hearing button when I heard beeps,Audiometric Exam,progressive_aug
hearing test | the booth I think | pressed button when I heard beeps,Audiometric Exam,progressive_aug
raised toilet seat purchase,Raised Toilet seat (purchase),terse
raised toilet purchase seat,Raised Toilet seat (purchase),terse_aug
raised toilet basically seat purchase,Raised Toilet seat (purchase),terse_aug
"so frustrated that this medical supply doesn't have its own category, I'll try 'other medical items'",Other medical items,complaint
"so frustrated that this medical supply doesn't have its own category, I'll try medical items'",Other medical items,complaint_aug
"so frustrated that items' medical supply doesn't have its own category, I'll try 'other medical this",Other medical items,complaint_aug
"so frustrated that this medical supply doesn't have its own category, I'll try like 'other medical items'",Other medical items,complaint_aug
"What's the right category for CPAP accessories like tubing, filters, and humidifier tanks?","CPAP, APAP, BIPAP Supplies",question
"What's the right category for CPAP like tubing, filters, and humidifier tanks?","CPAP, APAP, BIPAP Supplies",question_aug
"What's tubing, right category for CPAP accessories like the filters, and humidifier tanks?","CPAP, APAP, BIPAP Supplies",question_aug
"What's the right category for CPAP actually accessories like tubing, filters, and humidifier tanks?","CPAP, APAP, BIPAP Supplies",question_aug
lung monitor | asthma device | respirologist recommended,Peak Flow Meter,progressive
lung monitor | asthma | respirologist recommended,Peak Flow Meter,progressive_aug
lung | | asthma device monitor respirologist recommended,Peak Flow Meter,progressive_aug
lung monitor | asthma device actually | respirologist recommended,Peak Flow Meter,progressive_aug
counsellor,Clinical Counsellor,vague_turn1
basically counsellor,Clinical Counsellor,vague_turn1_aug
"spring loaded, does the injection automatically",Insulin Gun (automatic),partial_turn2
"spring loaded, does the automatically",Insulin Gun (automatic),partial_turn2_aug
"automatically loaded, does the injection spring",Insulin Gun (automatic),partial_turn2_aug
"spring loaded, does the like injection automatically",Insulin Gun (automatic),partial_turn2_aug
signed up for MedicAlert Foundation and bought the stainless steel bracelet,Medic Alert Bracelet,brand_specific
signed up for Foundation and bought the stainless steel bracelet,Medic Alert Bracelet,brand_specific_aug
signed up for MedicAlert Foundation bracelet bought the stainless steel and,Medic Alert Bracelet,brand_specific_aug
signed up for MedicAlert Foundation and bought the stainless steel bracelet actually,Medic Alert Bracelet,brand_specific_aug
measured and made for my left knee specifically,"Brace, left knee (Custom)",partial_turn2
measured and for my left knee specifically,"Brace, left knee (Custom)",partial_turn2_aug
for and made measured my left knee specifically,"Brace, left knee (Custom)",partial_turn2_aug
measured and so made for my left knee specifically,"Brace, left knee (Custom)",partial_turn2_aug
purchased a Carex raised toilet seat with handles from Shoppers Home Health,Raised Toilet seat (purchase),brand_specific
purchased a Carex toilet seat with handles from Shoppers Home Health,Raised Toilet seat (purchase),brand_specific_aug
purchased a Shoppers raised toilet seat with handles from Carex Home Health,Raised Toilet seat (purchase),brand_specific_aug
purchased a actually Carex raised toilet seat with handles from Shoppers Home Health,Raised Toilet seat (purchase),brand_specific_aug
ear devices | hearing aids | prescribed after my hearing test,Hearing Aids,progressive
ear devices | hearing aids | prescribed after my hearing,Hearing Aids,progressive_aug
ear | devices hearing aids | prescribed after my hearing test,Hearing Aids,progressive_aug
ear devices | hearing aids | prescribed after my hearing um test,Hearing Aids,progressive_aug
cane with four feet at the bottom,Quad Cane (purchase),partial_turn2
cane with four at the bottom,Quad Cane (purchase),partial_turn2_aug
cane with four feet bottom the at,Quad Cane (purchase),partial_turn2_aug
cane with four feet at the bottom just,Quad Cane (purchase),partial_turn2_aug
"I went to get measured and they made stockings just for my legs, not off the rack","Compression Stockings, custom, any length",confused_student
"I went to get measured and they made stockings just my legs, not off the rack","Compression Stockings, custom, any length",confused_student_aug
"I went to get for and they made stockings just measured my legs, not off the rack","Compression Stockings, custom, any length",confused_student_aug
"I went to get measured and they made stockings just for my legs, not basically off the rack","Compression Stockings, custom, any length",confused_student_aug
foot appointment,Chiropody (Foot Care) Treatment,vague_turn1
foot um appointment,Chiropody (Foot Care) Treatment,vague_turn1_aug
"I have hearing loss and audiologist say I need hearing aid, I buy two for both ear",Hearing Aids,esl_speaker
"I have hearing loss and audiologist say I need aid, I buy two for both ear",Hearing Aids,esl_speaker_aug
"I need hearing loss and audiologist say I have hearing aid, I buy two for both ear",Hearing Aids,esl_speaker_aug
"I have hearing loss and audiologist say I need hearing aid, like I buy two for both ear",Hearing Aids,esl_speaker_aug
"Submitting a receipt for a twelve-month supply of daily disposable silicone hydrogel toric contact lenses, prescription-fitted",Prescription Contacts,detailed_clinical
"Submitting a for a twelve-month supply of daily disposable silicone hydrogel toric contact lenses, prescription-fitted",Prescription Contacts,detailed_clinical_aug
"Submitting a receipt for a twelve-month supply disposable daily of silicone hydrogel toric contact lenses, prescription-fitted",Prescription Contacts,detailed_clinical_aug
"Submitting a receipt for a twelve-month supply of daily disposable silicone hydrogel toric contact basically lenses, prescription-fitted",Prescription Contacts,detailed_clinical_aug
dental pre-determination estimate,Dental Estimate for Services,terse
so dental pre-determination estimate,Dental Estimate for Services,terse_aug
cannabis prescription,Medical Cannabis,vague_turn1
cannabis basically prescription,Medical Cannabis,vague_turn1_aug
coordination of benefits top up,Provincial Replacement Plan,partial_turn2
of benefits top up,Provincial Replacement Plan,partial_turn2_aug
coordination of benefits up top,Provincial Replacement Plan,partial_turn2_aug
coordination of benefits like top up,Provincial Replacement Plan,partial_turn2_aug
"I had to email my social worker to confirm she has an MSW not a BSW just to pick the right category, this is ridiculous",Social Worker (Masters level),complaint
"I had to email my social worker to confirm she has an MSW not a BSW just pick the right category, this is ridiculous",Social Worker (Masters level),complaint_aug
"I is to email my social worker to confirm she has an MSW not a BSW just to pick the right category, this had ridiculous",Social Worker (Masters level),complaint_aug
"I had to email my social worker to confirm she has an MSW not actually a BSW just to pick the right category, this is ridiculous",Social Worker (Masters level),complaint_aug
colon screening,Colonoscopy,vague_turn1
colon screening just,Colonoscopy,vague_turn1_aug
"I fell and hit my head and my roommate called an ambulance, I have the invoice for $240",Ambulance,storyteller
"I fell and hit my head my roommate called an ambulance, I have the invoice for $240",Ambulance,storyteller_aug
"I fell and hit my head and my roommate called invoice ambulance, I have the an for $240",Ambulance,storyteller_aug
"I fell and hit my head and my roommate called an ambulance, I have the invoice I think for $240",Ambulance,storyteller_aug
full leg socks,"Compression Stockings, thigh/full (15-19 mmhg)",vague_turn1
um full leg socks,"Compression Stockings, thigh/full (15-19 mmhg)",vague_turn1_aug
monthly colostomy supplies,Ostomy,partial_turn2
actually monthly colostomy supplies,Ostomy,partial_turn2_aug
coordination | provincial paid | now claiming the rest,Provincial Replacement Plan,progressive
coordination | provincial paid | claiming the rest,Provincial Replacement Plan,progressive_aug
coordination provincial | paid | now claiming the rest,Provincial Replacement Plan,progressive_aug
I think coordination | provincial paid | now claiming the rest,Provincial Replacement Plan,progressive_aug
estimate before they start,Dental Estimate for Services,partial_turn2
estimate start they before,Dental Estimate for Services,partial_turn2_aug
estimate before they start like,Dental Estimate for Services,partial_turn2_aug
"I got these special insoles that were molded to my feet, they took a cast of my arches",Custom made foot orthotics,confused_student
"I got these special insoles were molded to my feet, they took a cast of my arches",Custom made foot orthotics,confused_student_aug
"I got these special insoles that were molded to my feet, arches took a cast of my they",Custom made foot orthotics,confused_student_aug
"I got these special insoles that were molded to um my feet, they took a cast of my arches",Custom made foot orthotics,confused_student_aug
"Where do I submit a claim for a mental health practitioner who isn't a psychologist, counsellor, or social worker?",Other mental health services,question
"Where do I submit a claim for a mental health practitioner who isn't psychologist, counsellor, or social worker?",Other mental health services,question_aug
"Where practitioner I submit a claim for a mental health do who isn't a psychologist, counsellor, or social worker?",Other mental health services,question_aug
"Where do I submit a claim for a mental health basically practitioner who isn't a psychologist, counsellor, or social worker?",Other mental health services,question_aug
"my doctor write prescription for very strong knee sock, 30 mmhg or more, very hard to wear","Compression Stockings, knee length (30 mmhg & over)",esl_speaker
"my doctor write prescription for very strong knee sock, 30 or more, very hard to wear","Compression Stockings, knee length (30 mmhg & over)",esl_speaker_aug
"my doctor write more, for very strong knee sock, 30 mmhg or prescription very hard to wear","Compression Stockings, knee length (30 mmhg & over)",esl_speaker_aug
"my doctor write prescription for very strong knee sock, so 30 mmhg or more, very hard to wear","Compression Stockings, knee length (30 mmhg & over)",esl_speaker_aug
crutches | the elbow cuff kind not underarm,Forearm Crutch (purchase),progressive
crutches | elbow cuff kind not underarm,Forearm Crutch (purchase),progressive_aug
kind | the elbow cuff crutches not underarm,Forearm Crutch (purchase),progressive_aug
crutches | so the elbow cuff kind not underarm,Forearm Crutch (purchase),progressive_aug
CGM receiver device,Glucose Monitoring System Receiver,terse
CGM receiver just device,Glucose Monitoring System Receiver,terse_aug
What category for treatment sessions with a licensed homeopath?,Homeopathic Treatment,question
What category for treatment sessions with licensed homeopath?,Homeopathic Treatment,question_aug
What for category treatment sessions with a licensed homeopath?,Homeopathic Treatment,question_aug
What category for treatment like sessions with a licensed homeopath?,Homeopathic Treatment,question_aug
"I buy tube for my inhaler, help me breathe medicine, it is spacer",Aerochamber,esl_speaker
"I buy tube for my inhaler, me breathe medicine, it is spacer",Aerochamber,esl_speaker_aug
"I buy tube for my it help me breathe medicine, inhaler, is spacer",Aerochamber,esl_speaker_aug
"I buy tube for my inhaler, help me breathe medicine, it is spacer I think",Aerochamber,esl_speaker_aug
my child sees a speech-language pathologist for a stuttering issue,Speech Therapy,parent_or_dependent
my child sees a speech-language pathologist for a issue,Speech Therapy,parent_or_dependent_aug
my for sees a speech-language pathologist child a stuttering issue,Speech Therapy,parent_or_dependent_aug
my child sees a speech-language pathologist for a so stuttering issue,Speech Therapy,parent_or_dependent_aug
"I go to podiatrist, foot doctor, he treat my foot pain and check how I walk",Podiatry Treatment,esl_speaker
"go to podiatrist, foot doctor, he treat my foot pain and check how I walk",Podiatry Treatment,esl_speaker_aug
"I go to podiatrist, and doctor, he treat my foot pain foot check how I walk",Podiatry Treatment,esl_speaker_aug
"I go to podiatrist, foot I think doctor, he treat my foot pain and check how I walk",Podiatry Treatment,esl_speaker_aug
purchased a Philips Personal Best peak flow meter from the pharmacy,Peak Flow Meter,brand_specific
purchased a Philips Personal Best flow meter from the pharmacy,Peak Flow Meter,brand_specific_aug
purchased a Philips meter Best peak flow Personal from the pharmacy,Peak Flow Meter,brand_specific_aug
purchased a Philips I think Personal Best peak flow meter from the pharmacy,Peak Flow Meter,brand_specific_aug
got prescription safety glasses through the SafeVision program at Clearly,Safety Glasses,brand_specific
got prescription glasses through the SafeVision program at Clearly,Safety Glasses,brand_specific_aug
got through safety glasses prescription the SafeVision program at Clearly,Safety Glasses,brand_specific_aug
got like prescription safety glasses through the SafeVision program at Clearly,Safety Glasses,brand_specific_aug
"I just bought some arch support insoles at the drugstore, nothing custom",Standard foot orthotics or shoe inserts,confused_student
"I just bought some arch support insoles at drugstore, nothing custom",Standard foot orthotics or shoe inserts,confused_student_aug
"I just bought some arch support insoles at custom drugstore, nothing the",Standard foot orthotics or shoe inserts,confused_student_aug
"just I just bought some arch support insoles at the drugstore, nothing custom",Standard foot orthotics or shoe inserts,confused_student_aug
purchased a TENS 7000 digital unit from HealthyKin,"Stimulator, muscle/nerve (TENS)",brand_specific
purchased a TENS 7000 digital from HealthyKin,"Stimulator, muscle/nerve (TENS)",brand_specific_aug
purchased a digital 7000 TENS unit from HealthyKin,"Stimulator, muscle/nerve (TENS)",brand_specific_aug
purchased a TENS 7000 digital unit I think from HealthyKin,"Stimulator, muscle/nerve (TENS)",brand_specific_aug
special blood work,Other laboratory and diagnostic tests,vague_turn1
special I think blood work,Other laboratory and diagnostic tests,vague_turn1_aug
"group therapy, not individual",Other mental health services,partial_turn2
"group not therapy, individual",Other mental health services,partial_turn2_aug
"group therapy, not basically individual",Other mental health services,partial_turn2_aug
emergency treatment,Other emergency services,vague_turn1
emergency so treatment,Other emergency services,vague_turn1_aug
Claiming custom-fabricated orthopaedic footwear constructed to accommodate bilateral pes planus with medial arch support modification,Orthopaedic or custom made shoes,detailed_clinical
Claiming custom-fabricated orthopaedic footwear constructed to accommodate bilateral pes planus medial arch support modification,Orthopaedic or custom made shoes,detailed_clinical_aug
Claiming custom-fabricated orthopaedic medial constructed to accommodate bilateral pes planus with footwear arch support modification,Orthopaedic or custom made shoes,detailed_clinical_aug
Claiming custom-fabricated orthopaedic footwear constructed to accommodate bilateral pes planus with medial arch support like modification,Orthopaedic or custom made shoes,detailed_clinical_aug
table top humidifier for my bedroom,Humidifier (Table Top),partial_turn2
table top for my bedroom,Humidifier (Table Top),partial_turn2_aug
table top humidifier bedroom my for,Humidifier (Table Top),partial_turn2_aug
table like top humidifier for my bedroom,Humidifier (Table Top),partial_turn2_aug
"I saw someone who does manual therapy on my muscles and joints, an osteopath",Osteopath,confused_student
"I saw someone does manual therapy on my muscles and joints, an osteopath",Osteopath,confused_student_aug
"I saw someone who an manual therapy on my muscles and joints, does osteopath",Osteopath,confused_student_aug
"I saw someone who does manual therapy on my muscles and joints, um an osteopath",Osteopath,confused_student_aug
mantoux skin injection test,TB Test/Mantoux,partial_turn2
mantoux test injection skin,TB Test/Mantoux,partial_turn2_aug
mantoux skin injection test um,TB Test/Mantoux,partial_turn2_aug
why do I need to know if my social worker has a bachelors or masters? her profile says BSW so I guess bachelors,Social Worker (Bachelors),complaint
why do I need to know if my social worker has a bachelors or her profile says BSW so I guess bachelors,Social Worker (Bachelors),complaint_aug
why do I need to know if my social bachelors has a worker or masters? her profile says BSW so I guess bachelors,Social Worker (Bachelors),complaint_aug
why do I need to know if my social worker has a bachelors or masters? her like profile says BSW so I guess bachelors,Social Worker (Bachelors),complaint_aug
What category covers compression tights that are footless?,"Compression Calf Sleeves/Tights (footless), any length",question
What category covers compression tights that footless?,"Compression Calf Sleeves/Tights (footless), any length",question_aug
What category are compression tights that covers footless?,"Compression Calf Sleeves/Tights (footless), any length",question_aug
What category covers actually compression tights that are footless?,"Compression Calf Sleeves/Tights (footless), any length",question_aug
vitamin D deficiency test,Vitamin D Test,partial_turn2
vitamin test deficiency D,Vitamin D Test,partial_turn2_aug
just vitamin D deficiency test,Vitamin D Test,partial_turn2_aug
had a Zeiss OCT retinal scan at Dr. Bhatt's ophthalmology practice,Diagnostic Vision Test,brand_specific
had a Zeiss OCT retinal scan at Bhatt's ophthalmology practice,Diagnostic Vision Test,brand_specific_aug
had a Zeiss OCT retinal Bhatt's at Dr. scan ophthalmology practice,Diagnostic Vision Test,brand_specific_aug
had just a Zeiss OCT retinal scan at Dr. Bhatt's ophthalmology practice,Diagnostic Vision Test,brand_specific_aug
Submitting for a custom-fabricated right knee unloader brace for medial compartment osteoarthritis,"Brace, right knee (Custom)",detailed_clinical
Submitting for a custom-fabricated right knee unloader brace medial compartment osteoarthritis,"Brace, right knee (Custom)",detailed_clinical_aug
Submitting right a custom-fabricated for knee unloader brace for medial compartment osteoarthritis,"Brace, right knee (Custom)",detailed_clinical_aug
Submitting actually for a custom-fabricated right knee unloader brace for medial compartment osteoarthritis,"Brace, right knee (Custom)",detailed_clinical_aug
homeopathic | remedies and consultation | for my chronic symptoms,Homeopathic Treatment,progressive
homeopathic | and consultation | for my chronic symptoms,Homeopathic Treatment,progressive_aug
homeopathic | remedies and my | for consultation chronic symptoms,Homeopathic Treatment,progressive_aug
homeopathic | remedies and consultation | for my I think chronic symptoms,Homeopathic Treatment,progressive_aug
electrode pads | replacement | for my TENS unit,"Stimulator, supplies",progressive
electrode pads | replacement | for TENS unit,"Stimulator, supplies",progressive_aug
electrode replacement | pads | for my TENS unit,"Stimulator, supplies",progressive_aug
electrode pads | replacement | for my so TENS unit,"Stimulator, supplies",progressive_aug
"need replacement electrode pads for my dad's TENS unit, his pads are worn out","Stimulator, supplies",parent_or_dependent
"replacement electrode pads for my dad's TENS unit, his pads are worn out","Stimulator, supplies",parent_or_dependent_aug
"dad's replacement electrode pads for my need TENS unit, his pads are worn out","Stimulator, supplies",parent_or_dependent_aug
"need replacement electrode pads for my like dad's TENS unit, his pads are worn out","Stimulator, supplies",parent_or_dependent_aug
took my daughter to the allergist for a skin scratch test after she broke out in hives,Scratch Test for Allergies,parent_or_dependent
took my daughter to the allergist for a skin scratch test she broke out in hives,Scratch Test for Allergies,parent_or_dependent_aug
took my daughter to the allergist for she skin scratch test after a broke out in hives,Scratch Test for Allergies,parent_or_dependent_aug
took my so daughter to the allergist for a skin scratch test after she broke out in hives,Scratch Test for Allergies,parent_or_dependent_aug
"Filing for routine prophylaxis, bitewing radiographs, and composite resin restoration at a general dental practice",Dental Services,detailed_clinical
"Filing for routine bitewing radiographs, and composite resin restoration at a general dental practice",Dental Services,detailed_clinical_aug
"radiographs, for routine prophylaxis, bitewing Filing and composite resin restoration at a general dental practice",Dental Services,detailed_clinical_aug
"Filing for routine actually prophylaxis, bitewing radiographs, and composite resin restoration at a general dental practice",Dental Services,detailed_clinical_aug
Claiming podiatric medical treatment including biomechanical assessment and therapeutic intervention for plantar fasciitis,Podiatry Treatment,detailed_clinical
Claiming podiatric medical treatment including biomechanical assessment and therapeutic intervention for fasciitis,Podiatry Treatment,detailed_clinical_aug
Claiming podiatric medical treatment including for assessment and therapeutic intervention biomechanical plantar fasciitis,Podiatry Treatment,detailed_clinical_aug
Claiming podiatric medical treatment including biomechanical assessment and therapeutic intervention for plantar I think fasciitis,Podiatry Treatment,detailed_clinical_aug
special bra,Mastectomy bra,vague_turn1
basically special bra,Mastectomy bra,vague_turn1_aug
homeopathy,Homeopathic Treatment,vague_turn1
homeopathy actually,Homeopathic Treatment,vague_turn1_aug
needle therapy | acupuncture | weekly sessions for migraines,Acupuncture,progressive
needle therapy | acupuncture | weekly sessions migraines,Acupuncture,progressive_aug
needle therapy for acupuncture | weekly sessions | migraines,Acupuncture,progressive_aug
needle therapy | acupuncture | weekly sessions like for migraines,Acupuncture,progressive_aug
"in-patient stay, not emergency visit",Hospital (within your province),partial_turn2
"stay, not emergency visit",Hospital (within your province),partial_turn2_aug
"visit stay, not emergency in-patient",Hospital (within your province),partial_turn2_aug
"in-patient stay, I think not emergency visit",Hospital (within your province),partial_turn2_aug
urgent care,Other emergency services,vague_turn1
like urgent care,Other emergency services,vague_turn1_aug
my kid sprained her ankle at soccer and we picked up a ready-made brace at the pharmacy,Brace (Non-custom),parent_or_dependent
my kid sprained her ankle at soccer and we picked up a ready-made brace at the,Brace (Non-custom),parent_or_dependent_aug
my kid sprained brace ankle at soccer and we picked up a ready-made her at the pharmacy,Brace (Non-custom),parent_or_dependent_aug
my kid sprained her ankle at soccer and we I think picked up a ready-made brace at the pharmacy,Brace (Non-custom),parent_or_dependent_aug
emergency alert bracelet and membership,Medic Alert Bracelet,partial_turn2
emergency alert and membership,Medic Alert Bracelet,partial_turn2_aug
membership alert bracelet and emergency,Medic Alert Bracelet,partial_turn2_aug
emergency um alert bracelet and membership,Medic Alert Bracelet,partial_turn2_aug
Which category for bed rails I purchased for fall prevention?,Bed Rails (purchase),question
Which category for bed rails I purchased for fall,Bed Rails (purchase),question_aug
Which for for bed rails I purchased category fall prevention?,Bed Rails (purchase),question_aug
Which actually category for bed rails I purchased for fall prevention?,Bed Rails (purchase),question_aug
the mask,"CPAP, APAP, BIPAP Mask",vague_turn1
the like mask,"CPAP, APAP, BIPAP Mask",vague_turn1_aug
RD for my diabetes eating plan,Dietitian Services,partial_turn2
RD for my diabetes plan,Dietitian Services,partial_turn2_aug
eating for my diabetes RD plan,Dietitian Services,partial_turn2_aug
RD for my diabetes I think eating plan,Dietitian Services,partial_turn2_aug
tabletop humidifier purchase,Humidifier (Table Top),terse
tabletop so humidifier purchase,Humidifier (Table Top),terse_aug
speech therapy for my child,Speech Therapy,partial_turn2
speech therapy for child,Speech Therapy,partial_turn2_aug
for therapy speech my child,Speech Therapy,partial_turn2_aug
speech like therapy for my child,Speech Therapy,partial_turn2_aug
I tried to file under 'Clinical Counsellor' but my provider is actually a certified art therapist,Other mental health services,wrong_guess
I tried to file under 'Clinical Counsellor' but my provider is actually a art therapist,Other mental health services,wrong_guess_aug
I tried to file under is Counsellor' but my provider 'Clinical actually a certified art therapist,Other mental health services,wrong_guess_aug
I tried like to file under 'Clinical Counsellor' but my provider is actually a certified art therapist,Other mental health services,wrong_guess_aug
"my son sees a child psychologist for ADHD assessment and therapy, claiming those sessions",Psychologist,parent_or_dependent
"my son sees a child for ADHD assessment and therapy, claiming those sessions",Psychologist,parent_or_dependent_aug
"my assessment sees a child psychologist for ADHD son and therapy, claiming those sessions",Psychologist,parent_or_dependent_aug
"my son sees a child psychologist for ADHD like assessment and therapy, claiming those sessions",Psychologist,parent_or_dependent_aug
osteopath not chiropractor,Osteopath,partial_turn2
um osteopath not chiropractor,Osteopath,partial_turn2_aug
in-patient,Hospital (within your province),vague_turn1
in-patient basically,Hospital (within your province),vague_turn1_aug
naturopath | ND degree | for my hormonal issues,Naturopathic Treatment,progressive
naturopath | ND degree | for hormonal issues,Naturopathic Treatment,progressive_aug
naturopath | ND degree for | my hormonal issues,Naturopathic Treatment,progressive_aug
so naturopath | ND degree | for my hormonal issues,Naturopathic Treatment,progressive_aug
cleaning and xrays,Dental Services,partial_turn2
so cleaning and xrays,Dental Services,partial_turn2_aug
hearing devices | from the clinic | for my hearing loss,Hearing Aids,progressive
hearing devices | the clinic | for my hearing loss,Hearing Aids,progressive_aug
hearing loss | from the clinic | for my hearing devices,Hearing Aids,progressive_aug
hearing devices | from the clinic | for my just hearing loss,Hearing Aids,progressive_aug
"I lose hair because of medicine treatment, I buy wig to cover head",Wig,esl_speaker
"I lose hair because of medicine treatment, I buy wig to cover",Wig,esl_speaker_aug
"I lose medicine because of hair treatment, I buy wig to cover head",Wig,esl_speaker_aug
"so I lose hair because of medicine treatment, I buy wig to cover head",Wig,esl_speaker_aug
wig | after my chemo | hair loss from treatment | not cosmetic,Wig,progressive
wig | after my chemo | hair loss treatment | not cosmetic,Wig,progressive_aug
wig | after my chemo | hair loss from treatment | not cosmetic,Wig,progressive_aug
wig | actually after my chemo | hair loss from treatment | not cosmetic,Wig,progressive_aug
purchased a Sunbeam XpressHeat heating pad from Canadian Tire,Heat Therapy - Re-usable items (purchase),brand_specific
purchased a Sunbeam XpressHeat heating pad from Tire,Heat Therapy - Re-usable items (purchase),brand_specific_aug
purchased a Canadian XpressHeat heating pad from Sunbeam Tire,Heat Therapy - Re-usable items (purchase),brand_specific_aug
purchased a basically Sunbeam XpressHeat heating pad from Canadian Tire,Heat Therapy - Re-usable items (purchase),brand_specific_aug
the bra with the pocket for prosthesis,Mastectomy bra,partial_turn2
the bra with the pocket prosthesis,Mastectomy bra,partial_turn2_aug
the bra with prosthesis pocket for the,Mastectomy bra,partial_turn2_aug
so the bra with the pocket for prosthesis,Mastectomy bra,partial_turn2_aug
physiotherapy not massage,Physiotherapy,partial_turn2
physiotherapy basically not massage,Physiotherapy,partial_turn2_aug
audiologist hearing assessment,Audiologist Services,terse
audiologist basically hearing assessment,Audiologist Services,terse_aug
custom AFO brace rx,"Brace, AFO/KAFO (Custom)",terse
custom brace AFO rx,"Brace, AFO/KAFO (Custom)",terse_aug
custom AFO brace rx um,"Brace, AFO/KAFO (Custom)",terse_aug
chiropractor,Chiropractic,vague_turn1
chiropractor so,Chiropractic,vague_turn1_aug
pump supplies,Insulin infusion pump supplies,vague_turn1
actually pump supplies,Insulin infusion pump supplies,vague_turn1_aug
"I got the breathing machine that you use at night for snoring, not the mask part just the machine","CPAP, APAP, BIPAP Machine",confused_student
"I got the breathing machine that use at night for snoring, not the mask part just the machine","CPAP, APAP, BIPAP Machine",confused_student_aug
"I got the breathing machine that you use at snoring, for night not the mask part just the machine","CPAP, APAP, BIPAP Machine",confused_student_aug
"I actually got the breathing machine that you use at night for snoring, not the mask part just the machine","CPAP, APAP, BIPAP Machine",confused_student_aug
"stockings | goes all the way up | super firm, really hard to wear","Compression Stockings, thigh/full (30 mmhg & over)",progressive
"stockings | goes all the way up | super firm, hard to wear","Compression Stockings, thigh/full (30 mmhg & over)",progressive_aug
"stockings | goes all way the up | super firm, really hard to wear","Compression Stockings, thigh/full (30 mmhg & over)",progressive_aug
"stockings actually | goes all the way up | super firm, really hard to wear","Compression Stockings, thigh/full (30 mmhg & over)",progressive_aug
"medium compression, knee high","Compression Stockings, knee length (15-19 mmhg)",partial_turn2
"medium knee compression, high","Compression Stockings, knee length (15-19 mmhg)",partial_turn2_aug
"medium compression, knee just high","Compression Stockings, knee length (15-19 mmhg)",partial_turn2_aug
pain device | electric pulses | TENS unit for my back,"Stimulator, muscle/nerve (TENS)",progressive
pain device | electric pulses | TENS for my back,"Stimulator, muscle/nerve (TENS)",progressive_aug
pain device | electric pulses TENS | unit for my back,"Stimulator, muscle/nerve (TENS)",progressive_aug
pain device um | electric pulses | TENS unit for my back,"Stimulator, muscle/nerve (TENS)",progressive_aug
tooth knocked out accident,Dental Accident,terse
tooth accident out knocked,Dental Accident,terse_aug
tooth knocked out accident so,Dental Accident,terse_aug
blood pressure test,Ambulatory Blood Pressure Test,vague_turn1
just blood pressure test,Ambulatory Blood Pressure Test,vague_turn1_aug
blood drawn for allergy panel,Blood test for Allergies (IG test not eligible),partial_turn2
blood drawn for panel,Blood test for Allergies (IG test not eligible),partial_turn2_aug
allergy drawn for blood panel,Blood test for Allergies (IG test not eligible),partial_turn2_aug
blood drawn for allergy actually panel,Blood test for Allergies (IG test not eligible),partial_turn2_aug
"it's the little device I wear all the time that gives me insulin continuously, it's attached to my body",Insulin infusion pump,confused_student
"it's the little device I all the time that gives me insulin continuously, it's attached to my body",Insulin infusion pump,confused_student_aug
"it's the little device I wear all the time my gives me insulin continuously, it's attached to that body",Insulin infusion pump,confused_student_aug
"it's the little device I wear all the time that basically gives me insulin continuously, it's attached to my body",Insulin infusion pump,confused_student_aug
wheels and a basket,Walker - with wheels (purchase),partial_turn2
and wheels a basket,Walker - with wheels (purchase),partial_turn2_aug
wheels and so a basket,Walker - with wheels (purchase),partial_turn2_aug
needles in my back,Acupuncture,partial_turn2
needles in back my,Acupuncture,partial_turn2_aug
needles in my I think back,Acupuncture,partial_turn2_aug
custom shoes | orthopaedic | made for my diabetic foot,Orthopaedic or custom made shoes,progressive
custom shoes | orthopaedic | made for diabetic foot,Orthopaedic or custom made shoes,progressive_aug
custom shoes | orthopaedic | my for made diabetic foot,Orthopaedic or custom made shoes,progressive_aug
just custom shoes | orthopaedic | made for my diabetic foot,Orthopaedic or custom made shoes,progressive_aug
secondary plan,Provincial Replacement Plan,vague_turn1
secondary like plan,Provincial Replacement Plan,vague_turn1_aug
"I was on a long haul flight and the doctor suggested I get really mild compression socks, they're only about 10 mmhg","Compression Stockings, any length (up to 14 mmhg)",storyteller
"I was on a long haul flight and the doctor suggested I get mild compression socks, they're only about 10 mmhg","Compression Stockings, any length (up to 14 mmhg)",storyteller_aug
"I was on a long haul flight and 10 doctor suggested I get really mild compression socks, they're only about the mmhg","Compression Stockings, any length (up to 14 mmhg)",storyteller_aug
"I basically was on a long haul flight and the doctor suggested I get really mild compression socks, they're only about 10 mmhg","Compression Stockings, any length (up to 14 mmhg)",storyteller_aug
need glasses,Prescription Glasses,vague_turn1
need glasses just,Prescription Glasses,vague_turn1_aug
I bought a small humidifier for my bedroom to help with dry air,Humidifier (Table Top),confused_student
I bought a small humidifier for bedroom to help with dry air,Humidifier (Table Top),confused_student_aug
I bought a small humidifier to my bedroom for help with dry air,Humidifier (Table Top),confused_student_aug
I bought a small humidifier for my bedroom to help with dry just air,Humidifier (Table Top),confused_student_aug
subscribed to MindBeacon Therapist Guided iCBT program through my plan,Digital Cognitive Behavioural Therapy,brand_specific
subscribed to Therapist Guided iCBT program through my plan,Digital Cognitive Behavioural Therapy,brand_specific_aug
MindBeacon to subscribed Therapist Guided iCBT program through my plan,Digital Cognitive Behavioural Therapy,brand_specific_aug
subscribed to MindBeacon Therapist Guided iCBT program through my just plan,Digital Cognitive Behavioural Therapy,brand_specific_aug
inhaler attachment,Aerochamber,vague_turn1
inhaler basically attachment,Aerochamber,vague_turn1_aug
pump for milk | bought after baby | the medela one,Breast Pump (purchase),progressive
pump for | bought after baby | the medela one,Breast Pump (purchase),progressive_aug
pump | milk for bought after baby | the medela one,Breast Pump (purchase),progressive_aug
pump for milk | bought after baby | the medela so one,Breast Pump (purchase),progressive_aug
compression gloves arthritis,Other garment brace services (i.e. compression gloves),terse
compression gloves um arthritis,Other garment brace services (i.e. compression gloves),terse_aug
orthodontic braces monthly fee,Orthodontic Services (Braces - initial and monthly fee),terse
monthly braces orthodontic fee,Orthodontic Services (Braces - initial and monthly fee),terse_aug
orthodontic just braces monthly fee,Orthodontic Services (Braces - initial and monthly fee),terse_aug
genetic test | DNA screening | hereditary cancer risk,Screening (for DNA/Genetic purposes),progressive
genetic test | DNA screening | hereditary risk,Screening (for DNA/Genetic purposes),progressive_aug
genetic test | DNA screening risk hereditary cancer |,Screening (for DNA/Genetic purposes),progressive_aug
genetic test | DNA screening | hereditary actually cancer risk,Screening (for DNA/Genetic purposes),progressive_aug
insulin pen | reusable | takes cartridges | for my daily insulin,Insulin Pen Injector,progressive
insulin | reusable | takes cartridges | for my daily insulin,Insulin Pen Injector,progressive_aug
insulin pen my reusable | takes cartridges | for | daily insulin,Insulin Pen Injector,progressive_aug
insulin pen | reusable | takes cartridges | so for my daily insulin,Insulin Pen Injector,progressive_aug
has a BSW not a masters,Social Worker (Bachelors),partial_turn2
has a BSW a masters,Social Worker (Bachelors),partial_turn2_aug
has a masters not a BSW,Social Worker (Bachelors),partial_turn2_aug
has basically a BSW not a masters,Social Worker (Bachelors),partial_turn2_aug
the puffer spacer,Aerochamber,vague_turn1
just the puffer spacer,Aerochamber,vague_turn1_aug
"I selected 'Custom made foot orthotics' but I got entire custom shoes, not just insoles",Orthopaedic or custom made shoes,wrong_guess
"I selected made foot orthotics' but I got entire custom shoes, not just insoles",Orthopaedic or custom made shoes,wrong_guess_aug
"I selected 'Custom made foot orthotics' but got I entire custom shoes, not just insoles",Orthopaedic or custom made shoes,wrong_guess_aug
"I selected 'Custom made foot orthotics' but I got entire custom shoes, like not just insoles",Orthopaedic or custom made shoes,wrong_guess_aug
"my dentist wants to submit an estimate before doing the work, for pre-approval",Dental Estimate for Services,confused_student
"my wants to submit an estimate before doing the work, for pre-approval",Dental Estimate for Services,confused_student_aug
"my dentist wants to pre-approval an estimate before doing the work, for submit",Dental Estimate for Services,confused_student_aug
"my dentist wants to submit an estimate before doing the work, um for pre-approval",Dental Estimate for Services,confused_student_aug
spinal adjustments,Chiropractic,partial_turn2
like spinal adjustments,Chiropractic,partial_turn2_aug
Where do I claim a reusable heating pad I bought for pain management?,Heat Therapy - Re-usable items (purchase),question
Where do I claim reusable heating pad I bought for pain management?,Heat Therapy - Re-usable items (purchase),question_aug
Where do I claim a reusable heating pain I bought for pad management?,Heat Therapy - Re-usable items (purchase),question_aug
Where do I basically claim a reusable heating pad I bought for pain management?,Heat Therapy - Re-usable items (purchase),question_aug
foot doctor | podiatrist | did a medical procedure,Podiatry Treatment,progressive
foot doctor podiatrist | did a medical procedure,Podiatry Treatment,progressive_aug
foot medical | podiatrist | did a doctor procedure,Podiatry Treatment,progressive_aug
foot doctor just | podiatrist | did a medical procedure,Podiatry Treatment,progressive_aug
CA-125 blood test ovarian,CA-125 (Cancer Antigen) Test,terse
ovarian blood test CA-125,CA-125 (Cancer Antigen) Test,terse_aug
CA-125 blood just test ovarian,CA-125 (Cancer Antigen) Test,terse_aug
tooth injury | accident | not regular dental,Dental Accident,progressive
tooth injury | accident | regular dental,Dental Accident,progressive_aug
tooth | | accident injury not regular dental,Dental Accident,progressive_aug
tooth injury | accident | not regular dental so,Dental Accident,progressive_aug
just the consumable parts,"CPAP, APAP, BIPAP Supplies",partial_turn2
consumable the just parts,"CPAP, APAP, BIPAP Supplies",partial_turn2_aug
just actually the consumable parts,"CPAP, APAP, BIPAP Supplies",partial_turn2_aug
Claiming bilateral receiver-in-canal digital hearing instruments with adaptive directional microphone technology,Hearing Aids,detailed_clinical
Claiming bilateral receiver-in-canal digital hearing with adaptive directional microphone technology,Hearing Aids,detailed_clinical_aug
Claiming bilateral receiver-in-canal directional hearing instruments with adaptive digital microphone technology,Hearing Aids,detailed_clinical_aug
Claiming I think bilateral receiver-in-canal digital hearing instruments with adaptive directional microphone technology,Hearing Aids,detailed_clinical_aug
I put it under 'Compression Stockings any length up to 14' but these are actually 18 mmhg knee length,"Compression Stockings, knee length (15-19 mmhg)",wrong_guess
I put it under Stockings any length up to 14' but these are actually 18 mmhg knee length,"Compression Stockings, knee length (15-19 mmhg)",wrong_guess_aug
I put it under 'Compression Stockings any 18 up to 14' but these are actually length mmhg knee length,"Compression Stockings, knee length (15-19 mmhg)",wrong_guess_aug
so I put it under 'Compression Stockings any length up to 14' but these are actually 18 mmhg knee length,"Compression Stockings, knee length (15-19 mmhg)",wrong_guess_aug
ambulance fee | charged by the city | emergency call,Ambulance,progressive
ambulance fee | charged by the city | call,Ambulance,progressive_aug
ambulance fee | charged by call city | emergency the,Ambulance,progressive_aug
ambulance fee | charged by the city actually | emergency call,Ambulance,progressive_aug
I buy compression tight for my leg but it is not have foot part,"Compression Calf Sleeves/Tights (footless), any length",esl_speaker
I buy compression tight for my leg but is not have foot part,"Compression Calf Sleeves/Tights (footless), any length",esl_speaker_aug
I buy is tight for my leg but it compression not have foot part,"Compression Calf Sleeves/Tights (footless), any length",esl_speaker_aug
I buy compression tight for my leg but it is not have foot part basically,"Compression Calf Sleeves/Tights (footless), any length",esl_speaker_aug
massage therapy,Massage,vague_turn1
so massage therapy,Massage,vague_turn1_aug
Submitting for bilateral orthopedic shoe modification including rocker sole addition and medial heel wedge insertion,Other foot care services (i.e. orthopedic shoe modification),detailed_clinical
Submitting for bilateral orthopedic shoe modification rocker sole addition and medial heel wedge insertion,Other foot care services (i.e. orthopedic shoe modification),detailed_clinical_aug
Submitting for bilateral orthopedic shoe modification including rocker sole addition and insertion heel wedge medial,Other foot care services (i.e. orthopedic shoe modification),detailed_clinical_aug
Submitting for bilateral orthopedic shoe modification including rocker sole addition and medial heel wedge insertion like,Other foot care services (i.e. orthopedic shoe modification),detailed_clinical_aug
the ear devices,Hearing Aids,vague_turn1
the ear devices actually,Hearing Aids,vague_turn1_aug
I had that camera procedure where they check inside your colon,Colonoscopy,confused_student
I had that camera procedure where check inside your colon,Colonoscopy,confused_student_aug
I your that camera procedure where they check inside had colon,Colonoscopy,confused_student_aug
I had so that camera procedure where they check inside your colon,Colonoscopy,confused_student_aug
"leg brace | goes from foot up to my knee, custom made","Brace, AFO/KAFO (Custom)",progressive
"leg brace | goes from foot up to my knee, made","Brace, AFO/KAFO (Custom)",progressive_aug
"leg to | goes from foot up brace my knee, custom made","Brace, AFO/KAFO (Custom)",progressive_aug
"leg brace | goes from foot up just to my knee, custom made","Brace, AFO/KAFO (Custom)",progressive_aug
traditional Chinese medicine,Acupuncture,partial_turn2
traditional Chinese I think medicine,Acupuncture,partial_turn2_aug
Submitting under the provincial replacement plan for services eligible under the Ontario Health Insurance Plan,Provincial Replacement Plan,detailed_clinical
Submitting under the provincial replacement plan for services eligible under the Ontario Health Insurance,Provincial Replacement Plan,detailed_clinical_aug
Submitting under the provincial replacement plan for services eligible under the Ontario Insurance Health Plan,Provincial Replacement Plan,detailed_clinical_aug
Submitting under the provincial replacement actually plan for services eligible under the Ontario Health Insurance Plan,Provincial Replacement Plan,detailed_clinical_aug
peak flow meter,Peak Flow Meter,vague_turn1
peak um flow meter,Peak Flow Meter,vague_turn1_aug
long firm socks,"Compression Stockings, thigh/full (20-29 mmhg)",vague_turn1
actually long firm socks,"Compression Stockings, thigh/full (20-29 mmhg)",vague_turn1_aug
"no wheels, just the frame",Stationary Commode (purchase),partial_turn2
"wheels, just the frame",Stationary Commode (purchase),partial_turn2_aug
"no frame just the wheels,",Stationary Commode (purchase),partial_turn2_aug
"no wheels, I think just the frame",Stationary Commode (purchase),partial_turn2_aug
quad cane | four feet at bottom | more stable than regular cane,Quad Cane (purchase),progressive
quad cane four feet at bottom | more stable than regular cane,Quad Cane (purchase),progressive_aug
quad cane | four feet regular bottom | more stable than at cane,Quad Cane (purchase),progressive_aug
quad cane | so four feet at bottom | more stable than regular cane,Quad Cane (purchase),progressive_aug
How do I claim a bath bench I bought after my knee surgery?,Bath Bench/Chair (purchase),question
How do I claim a bath bench I after my knee surgery?,Bath Bench/Chair (purchase),question_aug
How a I claim do bath bench I bought after my knee surgery?,Bath Bench/Chair (purchase),question_aug
How do I claim I think a bath bench I bought after my knee surgery?,Bath Bench/Chair (purchase),question_aug
Submitting receipt for a point-of-care capillary blood glucose monitoring device for self-management of type 2 diabetes,Blood glucose meter,detailed_clinical
Submitting receipt for a point-of-care capillary blood glucose device for self-management of type 2 diabetes,Blood glucose meter,detailed_clinical_aug
Submitting receipt for a for capillary blood glucose monitoring device point-of-care self-management of type 2 diabetes,Blood glucose meter,detailed_clinical_aug
Submitting receipt for a point-of-care capillary blood glucose monitoring like device for self-management of type 2 diabetes,Blood glucose meter,detailed_clinical_aug
care home fees,Nursing Home and Long Term Care,vague_turn1
like care home fees,Nursing Home and Long Term Care,vague_turn1_aug
purchased a Vicks Warm Steam Vaporizer from Shoppers Drug Mart,Vaporizer (table top),brand_specific
purchased a Warm Steam Vaporizer from Shoppers Drug Mart,Vaporizer (table top),brand_specific_aug
purchased a Mart Warm Steam Vaporizer from Shoppers Drug Vicks,Vaporizer (table top),brand_specific_aug
purchased a just Vicks Warm Steam Vaporizer from Shoppers Drug Mart,Vaporizer (table top),brand_specific_aug
bought a Tempur-Pedic TEMPUR-Neck pillow from Sleep Country,Cervical Pillow,brand_specific
bought a Tempur-Pedic TEMPUR-Neck pillow Sleep Country,Cervical Pillow,brand_specific_aug
Sleep a Tempur-Pedic TEMPUR-Neck pillow from bought Country,Cervical Pillow,brand_specific_aug
basically bought a Tempur-Pedic TEMPUR-Neck pillow from Sleep Country,Cervical Pillow,brand_specific_aug
something medical,Other medical items,vague_turn1
just something medical,Other medical items,vague_turn1_aug
I bought the little machine that pricks your finger and tells you your sugar number,Blood glucose meter,confused_student
I bought the little machine that pricks your finger and tells you sugar number,Blood glucose meter,confused_student_aug
I bought the little and that pricks your finger machine tells you your sugar number,Blood glucose meter,confused_student_aug
I bought the little machine that actually pricks your finger and tells you your sugar number,Blood glucose meter,confused_student_aug
I twisted my wrist playing volleyball so I ran to Shoppers and grabbed an off-the-shelf wrist brace,Brace (Non-custom),storyteller
I twisted my wrist playing volleyball so I ran to Shoppers and grabbed off-the-shelf wrist brace,Brace (Non-custom),storyteller_aug
wrist twisted my wrist playing volleyball so I ran to Shoppers and grabbed an off-the-shelf I brace,Brace (Non-custom),storyteller_aug
I twisted my wrist playing volleyball so I ran to Shoppers and grabbed an off-the-shelf wrist brace so,Brace (Non-custom),storyteller_aug
PSA blood test,PSA Test (Prostate Specific Antigen),vague_turn1
PSA blood um test,PSA Test (Prostate Specific Antigen),vague_turn1_aug
"I have long stockings that go all the way up my thigh, mild pressure, maybe 15 or so?","Compression Stockings, thigh/full (15-19 mmhg)",confused_student
"I have long stockings that go all way up my thigh, mild pressure, maybe 15 or so?","Compression Stockings, thigh/full (15-19 mmhg)",confused_student_aug
"I have long stockings that go all the way mild my thigh, up pressure, maybe 15 or so?","Compression Stockings, thigh/full (15-19 mmhg)",confused_student_aug
"I have long stockings that go all the way up my thigh, mild pressure, basically maybe 15 or so?","Compression Stockings, thigh/full (15-19 mmhg)",confused_student_aug
the skin test for TB,TB Test/Mantoux,vague_turn1
skin test for TB,TB Test/Mantoux,vague_turn1_aug
the for test skin TB,TB Test/Mantoux,vague_turn1_aug
the skin test um for TB,TB Test/Mantoux,vague_turn1_aug
Which category for full-length compression stockings at 15-19 mmHg that go up to the thigh?,"Compression Stockings, thigh/full (15-19 mmhg)",question
Which category for full-length compression stockings at mmHg that go up to the thigh?,"Compression Stockings, thigh/full (15-19 mmhg)",question_aug
Which category for stockings compression full-length at 15-19 mmHg that go up to the thigh?,"Compression Stockings, thigh/full (15-19 mmhg)",question_aug
Which category for full-length so compression stockings at 15-19 mmHg that go up to the thigh?,"Compression Stockings, thigh/full (15-19 mmhg)",question_aug
I picked 'Glucose Monitoring System Receiver' but it's just a regular finger-prick glucometer,Blood glucose meter,wrong_guess
I picked 'Glucose Monitoring System Receiver' but it's just a regular glucometer,Blood glucose meter,wrong_guess_aug
I picked 'Glucose Monitoring System finger-prick but it's just a regular Receiver' glucometer,Blood glucose meter,wrong_guess_aug
I picked 'Glucose Monitoring System Receiver' but it's just a regular finger-prick glucometer so,Blood glucose meter,wrong_guess_aug
thigh length 20-29 mmhg compression,"Compression Stockings, thigh/full (20-29 mmhg)",terse
thigh length 20-29 compression,"Compression Stockings, thigh/full (20-29 mmhg)",terse_aug
thigh 20-29 length mmhg compression,"Compression Stockings, thigh/full (20-29 mmhg)",terse_aug
thigh length 20-29 mmhg like compression,"Compression Stockings, thigh/full (20-29 mmhg)",terse_aug
occupational therapist not physiotherapist,Occupational Therapy,partial_turn2
therapist occupational not physiotherapist,Occupational Therapy,partial_turn2_aug
occupational um therapist not physiotherapist,Occupational Therapy,partial_turn2_aug
Where do I claim an acupuncture session for chronic migraines?,Acupuncture,question
Where I claim an acupuncture session for chronic migraines?,Acupuncture,question_aug
Where do I claim for acupuncture session an chronic migraines?,Acupuncture,question_aug
Where do I I think claim an acupuncture session for chronic migraines?,Acupuncture,question_aug
"required for work, safety type",Safety Glasses,partial_turn2
"for work, safety type",Safety Glasses,partial_turn2_aug
"work, for required safety type",Safety Glasses,partial_turn2_aug
"required for work, actually safety type",Safety Glasses,partial_turn2_aug
Which category for knee-length compression stockings rated between 15 and 19 mmHg?,"Compression Stockings, knee length (15-19 mmhg)",question
Which category for knee-length compression stockings rated between 15 19 mmHg?,"Compression Stockings, knee length (15-19 mmhg)",question_aug
Which category for rated compression stockings knee-length between 15 and 19 mmHg?,"Compression Stockings, knee length (15-19 mmhg)",question_aug
Which category actually for knee-length compression stockings rated between 15 and 19 mmHg?,"Compression Stockings, knee length (15-19 mmhg)",question_aug
"I buy the machine that push needle by itself for insulin, automatic type, you just press button",Insulin Gun (automatic),esl_speaker
"I buy the machine that push needle by itself for automatic type, you just press button",Insulin Gun (automatic),esl_speaker_aug
"I buy the machine that push insulin, by itself for needle automatic type, you just press button",Insulin Gun (automatic),esl_speaker_aug
"I buy the machine that um push needle by itself for insulin, automatic type, you just press button",Insulin Gun (automatic),esl_speaker_aug
vaporizer,Vaporizer (table top),vague_turn1
vaporizer um,Vaporizer (table top),vague_turn1_aug
"my therapist is a PSYCHOLOGIST with a doctorate, not a psychotherapist or counsellor, the categories need better descriptions",Psychologist,complaint
"my therapist is a PSYCHOLOGIST with a doctorate, not psychotherapist or counsellor, the categories need better descriptions",Psychologist,complaint_aug
"need therapist is a PSYCHOLOGIST with a doctorate, not a psychotherapist or counsellor, the categories my better descriptions",Psychologist,complaint_aug
"my therapist um is a PSYCHOLOGIST with a doctorate, not a psychotherapist or counsellor, the categories need better descriptions",Psychologist,complaint_aug
"automatic kind, needle phobia",Insulin Gun (automatic),partial_turn2
"phobia kind, needle automatic",Insulin Gun (automatic),partial_turn2_aug
"automatic like kind, needle phobia",Insulin Gun (automatic),partial_turn2_aug
breast cancer screening done,Mammogram,partial_turn2
screening cancer breast done,Mammogram,partial_turn2_aug
so breast cancer screening done,Mammogram,partial_turn2_aug
"called 911, got charged for the ambulance",Ambulance,partial_turn2
"called 911, got for the ambulance",Ambulance,partial_turn2_aug
"called 911, got charged the for ambulance",Ambulance,partial_turn2_aug
"called 911, got charged for the ambulance so",Ambulance,partial_turn2_aug
homeopathic medicine,Homeopathic Treatment,partial_turn2
homeopathic medicine basically,Homeopathic Treatment,partial_turn2_aug
ice pack | reusable gel kind | for my knee after physio,Cold Therapy - Re-usable Items (purchase),progressive
ice | reusable gel kind | for my knee after physio,Cold Therapy - Re-usable Items (purchase),progressive_aug
ice pack | reusable gel kind | for my knee after physio,Cold Therapy - Re-usable Items (purchase),progressive_aug
ice pack | reusable just gel kind | for my knee after physio,Cold Therapy - Re-usable Items (purchase),progressive_aug
they modified my existing shoe,Other foot care services (i.e. orthopedic shoe modification),partial_turn2
they modified existing shoe,Other foot care services (i.e. orthopedic shoe modification),partial_turn2_aug
they modified existing my shoe,Other foot care services (i.e. orthopedic shoe modification),partial_turn2_aug
um they modified my existing shoe,Other foot care services (i.e. orthopedic shoe modification),partial_turn2_aug
the specialist made it from a mold,"Brace, AFO/KAFO (Custom)",partial_turn2
specialist made it from a mold,"Brace, AFO/KAFO (Custom)",partial_turn2_aug
the specialist made it mold a from,"Brace, AFO/KAFO (Custom)",partial_turn2_aug
the specialist made so it from a mold,"Brace, AFO/KAFO (Custom)",partial_turn2_aug
"I went for a rub-down at the massage place, a real registered therapist though",Massage,confused_student
I went for a rub-down at the massage a real registered therapist though,Massage,confused_student_aug
"I rub-down for a went at the massage place, a real registered therapist though",Massage,confused_student_aug
"I went for a rub-down at like the massage place, a real registered therapist though",Massage,confused_student_aug
"contacts | prescription, monthly disposables",Prescription Contacts,progressive
"contacts | prescription, disposables",Prescription Contacts,progressive_aug
"contacts | disposables monthly prescription,",Prescription Contacts,progressive_aug
"contacts | prescription, monthly just disposables",Prescription Contacts,progressive_aug
Submitting for a diagnostic colonoscopy with polypectomy and biopsy for colorectal cancer screening,Colonoscopy,detailed_clinical
Submitting for a diagnostic colonoscopy with polypectomy and biopsy colorectal cancer screening,Colonoscopy,detailed_clinical_aug
Submitting a for diagnostic colonoscopy with polypectomy and biopsy for colorectal cancer screening,Colonoscopy,detailed_clinical_aug
Submitting um for a diagnostic colonoscopy with polypectomy and biopsy for colorectal cancer screening,Colonoscopy,detailed_clinical_aug
purchased an Omnipod 5 tubeless insulin pump system from my endocrinologist's office,Insulin infusion pump,brand_specific
purchased an Omnipod 5 tubeless pump system from my endocrinologist's office,Insulin infusion pump,brand_specific_aug
purchased an Omnipod 5 tubeless from pump system insulin my endocrinologist's office,Insulin infusion pump,brand_specific_aug
purchased an Omnipod 5 tubeless actually insulin pump system from my endocrinologist's office,Insulin infusion pump,brand_specific_aug
medic alert,Medic Alert Bracelet,vague_turn1
I think medic alert,Medic Alert Bracelet,vague_turn1_aug
"I got one of those metal frame things you pick up and move, no wheels on it",Walker - non wheeled (purchase),confused_student
"I got one of those metal frame things you pick up and move, no wheels on",Walker - non wheeled (purchase),confused_student_aug
"I move, one of those metal frame things you pick up and got no wheels on it",Walker - non wheeled (purchase),confused_student_aug
"I basically got one of those metal frame things you pick up and move, no wheels on it",Walker - non wheeled (purchase),confused_student_aug
"doctor give me paper for medical cannabis, I buy from special website, legal prescription",Medical Cannabis,esl_speaker
"doctor give paper for medical cannabis, I buy from special website, legal prescription",Medical Cannabis,esl_speaker_aug
"doctor give me paper for website, cannabis, I buy from special medical legal prescription",Medical Cannabis,esl_speaker_aug
"doctor give me paper for medical cannabis, I buy from special website, um legal prescription",Medical Cannabis,esl_speaker_aug
therapeutic footwear,Orthopaedic or custom made shoes,vague_turn1
therapeutic footwear um,Orthopaedic or custom made shoes,vague_turn1_aug
heating pad,Heat Therapy - Re-usable items (purchase),vague_turn1
like heating pad,Heat Therapy - Re-usable items (purchase),vague_turn1_aug
pre-authorization for dental work,Dental Estimate for Services,partial_turn2
pre-authorization work dental for,Dental Estimate for Services,partial_turn2_aug
pre-authorization for dental work so,Dental Estimate for Services,partial_turn2_aug
registered chiropractor,Chiropractic,partial_turn2
um registered chiropractor,Chiropractic,partial_turn2_aug
insulin thing | auto injector | I can't do manual needles,Insulin Gun (automatic),progressive
insulin thing | auto injector | I can't do needles,Insulin Gun (automatic),progressive_aug
insulin thing | auto manual | I can't do injector needles,Insulin Gun (automatic),progressive_aug
insulin thing | auto injector like | I can't do manual needles,Insulin Gun (automatic),progressive_aug
What category for occupational therapy sessions?,Occupational Therapy,question
What category for occupational sessions?,Occupational Therapy,question_aug
What category for therapy occupational sessions?,Occupational Therapy,question_aug
What category for occupational therapy like sessions?,Occupational Therapy,question_aug
I run a lot and my calves swell up so I got these sleeves that go from ankle to knee but have no feet,"Compression Calf Sleeves/Tights (footless), any length",storyteller
I run a lot and my calves swell up I got these sleeves that go from ankle to knee but have no feet,"Compression Calf Sleeves/Tights (footless), any length",storyteller_aug
go run a lot and my calves swell up so I got these sleeves that I from ankle to knee but have no feet,"Compression Calf Sleeves/Tights (footless), any length",storyteller_aug
I run a lot and my calves swell up so I so got these sleeves that go from ankle to knee but have no feet,"Compression Calf Sleeves/Tights (footless), any length",storyteller_aug
homeopath consultation treatment,Homeopathic Treatment,terse
um homeopath consultation treatment,Homeopathic Treatment,terse_aug
allergy blood work,Blood test for Allergies (IG test not eligible),partial_turn2
allergy blood actually work,Blood test for Allergies (IG test not eligible),partial_turn2_aug
physio rehab session,Physiotherapy,terse
like physio rehab session,Physiotherapy,terse_aug
x-ray done privately paid out of pocket,X-Ray,partial_turn2
x-ray done privately out of pocket,X-Ray,partial_turn2_aug
x-ray done of paid out privately pocket,X-Ray,partial_turn2_aug
x-ray done privately just paid out of pocket,X-Ray,partial_turn2_aug
neck pillow,Cervical Pillow,vague_turn1
like neck pillow,Cervical Pillow,vague_turn1_aug
seeing a social worker | masters degree | different from bachelors,Social Worker (Masters level),progressive
seeing a social worker | masters degree different from bachelors,Social Worker (Masters level),progressive_aug
seeing a different worker | masters degree | social from bachelors,Social Worker (Masters level),progressive_aug
seeing a social worker | masters degree | different from just bachelors,Social Worker (Masters level),progressive_aug
started Invisalign treatment at Village Orthodontics and need to claim the initial fee,Orthodontic Services (Braces - initial and monthly fee),brand_specific
started Invisalign treatment at Village Orthodontics and need to the initial fee,Orthodontic Services (Braces - initial and monthly fee),brand_specific_aug
started Invisalign treatment at Village Orthodontics fee need to claim the initial and,Orthodontic Services (Braces - initial and monthly fee),brand_specific_aug
started Invisalign actually treatment at Village Orthodontics and need to claim the initial fee,Orthodontic Services (Braces - initial and monthly fee),brand_specific_aug
back treatment | chiropractic adjustments | for my disc,Chiropractic,progressive
back treatment | adjustments | for my disc,Chiropractic,progressive_aug
treatment back | chiropractic adjustments | for my disc,Chiropractic,progressive_aug
back treatment | basically chiropractic adjustments | for my disc,Chiropractic,progressive_aug
special stockings they made for me,"Compression Stockings, custom, any length",vague_turn1
special stockings they for me,"Compression Stockings, custom, any length",vague_turn1_aug
special stockings made they for me,"Compression Stockings, custom, any length",vague_turn1_aug
special um stockings they made for me,"Compression Stockings, custom, any length",vague_turn1_aug
"I saw a kinesiologist, I can't find that in the category list anywhere",Other health specialists,confused_student
"I saw a kinesiologist, I can't find that in the category anywhere",Other health specialists,confused_student_aug
"I saw a find I can't kinesiologist, that in the category list anywhere",Other health specialists,confused_student_aug
"I saw a kinesiologist, I can't find that actually in the category list anywhere",Other health specialists,confused_student_aug
booking massage therapy for my spouse's chronic shoulder tension,Massage,parent_or_dependent
booking massage therapy for my spouse's chronic tension,Massage,parent_or_dependent_aug
therapy massage booking for my spouse's chronic shoulder tension,Massage,parent_or_dependent_aug
booking massage therapy for my spouse's chronic shoulder I think tension,Massage,parent_or_dependent_aug
eye appointment,Eye Exam,vague_turn1
eye appointment so,Eye Exam,vague_turn1_aug
optometrist | annual checkup | not buying anything,Eye Exam,progressive
optometrist | annual checkup | not buying,Eye Exam,progressive_aug
optometrist | buying checkup | not annual anything,Eye Exam,progressive_aug
optometrist | um annual checkup | not buying anything,Eye Exam,progressive_aug
"I selected 'Eye Exam' but this was actually a diagnostic test for glaucoma, not a regular exam",Diagnostic Vision Test,wrong_guess
"I selected 'Eye Exam' but this was actually a diagnostic for glaucoma, not a regular exam",Diagnostic Vision Test,wrong_guess_aug
"I selected 'Eye Exam' but this was actually for diagnostic test a glaucoma, not a regular exam",Diagnostic Vision Test,wrong_guess_aug
"I selected 'Eye Exam' but this was actually a diagnostic test for glaucoma, not a I think regular exam",Diagnostic Vision Test,wrong_guess_aug
allergy test,Scratch Test for Allergies,vague_turn1
so allergy test,Scratch Test for Allergies,vague_turn1_aug
crutches | regular pair | not the elbow cuff type,"Crutches, pair",progressive
crutches | regular pair | not the elbow type,"Crutches, pair",progressive_aug
crutches | regular | pair not the elbow cuff type,"Crutches, pair",progressive_aug
crutches | regular pair actually | not the elbow cuff type,"Crutches, pair",progressive_aug
attaches to the side of the bed,Bed Rails (purchase),partial_turn2
attaches to side of the bed,Bed Rails (purchase),partial_turn2_aug
attaches the the side of to bed,Bed Rails (purchase),partial_turn2_aug
attaches to the side of the bed so,Bed Rails (purchase),partial_turn2_aug
bachelor degree social worker,Social Worker (Bachelors),partial_turn2
bachelor worker social degree,Social Worker (Bachelors),partial_turn2_aug
bachelor degree social worker actually,Social Worker (Bachelors),partial_turn2_aug
bought Juzo Soft thigh-high 15-20 mmHg with open toe from HealthKart,"Compression Stockings, thigh/full (15-19 mmhg)",brand_specific
bought Juzo Soft thigh-high mmHg with open toe from HealthKart,"Compression Stockings, thigh/full (15-19 mmhg)",brand_specific_aug
bought 15-20 Soft thigh-high Juzo mmHg with open toe from HealthKart,"Compression Stockings, thigh/full (15-19 mmhg)",brand_specific_aug
bought Juzo Soft thigh-high 15-20 mmHg with open toe just from HealthKart,"Compression Stockings, thigh/full (15-19 mmhg)",brand_specific_aug
private ultrasound | gel scan | diagnostic not MRI,Ultrasound,progressive
private ultrasound | gel scan | diagnostic not,Ultrasound,progressive_aug
private ultrasound | gel scan | MRI not diagnostic,Ultrasound,progressive_aug
private ultrasound | gel scan actually | diagnostic not MRI,Ultrasound,progressive_aug
Where do I submit a claim for shoes that were custom-made for my foot condition?,Orthopaedic or custom made shoes,question
Where do I submit a claim for shoes that were custom-made for foot condition?,Orthopaedic or custom made shoes,question_aug
Where do a submit I claim for shoes that were custom-made for my foot condition?,Orthopaedic or custom made shoes,question_aug
Where so do I submit a claim for shoes that were custom-made for my foot condition?,Orthopaedic or custom made shoes,question_aug
the cuff I use at home,Blood pressure monitor,partial_turn2
the cuff I use at,Blood pressure monitor,partial_turn2_aug
I cuff the use at home,Blood pressure monitor,partial_turn2_aug
the cuff I just use at home,Blood pressure monitor,partial_turn2_aug
counselling sessions,Clinical Counsellor,vague_turn1
counselling just sessions,Clinical Counsellor,vague_turn1_aug
"I have the compression stocking that go high to my leg top, 25 mmhg pressure","Compression Stockings, thigh/full (20-29 mmhg)",esl_speaker
"I have the compression stocking that go to my leg top, 25 mmhg pressure","Compression Stockings, thigh/full (20-29 mmhg)",esl_speaker_aug
"I have the pressure stocking that go high to my leg top, 25 mmhg compression","Compression Stockings, thigh/full (20-29 mmhg)",esl_speaker_aug
"I have the compression stocking that go high like to my leg top, 25 mmhg pressure","Compression Stockings, thigh/full (20-29 mmhg)",esl_speaker_aug
fiberglass cast fracture,"Cast, fiberglass",terse
fiberglass cast I think fracture,"Cast, fiberglass",terse_aug
"my social worker she have master degree, MSW, she do therapy for my stress",Social Worker (Masters level),esl_speaker
"my worker she have master degree, MSW, she do therapy for my stress",Social Worker (Masters level),esl_speaker_aug
"my social worker she have master degree, MSW, she for therapy do my stress",Social Worker (Masters level),esl_speaker_aug
"my social worker she have master degree, MSW, she I think do therapy for my stress",Social Worker (Masters level),esl_speaker_aug
the blowing device,Peak Flow Meter,vague_turn1
the basically blowing device,Peak Flow Meter,vague_turn1_aug
Which option do I select for compression stockings that are under 14 mmHg?,"Compression Stockings, any length (up to 14 mmhg)",question
Which option do I select for compression stockings that are 14 mmHg?,"Compression Stockings, any length (up to 14 mmhg)",question_aug
Which option do that select for compression stockings I are under 14 mmHg?,"Compression Stockings, any length (up to 14 mmhg)",question_aug
Which option do I select for compression stockings that are I think under 14 mmHg?,"Compression Stockings, any length (up to 14 mmhg)",question_aug
"they took my blood to check what I'm allergic to, like food and pollen allergies",Blood test for Allergies (IG test not eligible),confused_student
"took my blood to check what I'm allergic to, like food and pollen allergies",Blood test for Allergies (IG test not eligible),confused_student_aug
"they what my blood to check took I'm allergic to, like food and pollen allergies",Blood test for Allergies (IG test not eligible),confused_student_aug
"they took my blood to check what I'm allergic to, just like food and pollen allergies",Blood test for Allergies (IG test not eligible),confused_student_aug
Claiming a quantitative serum PSA assay for prostate cancer screening,PSA Test (Prostate Specific Antigen),detailed_clinical
Claiming a quantitative serum PSA assay for cancer screening,PSA Test (Prostate Specific Antigen),detailed_clinical_aug
Claiming quantitative a serum PSA assay for prostate cancer screening,PSA Test (Prostate Specific Antigen),detailed_clinical_aug
like Claiming a quantitative serum PSA assay for prostate cancer screening,PSA Test (Prostate Specific Antigen),detailed_clinical_aug
"not off the shelf, fitted specially",Custom made foot orthotics,partial_turn2
"not the shelf, fitted specially",Custom made foot orthotics,partial_turn2_aug
"not off the specially fitted shelf,",Custom made foot orthotics,partial_turn2_aug
"not off the just shelf, fitted specially",Custom made foot orthotics,partial_turn2_aug
ovarian marker test | blood drawn | gynecologist ordered,CA-125 (Cancer Antigen) Test,progressive
ovarian marker test blood drawn | gynecologist ordered,CA-125 (Cancer Antigen) Test,progressive_aug
ovarian marker test | drawn blood | gynecologist ordered,CA-125 (Cancer Antigen) Test,progressive_aug
ovarian marker test | just blood drawn | gynecologist ordered,CA-125 (Cancer Antigen) Test,progressive_aug
medical supply | specialized | not in the regular list,Other medical items,progressive
supply | specialized | not in the regular list,Other medical items,progressive_aug
medical specialized | supply | not in the regular list,Other medical items,progressive_aug
medical supply | specialized | not in the just regular list,Other medical items,progressive_aug
hearing aids | both ears | fitted at audiologist,Hearing Aids,progressive
aids | both ears | fitted at audiologist,Hearing Aids,progressive_aug
hearing aids fitted both ears | | at audiologist,Hearing Aids,progressive_aug
hearing aids basically | both ears | fitted at audiologist,Hearing Aids,progressive_aug
frame that goes around the toilet,Versa Frame (purchase),partial_turn2
frame that goes the toilet,Versa Frame (purchase),partial_turn2_aug
frame around goes that the toilet,Versa Frame (purchase),partial_turn2_aug
frame that goes around the actually toilet,Versa Frame (purchase),partial_turn2_aug
dental work after injury,Dental Accident,partial_turn2
after work dental injury,Dental Accident,partial_turn2_aug
so dental work after injury,Dental Accident,partial_turn2_aug
went to the optometrist,Eye Exam,vague_turn1
to went the optometrist,Eye Exam,vague_turn1_aug
went to um the optometrist,Eye Exam,vague_turn1_aug
"my daughter needs new prescription glasses, her eyes got worse since last year",Prescription Glasses,parent_or_dependent
"my daughter needs new prescription glasses, her eyes got worse last year",Prescription Glasses,parent_or_dependent_aug
"my daughter needs new prescription glasses, her eyes year worse since last got",Prescription Glasses,parent_or_dependent_aug
"my daughter needs new prescription glasses, her I think eyes got worse since last year",Prescription Glasses,parent_or_dependent_aug
blood allergy test | drew blood | checked multiple allergens,Blood test for Allergies (IG test not eligible),progressive
blood allergy test | drew blood | checked allergens,Blood test for Allergies (IG test not eligible),progressive_aug
blood allergy test | checked blood | drew multiple allergens,Blood test for Allergies (IG test not eligible),progressive_aug
blood allergy test actually | drew blood | checked multiple allergens,Blood test for Allergies (IG test not eligible),progressive_aug
wheeled walker | seat and basket | my father needs it,Walker - with wheels (purchase),progressive
wheeled | seat and basket | my father needs it,Walker - with wheels (purchase),progressive_aug
wheeled walker basket seat and | | my father needs it,Walker - with wheels (purchase),progressive_aug
wheeled walker | seat and basket | my father needs it um,Walker - with wheels (purchase),progressive_aug
retinal scan diagnostic test,Diagnostic Vision Test,terse
retinal scan test diagnostic,Diagnostic Vision Test,terse_aug
retinal basically scan diagnostic test,Diagnostic Vision Test,terse_aug
need to claim knee-high 18 mmhg compression stockings for my daughter's circulation issues,"Compression Stockings, knee length (15-19 mmhg)",parent_or_dependent
need to claim knee-high 18 mmhg compression stockings for my daughter's issues,"Compression Stockings, knee length (15-19 mmhg)",parent_or_dependent_aug
need to claim knee-high mmhg 18 compression stockings for my daughter's circulation issues,"Compression Stockings, knee length (15-19 mmhg)",parent_or_dependent_aug
need to claim knee-high 18 mmhg compression stockings for just my daughter's circulation issues,"Compression Stockings, knee length (15-19 mmhg)",parent_or_dependent_aug
more than a regular checkup,Diagnostic Vision Test,partial_turn2
more a regular checkup,Diagnostic Vision Test,partial_turn2_aug
more regular a than checkup,Diagnostic Vision Test,partial_turn2_aug
more than a like regular checkup,Diagnostic Vision Test,partial_turn2_aug
wearable insulin device | not the injection kind | attached to my side,Insulin infusion pump,progressive
wearable insulin device | not injection kind | attached to my side,Insulin infusion pump,progressive_aug
wearable injection device | not the insulin kind | attached to my side,Insulin infusion pump,progressive_aug
wearable insulin device | not the injection kind | attached basically to my side,Insulin infusion pump,progressive_aug
CGM sensors refill,Glucose Monitoring System Supplies/Sensors,terse
CGM I think sensors refill,Glucose Monitoring System Supplies/Sensors,terse_aug
"not regular shoes, therapeutic",Orthopaedic or custom made shoes,partial_turn2
"not therapeutic shoes, regular",Orthopaedic or custom made shoes,partial_turn2_aug
"not basically regular shoes, therapeutic",Orthopaedic or custom made shoes,partial_turn2_aug
medical item | doesn't fit any specific category | for my condition,Other medical items,progressive
medical item | doesn't any specific category | for my condition,Other medical items,progressive_aug
medical item | specific fit any doesn't category | for my condition,Other medical items,progressive_aug
medical item | doesn't fit any specific actually category | for my condition,Other medical items,progressive_aug
medic alert for my allergy,Medic Alert Bracelet,partial_turn2
medic alert my allergy,Medic Alert Bracelet,partial_turn2_aug
medic alert allergy my for,Medic Alert Bracelet,partial_turn2_aug
medic alert for my just allergy,Medic Alert Bracelet,partial_turn2_aug
claiming shoe modifications for my child's shoes to correct his gait issue,Other foot care services (i.e. orthopedic shoe modification),parent_or_dependent
claiming shoe modifications for my child's shoes to correct gait issue,Other foot care services (i.e. orthopedic shoe modification),parent_or_dependent_aug
my shoe modifications for claiming child's shoes to correct his gait issue,Other foot care services (i.e. orthopedic shoe modification),parent_or_dependent_aug
claiming shoe modifications for my child's shoes to correct his so gait issue,Other foot care services (i.e. orthopedic shoe modification),parent_or_dependent_aug
AT not physiotherapist,Athletic Therapy,partial_turn2
AT basically not physiotherapist,Athletic Therapy,partial_turn2_aug
had OT sessions at Ottawa Hand Therapy Clinic for my carpal tunnel rehab,Occupational Therapy,brand_specific
had OT sessions at Ottawa Hand Therapy Clinic for my tunnel rehab,Occupational Therapy,brand_specific_aug
had Clinic sessions at Ottawa Hand Therapy OT for my carpal tunnel rehab,Occupational Therapy,brand_specific_aug
had OT sessions at I think Ottawa Hand Therapy Clinic for my carpal tunnel rehab,Occupational Therapy,brand_specific_aug
work glasses,Safety Glasses,vague_turn1
work just glasses,Safety Glasses,vague_turn1_aug
medical wig,Wig,vague_turn1
medical wig just,Wig,vague_turn1_aug
post mastectomy bra | prosthesis pocket | after my surgery,Mastectomy bra,progressive
post mastectomy bra | pocket | after my surgery,Mastectomy bra,progressive_aug
post prosthesis bra | mastectomy pocket | after my surgery,Mastectomy bra,progressive_aug
post mastectomy bra | prosthesis like pocket | after my surgery,Mastectomy bra,progressive_aug
bed safety bars,Bed Rails (purchase),vague_turn1
bed I think safety bars,Bed Rails (purchase),vague_turn1_aug
ordered Sigvaris Essential Opaque knee-high 30-40 mmHg through my clinic,"Compression Stockings, knee length (30 mmhg & over)",brand_specific
ordered Sigvaris Opaque knee-high 30-40 mmHg through my clinic,"Compression Stockings, knee length (30 mmhg & over)",brand_specific_aug
ordered Sigvaris through Opaque knee-high 30-40 mmHg Essential my clinic,"Compression Stockings, knee length (30 mmhg & over)",brand_specific_aug
ordered Sigvaris Essential Opaque knee-high 30-40 mmHg just through my clinic,"Compression Stockings, knee length (30 mmhg & over)",brand_specific_aug
Submitting for a serum Cancer Antigen 125 quantitative assay for ovarian malignancy surveillance,CA-125 (Cancer Antigen) Test,detailed_clinical
Submitting for a serum Cancer Antigen 125 quantitative assay ovarian malignancy surveillance,CA-125 (Cancer Antigen) Test,detailed_clinical_aug
Submitting for a serum Cancer 125 Antigen quantitative assay for ovarian malignancy surveillance,CA-125 (Cancer Antigen) Test,detailed_clinical_aug
Submitting for a serum Cancer Antigen 125 quantitative assay for ovarian like malignancy surveillance,CA-125 (Cancer Antigen) Test,detailed_clinical_aug
"social worker | masters level, MSW",Social Worker (Masters level),progressive
"social worker | level, MSW",Social Worker (Masters level),progressive_aug
"social level, | masters worker MSW",Social Worker (Masters level),progressive_aug
"social worker | masters level, MSW I think",Social Worker (Masters level),progressive_aug
ear wax removal,Other hearing services,vague_turn1
like ear wax removal,Other hearing services,vague_turn1_aug
"I buy small machine that make air wet in my room, for my nose dry at night",Humidifier (Table Top),esl_speaker
"I buy small machine that make air wet in my room, for my nose at night",Humidifier (Table Top),esl_speaker_aug
"I buy small machine that make air wet in my room, night my nose dry at for",Humidifier (Table Top),esl_speaker_aug
"I buy like small machine that make air wet in my room, for my nose dry at night",Humidifier (Table Top),esl_speaker_aug
I selected 'Prescription Glasses' but I bought contacts not glasses,Prescription Contacts,wrong_guess
I 'Prescription Glasses' but I bought contacts not glasses,Prescription Contacts,wrong_guess_aug
not selected 'Prescription Glasses' but I bought contacts I glasses,Prescription Contacts,wrong_guess_aug
I selected 'Prescription Glasses' but I bought contacts I think not glasses,Prescription Contacts,wrong_guess_aug
basic walking cane for balance,"Cane, standard",partial_turn2
basic walking cane for,"Cane, standard",partial_turn2_aug
basic balance cane for walking,"Cane, standard",partial_turn2_aug
basic so walking cane for balance,"Cane, standard",partial_turn2_aug
diagnostic ultrasound privately,Ultrasound,partial_turn2
diagnostic ultrasound privately basically,Ultrasound,partial_turn2_aug
custom brace,"Brace, right knee (Custom)",vague_turn1
custom brace I think,"Brace, right knee (Custom)",vague_turn1_aug
"I got these tight leg things but they don't have the foot part, what do I pick?","Compression Calf Sleeves/Tights (footless), any length",confused_student
"I got these tight leg things but they don't have the foot part, what do pick?","Compression Calf Sleeves/Tights (footless), any length",confused_student_aug
"I got do tight leg things but they don't have the foot part, what these I pick?","Compression Calf Sleeves/Tights (footless), any length",confused_student_aug
"I um got these tight leg things but they don't have the foot part, what do I pick?","Compression Calf Sleeves/Tights (footless), any length",confused_student_aug
reusable ice pack not single use,Cold Therapy - Re-usable Items (purchase),partial_turn2
reusable pack not single use,Cold Therapy - Re-usable Items (purchase),partial_turn2_aug
reusable ice pack single not use,Cold Therapy - Re-usable Items (purchase),partial_turn2_aug
reusable ice pack like not single use,Cold Therapy - Re-usable Items (purchase),partial_turn2_aug
My physio uses a TENS machine in sessions and said I should buy my own for home use to help manage my chronic back pain,"Stimulator, muscle/nerve (TENS)",storyteller
My uses a TENS machine in sessions and said I should buy my own for home use to help manage my chronic back pain,"Stimulator, muscle/nerve (TENS)",storyteller_aug
My physio uses a TENS machine in sessions and said I should buy my use for home own to help manage my chronic back pain,"Stimulator, muscle/nerve (TENS)",storyteller_aug
My physio uses a TENS machine in sessions and said I should buy my own for home use to help manage actually my chronic back pain,"Stimulator, muscle/nerve (TENS)",storyteller_aug
ambulatory BP monitoring,Ambulatory Blood Pressure Test,partial_turn2
ambulatory BP just monitoring,Ambulatory Blood Pressure Test,partial_turn2_aug
the display for my glucose sensor,Glucose Monitoring System Receiver,vague_turn1
display for my glucose sensor,Glucose Monitoring System Receiver,vague_turn1_aug
the display my for glucose sensor,Glucose Monitoring System Receiver,vague_turn1_aug
the display for my glucose sensor basically,Glucose Monitoring System Receiver,vague_turn1_aug
bought a basic non-wheeled walker for my elderly mother after her hip replacement,Walker - non wheeled (purchase),parent_or_dependent
bought a basic non-wheeled walker for my elderly mother after her replacement,Walker - non wheeled (purchase),parent_or_dependent_aug
bought a basic after walker for my elderly mother non-wheeled her hip replacement,Walker - non wheeled (purchase),parent_or_dependent_aug
bought basically a basic non-wheeled walker for my elderly mother after her hip replacement,Walker - non wheeled (purchase),parent_or_dependent_aug
I went to get a special brace built for my left knee specifically,"Brace, left knee (Custom)",confused_student
I went to get a special built for my left knee specifically,"Brace, left knee (Custom)",confused_student_aug
I went to get a knee brace built for my left special specifically,"Brace, left knee (Custom)",confused_student_aug
I like went to get a special brace built for my left knee specifically,"Brace, left knee (Custom)",confused_student_aug
impressions and xrays for orthodontic planning,Other Orthodontic/Dental Services (i.e. orthodontic records),partial_turn2
and xrays for orthodontic planning,Other Orthodontic/Dental Services (i.e. orthodontic records),partial_turn2_aug
for and xrays impressions orthodontic planning,Other Orthodontic/Dental Services (i.e. orthodontic records),partial_turn2_aug
so impressions and xrays for orthodontic planning,Other Orthodontic/Dental Services (i.e. orthodontic records),partial_turn2_aug
the really firm long ones,"Compression Stockings, thigh/full (30 mmhg & over)",vague_turn1
the really firm ones,"Compression Stockings, thigh/full (30 mmhg & over)",vague_turn1_aug
the ones firm long really,"Compression Stockings, thigh/full (30 mmhg & over)",vague_turn1_aug
the really firm long ones just,"Compression Stockings, thigh/full (30 mmhg & over)",vague_turn1_aug
"I accidentally submitted under knee-length last time but these go up to my thighs, 18 mmhg, please help","Compression Stockings, thigh/full (15-19 mmhg)",complaint
"I accidentally submitted under knee-length last time but these go up to my 18 mmhg, please help","Compression Stockings, thigh/full (15-19 mmhg)",complaint_aug
"I accidentally submitted under knee-length last time but these go up my to thighs, 18 mmhg, please help","Compression Stockings, thigh/full (15-19 mmhg)",complaint_aug
"I accidentally submitted under knee-length last time but these go up to my thighs, actually 18 mmhg, please help","Compression Stockings, thigh/full (15-19 mmhg)",complaint_aug
claiming a post-mastectomy bra for my mother after her breast cancer surgery,Mastectomy bra,parent_or_dependent
claiming a post-mastectomy bra for my after her breast cancer surgery,Mastectomy bra,parent_or_dependent_aug
claiming mother post-mastectomy bra for my a after her breast cancer surgery,Mastectomy bra,parent_or_dependent_aug
claiming a post-mastectomy bra for my mother after her breast just cancer surgery,Mastectomy bra,parent_or_dependent_aug
Claiming bilateral graduated compression arm sleeves for post-mastectomy lymphedema management,Other garment brace services (i.e. compression gloves),detailed_clinical
Claiming bilateral graduated compression arm sleeves for post-mastectomy management,Other garment brace services (i.e. compression gloves),detailed_clinical_aug
Claiming bilateral sleeves compression arm graduated for post-mastectomy lymphedema management,Other garment brace services (i.e. compression gloves),detailed_clinical_aug
Claiming I think bilateral graduated compression arm sleeves for post-mastectomy lymphedema management,Other garment brace services (i.e. compression gloves),detailed_clinical_aug
CPAP mask replacement,"CPAP, APAP, BIPAP Mask",terse
CPAP mask replacement like,"CPAP, APAP, BIPAP Mask",terse_aug
brain scan,MRI (Magnetic Resonance Imaging),vague_turn1
just brain scan,MRI (Magnetic Resonance Imaging),vague_turn1_aug
small humidifier for my breathing,Humidifier (Table Top),partial_turn2
small for my breathing,Humidifier (Table Top),partial_turn2_aug
breathing humidifier for my small,Humidifier (Table Top),partial_turn2_aug
small humidifier um for my breathing,Humidifier (Table Top),partial_turn2_aug
foot insoles,Custom made foot orthotics,vague_turn1
foot insoles just,Custom made foot orthotics,vague_turn1_aug
"is a glucometer the same as a glucose monitoring system? mine just does finger pricks, no sensors",Blood glucose meter,complaint
"is a glucometer the same as a glucose monitoring system? mine just does pricks, no sensors",Blood glucose meter,complaint_aug
"is a glucometer the same as a does monitoring system? mine just glucose finger pricks, no sensors",Blood glucose meter,complaint_aug
"is a glucometer the same as a um glucose monitoring system? mine just does finger pricks, no sensors",Blood glucose meter,complaint_aug
"not a regular exam, a special scan",Diagnostic Vision Test,partial_turn2
"not a exam, a special scan",Diagnostic Vision Test,partial_turn2_aug
"not regular a exam, a special scan",Diagnostic Vision Test,partial_turn2_aug
"not a regular just exam, a special scan",Diagnostic Vision Test,partial_turn2_aug
the molded earplugs,Ear Plugs (custom made),vague_turn1
basically the molded earplugs,Ear Plugs (custom made),vague_turn1_aug
"I need TB test for my school, they put small injection in arm and check after 2 day",TB Test/Mantoux,esl_speaker
"I need TB test for my school, they put small injection in arm check after 2 day",TB Test/Mantoux,esl_speaker_aug
"they need TB test for my school, I put small injection in arm and check after 2 day",TB Test/Mantoux,esl_speaker_aug
"I need TB test for my basically school, they put small injection in arm and check after 2 day",TB Test/Mantoux,esl_speaker_aug
had custom orthotics made at Kintec using Paris Orthotics lab fabrication,Custom made foot orthotics,brand_specific
had orthotics made at Kintec using Paris Orthotics lab fabrication,Custom made foot orthotics,brand_specific_aug
lab custom orthotics made at Kintec using Paris Orthotics had fabrication,Custom made foot orthotics,brand_specific_aug
had custom orthotics made at Kintec using like Paris Orthotics lab fabrication,Custom made foot orthotics,brand_specific_aug
toilet assist frame,Versa Frame (purchase),partial_turn2
I think toilet assist frame,Versa Frame (purchase),partial_turn2_aug
other ear service,Other hearing services,vague_turn1
um other ear service,Other hearing services,vague_turn1_aug
Where do I claim a urinal purchased for home use?,Urinal (purchase),question
Where do I claim a urinal purchased home use?,Urinal (purchase),question_aug
Where do I home a urinal purchased for claim use?,Urinal (purchase),question_aug
Where do I actually claim a urinal purchased for home use?,Urinal (purchase),question_aug
mental health appointment,Psychologist,vague_turn1
I think mental health appointment,Psychologist,vague_turn1_aug
"the transmitter is NOT the sensor, it's the reusable part that clips on, why are there four separate categories for this",Glucose Monitoring System Transmitter,complaint
"the transmitter is NOT the sensor, it's the reusable part that clips on, why are there separate categories for this",Glucose Monitoring System Transmitter,complaint_aug
"the transmitter is NOT the sensor, it's part reusable the that clips on, why are there four separate categories for this",Glucose Monitoring System Transmitter,complaint_aug
"the transmitter is NOT the sensor, it's the reusable part that clips on, why are there four separate so categories for this",Glucose Monitoring System Transmitter,complaint_aug
bought a BIPAP machine for my husband who was just diagnosed with sleep apnea,"CPAP, APAP, BIPAP Machine",parent_or_dependent
bought a BIPAP machine for my husband who was diagnosed with sleep apnea,"CPAP, APAP, BIPAP Machine",parent_or_dependent_aug
bought a BIPAP machine for my husband who was sleep diagnosed with just apnea,"CPAP, APAP, BIPAP Machine",parent_or_dependent_aug
bought a BIPAP machine for my husband who was just actually diagnosed with sleep apnea,"CPAP, APAP, BIPAP Machine",parent_or_dependent_aug
I got one of those bracelets that says what medical conditions I have in case of emergency,Medic Alert Bracelet,confused_student
I got one of those bracelets that says what medical I have in case of emergency,Medic Alert Bracelet,confused_student_aug
I got one of those bracelets that medical what says conditions I have in case of emergency,Medic Alert Bracelet,confused_student_aug
I got one of just those bracelets that says what medical conditions I have in case of emergency,Medic Alert Bracelet,confused_student_aug
employer requires them,Safety Glasses,partial_turn2
employer um requires them,Safety Glasses,partial_turn2_aug
CGM supplies,Glucose Monitoring System Supplies/Sensors,vague_turn1
CGM so supplies,Glucose Monitoring System Supplies/Sensors,vague_turn1_aug
RMT session,Massage,vague_turn1
like RMT session,Massage,vague_turn1_aug
leg socks | goes to my knee | not the tightest kind,"Compression Stockings, knee length (15-19 mmhg)",progressive
leg socks | goes to my knee | not tightest kind,"Compression Stockings, knee length (15-19 mmhg)",progressive_aug
leg socks kind goes to my knee | not the tightest |,"Compression Stockings, knee length (15-19 mmhg)",progressive_aug
leg socks | goes to my knee | not the just tightest kind,"Compression Stockings, knee length (15-19 mmhg)",progressive_aug
leg socks | knee length | the firm kind my doctor prescribed,"Compression Stockings, knee length (20-29 mmhg)",progressive
leg socks | knee length | firm kind my doctor prescribed,"Compression Stockings, knee length (20-29 mmhg)",progressive_aug
leg socks | knee length | the kind firm my doctor prescribed,"Compression Stockings, knee length (20-29 mmhg)",progressive_aug
so leg socks | knee length | the firm kind my doctor prescribed,"Compression Stockings, knee length (20-29 mmhg)",progressive_aug
bought a reusable ice wrap for my daughter's knee after her volleyball game,Cold Therapy - Re-usable Items (purchase),parent_or_dependent
bought a reusable ice wrap for my daughter's knee after volleyball game,Cold Therapy - Re-usable Items (purchase),parent_or_dependent_aug
bought a reusable ice wrap for her daughter's knee after my volleyball game,Cold Therapy - Re-usable Items (purchase),parent_or_dependent_aug
bought a reusable ice wrap for my daughter's knee after her volleyball like game,Cold Therapy - Re-usable Items (purchase),parent_or_dependent_aug
microwaveable heat wrap,Heat Therapy - Re-usable items (purchase),partial_turn2
microwaveable heat just wrap,Heat Therapy - Re-usable items (purchase),partial_turn2_aug
"I go to foot doctor, she is chiropodist, she cut nail and treat hard skin on foot",Chiropody (Foot Care) Treatment,esl_speaker
"I go to foot doctor, she is chiropodist, she cut nail and treat skin on foot",Chiropody (Foot Care) Treatment,esl_speaker_aug
"I go to foot hard she is chiropodist, she cut nail and treat doctor, skin on foot",Chiropody (Foot Care) Treatment,esl_speaker_aug
"I go to foot doctor, she is chiropodist, she um cut nail and treat hard skin on foot",Chiropody (Foot Care) Treatment,esl_speaker_aug
I picked 'Other vision services' but I just bought regular prescription glasses,Prescription Glasses,wrong_guess
I picked vision services' but I just bought regular prescription glasses,Prescription Glasses,wrong_guess_aug
I picked 'Other vision services' but I bought just regular prescription glasses,Prescription Glasses,wrong_guess_aug
I picked 'Other actually vision services' but I just bought regular prescription glasses,Prescription Glasses,wrong_guess_aug
auto insulin gun,Insulin Gun (automatic),terse
auto so insulin gun,Insulin Gun (automatic),terse_aug
SLP session,Speech Therapy,vague_turn1
SLP session I think,Speech Therapy,vague_turn1_aug
"the nasal mask, needs replacing","CPAP, APAP, BIPAP Mask",partial_turn2
"the nasal mask, replacing","CPAP, APAP, BIPAP Mask",partial_turn2_aug
"needs nasal mask, the replacing","CPAP, APAP, BIPAP Mask",partial_turn2_aug
"the nasal mask, like needs replacing","CPAP, APAP, BIPAP Mask",partial_turn2_aug
purchased Phonak Audeo Paradise hearing aids from Connect Hearing,Hearing Aids,brand_specific
purchased Phonak Audeo Paradise hearing aids from Connect,Hearing Aids,brand_specific_aug
purchased Phonak from Paradise hearing aids Audeo Connect Hearing,Hearing Aids,brand_specific_aug
purchased Phonak Audeo so Paradise hearing aids from Connect Hearing,Hearing Aids,brand_specific_aug
purchased a Hugo Adjustable Derby cane from Pharma Plus,"Cane, standard",brand_specific
purchased a Hugo Derby cane from Pharma Plus,"Cane, standard",brand_specific_aug
purchased cane Hugo Adjustable Derby a from Pharma Plus,"Cane, standard",brand_specific_aug
purchased a Hugo Adjustable Derby cane from actually Pharma Plus,"Cane, standard",brand_specific_aug
Claiming a dual-channel transcutaneous electrical nerve stimulation unit with adjustable frequency and intensity,"Stimulator, muscle/nerve (TENS)",detailed_clinical
Claiming a dual-channel transcutaneous electrical stimulation unit with adjustable frequency and intensity,"Stimulator, muscle/nerve (TENS)",detailed_clinical_aug
Claiming with dual-channel transcutaneous electrical nerve stimulation unit a adjustable frequency and intensity,"Stimulator, muscle/nerve (TENS)",detailed_clinical_aug
Claiming a dual-channel transcutaneous electrical nerve stimulation unit with adjustable frequency actually and intensity,"Stimulator, muscle/nerve (TENS)",detailed_clinical_aug
long term care,Nursing Home and Long Term Care,vague_turn1
long basically term care,Nursing Home and Long Term Care,vague_turn1_aug
"I need more of those sticky patches that read my sugar, they go on my arm",Glucose Monitoring System Supplies/Sensors,confused_student
"I need more of those sticky patches that my sugar, they go on my arm",Glucose Monitoring System Supplies/Sensors,confused_student_aug
"I need more of those sticky patches that read my go they sugar, on my arm",Glucose Monitoring System Supplies/Sensors,confused_student_aug
"I actually need more of those sticky patches that read my sugar, they go on my arm",Glucose Monitoring System Supplies/Sensors,confused_student_aug
purchased IMAK Compression Arthritis Gloves from Walmart,Other garment brace services (i.e. compression gloves),brand_specific
IMAK Compression Arthritis Gloves from Walmart,Other garment brace services (i.e. compression gloves),brand_specific_aug
purchased Gloves Compression Arthritis IMAK from Walmart,Other garment brace services (i.e. compression gloves),brand_specific_aug
purchased IMAK Compression um Arthritis Gloves from Walmart,Other garment brace services (i.e. compression gloves),brand_specific_aug
they injected something in my forearm and I have to go back in two days for them to check it,TB Test/Mantoux,confused_student
they injected something in my forearm I have to go back in two days for them to check it,TB Test/Mantoux,confused_student_aug
they injected something in my forearm and I have go to back in two days for them to check it,TB Test/Mantoux,confused_student_aug
I think they injected something in my forearm and I have to go back in two days for them to check it,TB Test/Mantoux,confused_student_aug
fiberglass cast they put on,"Cast, fiberglass",partial_turn2
fiberglass they put on,"Cast, fiberglass",partial_turn2_aug
put cast they fiberglass on,"Cast, fiberglass",partial_turn2_aug
fiberglass just cast they put on,"Cast, fiberglass",partial_turn2_aug
doesn't fit the listed categories,Other medical items,partial_turn2
doesn't fit the listed,Other medical items,partial_turn2_aug
doesn't listed the fit categories,Other medical items,partial_turn2_aug
doesn't like fit the listed categories,Other medical items,partial_turn2_aug
"I filed under 'knee length 20-29' but mine are actually 35 mmhg, need to fix this","Compression Stockings, knee length (30 mmhg & over)",wrong_guess
"I filed under 'knee length 20-29' but mine are actually mmhg, need to fix this","Compression Stockings, knee length (30 mmhg & over)",wrong_guess_aug
"I filed under 'knee length 20-29' actually mine are but 35 mmhg, need to fix this","Compression Stockings, knee length (30 mmhg & over)",wrong_guess_aug
"I filed under 'knee length 20-29' but mine are actually 35 mmhg, need to like fix this","Compression Stockings, knee length (30 mmhg & over)",wrong_guess_aug
lancets | tiny needles | for pricking finger to check blood sugar,Lancet,progressive
lancets | tiny needles | for pricking finger to check sugar,Lancet,progressive_aug
lancets | tiny needles for | pricking finger to check blood sugar,Lancet,progressive_aug
lancets | tiny needles so | for pricking finger to check blood sugar,Lancet,progressive_aug
BRCA screening,Screening (for DNA/Genetic purposes),partial_turn2
BRCA screening um,Screening (for DNA/Genetic purposes),partial_turn2_aug
the booth test with the beeping,Audiometric Exam,partial_turn2
the booth test the beeping,Audiometric Exam,partial_turn2_aug
with booth test the the beeping,Audiometric Exam,partial_turn2_aug
the booth test with the beeping actually,Audiometric Exam,partial_turn2_aug
Filing for a pure-tone and speech audiometric examination including tympanometry for hearing threshold assessment,Audiometric Exam,detailed_clinical
Filing for a pure-tone and audiometric examination including tympanometry for hearing threshold assessment,Audiometric Exam,detailed_clinical_aug
Filing for a speech and pure-tone audiometric examination including tympanometry for hearing threshold assessment,Audiometric Exam,detailed_clinical_aug
Filing for a pure-tone and um speech audiometric examination including tympanometry for hearing threshold assessment,Audiometric Exam,detailed_clinical_aug
air humidifier,Humidifier (Table Top),vague_turn1
like air humidifier,Humidifier (Table Top),vague_turn1_aug
"the actual machine, not the mask","CPAP, APAP, BIPAP Machine",partial_turn2
"the machine, not the mask","CPAP, APAP, BIPAP Machine",partial_turn2_aug
"the mask machine, not the actual","CPAP, APAP, BIPAP Machine",partial_turn2_aug
"so the actual machine, not the mask","CPAP, APAP, BIPAP Machine",partial_turn2_aug
"I use app on phone for CBT therapy, it is online program, not go to office, do at home",Digital Cognitive Behavioural Therapy,esl_speaker
"I use app on phone for CBT therapy, it is online program, not go to office, do home",Digital Cognitive Behavioural Therapy,esl_speaker_aug
"I use app on phone for CBT therapy, it is online program, not home to office, do at go",Digital Cognitive Behavioural Therapy,esl_speaker_aug
"I use app on phone for CBT therapy, it I think is online program, not go to office, do at home",Digital Cognitive Behavioural Therapy,esl_speaker_aug
rollator walker with wheels,Walker - with wheels (purchase),terse
rollator wheels with walker,Walker - with wheels (purchase),terse_aug
rollator um walker with wheels,Walker - with wheels (purchase),terse_aug
rolling commode | with wheels | not the stationary kind,Wheeled Commode (purchase),progressive
rolling commode | with wheels | not the stationary,Wheeled Commode (purchase),progressive_aug
rolling commode | the wheels | not with stationary kind,Wheeled Commode (purchase),progressive_aug
rolling commode | with wheels | not the just stationary kind,Wheeled Commode (purchase),progressive_aug
meds | prescription | chronic condition management,Drug,progressive
meds | prescription | chronic management,Drug,progressive_aug
meds | management | chronic condition prescription,Drug,progressive_aug
meds | prescription | chronic condition management just,Drug,progressive_aug
social work | she has her MSW | clinical level,Social Worker (Masters level),progressive
social work | she has her MSW clinical level,Social Worker (Masters level),progressive_aug
social work | she has her MSW | clinical level,Social Worker (Masters level),progressive_aug
social work | she has I think her MSW | clinical level,Social Worker (Masters level),progressive_aug
RMT for my injury,Massage,partial_turn2
RMT my for injury,Massage,partial_turn2_aug
RMT for my injury um,Massage,partial_turn2_aug
psychologist not just a counsellor,Psychologist,partial_turn2
psychologist just a counsellor,Psychologist,partial_turn2_aug
counsellor not just a psychologist,Psychologist,partial_turn2_aug
psychologist not just a basically counsellor,Psychologist,partial_turn2_aug
purchased BabyFirst audiometric screening package at HearingLife for my toddler,Audiometric Exam,brand_specific
purchased audiometric screening package at HearingLife for my toddler,Audiometric Exam,brand_specific_aug
toddler BabyFirst audiometric screening package at HearingLife for my purchased,Audiometric Exam,brand_specific_aug
purchased BabyFirst audiometric screening package at I think HearingLife for my toddler,Audiometric Exam,brand_specific_aug
Which category for a treatment session with a chiropodist for foot care?,Chiropody (Foot Care) Treatment,question
Which category for a treatment session with a chiropodist for care?,Chiropody (Foot Care) Treatment,question_aug
Which a for category treatment session with a chiropodist for foot care?,Chiropody (Foot Care) Treatment,question_aug
Which category for a treatment session with a chiropodist for foot I think care?,Chiropody (Foot Care) Treatment,question_aug
pump supplies | infusion sets and reservoirs | replace every few days,Insulin infusion pump supplies,progressive
supplies | infusion sets and reservoirs | replace every few days,Insulin infusion pump supplies,progressive_aug
pump supplies | replace sets and reservoirs | infusion every few days,Insulin infusion pump supplies,progressive_aug
pump supplies | infusion sets and reservoirs so | replace every few days,Insulin infusion pump supplies,progressive_aug
"wearable device, delivers insulin continuously",Insulin infusion pump,partial_turn2
"device, delivers insulin continuously",Insulin infusion pump,partial_turn2_aug
"wearable device, delivers continuously insulin",Insulin infusion pump,partial_turn2_aug
"wearable device, delivers insulin continuously um",Insulin infusion pump,partial_turn2_aug
registered clinical counsellor,Clinical Counsellor,partial_turn2
basically registered clinical counsellor,Clinical Counsellor,partial_turn2_aug
pure tone hearing test,Audiometric Exam,partial_turn2
test tone hearing pure,Audiometric Exam,partial_turn2_aug
like pure tone hearing test,Audiometric Exam,partial_turn2_aug
insulin injector,Insulin Gun (automatic),vague_turn1
insulin injector so,Insulin Gun (automatic),vague_turn1_aug
"I go to clinic to sleep one night, they put wire on me and watch how I breathe",Sleep Study,esl_speaker
"I go to clinic to sleep one night, they put wire on me and watch how I",Sleep Study,esl_speaker_aug
"put go to clinic to sleep one night, they I wire on me and watch how I breathe",Sleep Study,esl_speaker_aug
"I go to clinic to sleep one night, they put wire on me and watch how actually I breathe",Sleep Study,esl_speaker_aug
"the transmitter, not the sensor or receiver",Glucose Monitoring System Transmitter,partial_turn2
"the transmitter, not the sensor receiver",Glucose Monitoring System Transmitter,partial_turn2_aug
"the transmitter, not or sensor the receiver",Glucose Monitoring System Transmitter,partial_turn2_aug
"the transmitter, basically not the sensor or receiver",Glucose Monitoring System Transmitter,partial_turn2_aug
orthodontics,Orthodontic Services (Braces - initial and monthly fee),vague_turn1
like orthodontics,Orthodontic Services (Braces - initial and monthly fee),vague_turn1_aug
"really gentle, barely feel them","Compression Stockings, any length (up to 14 mmhg)",partial_turn2
really barely feel them,"Compression Stockings, any length (up to 14 mmhg)",partial_turn2_aug
"really them barely feel gentle,","Compression Stockings, any length (up to 14 mmhg)",partial_turn2_aug
"really gentle, barely feel like them","Compression Stockings, any length (up to 14 mmhg)",partial_turn2_aug
therapeutic footwear | not regular shoes | prescribed by doctor,Orthopaedic or custom made shoes,progressive
therapeutic footwear | not shoes | prescribed by doctor,Orthopaedic or custom made shoes,progressive_aug
therapeutic footwear | not shoes regular | prescribed by doctor,Orthopaedic or custom made shoes,progressive_aug
therapeutic footwear | not regular shoes basically | prescribed by doctor,Orthopaedic or custom made shoes,progressive_aug
other eye service,Other vision services (i.e. safety glasses),vague_turn1
other eye um service,Other vision services (i.e. safety glasses),vague_turn1_aug
ordered prescribed medical cannabis from Shoppers Cannabis Care online,Medical Cannabis,brand_specific
ordered prescribed medical cannabis from Shoppers Cannabis online,Medical Cannabis,brand_specific_aug
ordered prescribed medical online from Shoppers Cannabis Care cannabis,Medical Cannabis,brand_specific_aug
ordered prescribed medical cannabis just from Shoppers Cannabis Care online,Medical Cannabis,brand_specific_aug
"I picked 'knee length 15-19' but these are thigh-high, not knee-high","Compression Stockings, thigh/full (15-19 mmhg)",wrong_guess
"I 'knee length 15-19' but these are thigh-high, not knee-high","Compression Stockings, thigh/full (15-19 mmhg)",wrong_guess_aug
"knee-high picked 'knee length 15-19' but these are thigh-high, not I","Compression Stockings, thigh/full (15-19 mmhg)",wrong_guess_aug
"I um picked 'knee length 15-19' but these are thigh-high, not knee-high","Compression Stockings, thigh/full (15-19 mmhg)",wrong_guess_aug
medical wig hair loss,Wig,terse
medical loss hair wig,Wig,terse_aug
medical wig hair loss um,Wig,terse_aug
Where do I claim a standard single-point walking cane?,"Cane, standard",question
do I claim a standard single-point walking cane?,"Cane, standard",question_aug
I do Where claim a standard single-point walking cane?,"Cane, standard",question_aug
Where um do I claim a standard single-point walking cane?,"Cane, standard",question_aug
I picked 'Walker non wheeled' but mine actually has four wheels and brakes,Walker - with wheels (purchase),wrong_guess
I picked 'Walker non wheeled' but actually has four wheels and brakes,Walker - with wheels (purchase),wrong_guess_aug
I picked 'Walker non wheeled' wheels mine actually has four but and brakes,Walker - with wheels (purchase),wrong_guess_aug
I picked 'Walker non wheeled' but mine actually has actually four wheels and brakes,Walker - with wheels (purchase),wrong_guess_aug
speech pathologist,Speech Therapy,vague_turn1
like speech pathologist,Speech Therapy,vague_turn1_aug
CGM transmitter piece,Glucose Monitoring System Transmitter,terse
I think CGM transmitter piece,Glucose Monitoring System Transmitter,terse_aug
acupuncture session,Acupuncture,vague_turn1
actually acupuncture session,Acupuncture,vague_turn1_aug
foot doctor,Podiatry Treatment,vague_turn1
foot doctor like,Podiatry Treatment,vague_turn1_aug
"I go to therapy with psychotherapist, she is RP, registered psychotherapist, for my depression",Psychotherapist,esl_speaker
"I go to therapy with psychotherapist, she RP, registered psychotherapist, for my depression",Psychotherapist,esl_speaker_aug
"with go to therapy I psychotherapist, she is RP, registered psychotherapist, for my depression",Psychotherapist,esl_speaker_aug
"I go to therapy with psychotherapist, she is RP, registered psychotherapist, for my depression basically",Psychotherapist,esl_speaker_aug
pills,Drug,vague_turn1
pills like,Drug,vague_turn1_aug
medication | prescription from my doctor,Drug,progressive
medication | prescription from doctor,Drug,progressive_aug
doctor | prescription from my medication,Drug,progressive_aug
medication actually | prescription from my doctor,Drug,progressive_aug
"the doctor put a hard shell on my broken wrist, it's not plaster it's the lighter kind","Cast, fiberglass",confused_student
"the doctor put a hard shell on my broken wrist, not plaster it's the lighter kind","Cast, fiberglass",confused_student_aug
"on doctor put a hard shell the my broken wrist, it's not plaster it's the lighter kind","Cast, fiberglass",confused_student_aug
"the doctor put a actually hard shell on my broken wrist, it's not plaster it's the lighter kind","Cast, fiberglass",confused_student_aug
colonoscopy procedure paid privately,Colonoscopy,partial_turn2
privately procedure paid colonoscopy,Colonoscopy,partial_turn2_aug
colonoscopy procedure I think paid privately,Colonoscopy,partial_turn2_aug
My sensors last about 10 days each so I buy a three-month supply at a time and need to claim the box,Glucose Monitoring System Supplies/Sensors,storyteller
My sensors last about 10 days each so I buy a three-month supply at a time and need claim the box,Glucose Monitoring System Supplies/Sensors,storyteller_aug
My sensors last about 10 days each to I buy a three-month supply at a time and need so claim the box,Glucose Monitoring System Supplies/Sensors,storyteller_aug
My sensors last about 10 days each so I buy a three-month just supply at a time and need to claim the box,Glucose Monitoring System Supplies/Sensors,storyteller_aug
"my husband needed emergency medical services at the ski resort, not an ambulance ride",Other emergency services,parent_or_dependent
"my husband needed emergency medical services at the resort, not an ambulance ride",Other emergency services,parent_or_dependent_aug
"my husband needed emergency medical at services the ski resort, not an ambulance ride",Other emergency services,parent_or_dependent_aug
"my husband needed emergency medical services at the ski resort, not an just ambulance ride",Other emergency services,parent_or_dependent_aug
"I submitted under 'Insulin Pen Injector' but it's actually an automatic insulin gun, not a pen",Insulin Gun (automatic),wrong_guess
"I submitted under 'Insulin Injector' but it's actually an automatic insulin gun, not a pen",Insulin Gun (automatic),wrong_guess_aug
"I submitted actually 'Insulin Pen Injector' but it's under an automatic insulin gun, not a pen",Insulin Gun (automatic),wrong_guess_aug
"I submitted under 'Insulin Pen Injector' but it's actually an automatic basically insulin gun, not a pen",Insulin Gun (automatic),wrong_guess_aug
"I have a bag attached to my stomach for waste after my surgery, I need supplies for it",Ostomy,confused_student
"I have a attached to my stomach for waste after my surgery, I need supplies for it",Ostomy,confused_student_aug
"I have a bag attached to my I for waste after my surgery, stomach need supplies for it",Ostomy,confused_student_aug
"I have so a bag attached to my stomach for waste after my surgery, I need supplies for it",Ostomy,confused_student_aug
part of my glucose monitor,Glucose Monitoring System Transmitter,vague_turn1
part of my glucose,Glucose Monitoring System Transmitter,vague_turn1_aug
part of my monitor glucose,Glucose Monitoring System Transmitter,vague_turn1_aug
part of basically my glucose monitor,Glucose Monitoring System Transmitter,vague_turn1_aug
grab bars,Grab Bar/Bath Bar - permanent fixtures (purchase),vague_turn1
grab bars so,Grab Bar/Bath Bar - permanent fixtures (purchase),vague_turn1_aug
I hurt my shoulder playing rugby and went to an athletic therapist at the university clinic,Athletic Therapy,storyteller
I hurt my shoulder playing rugby and went to an athletic therapist at the clinic,Athletic Therapy,storyteller_aug
I hurt my clinic playing rugby and went to an athletic therapist at the university shoulder,Athletic Therapy,storyteller_aug
I hurt my shoulder playing rugby and went to an athletic like therapist at the university clinic,Athletic Therapy,storyteller_aug
urinal bottle bedside,Urinal (purchase),terse
urinal bottle bedside um,Urinal (purchase),terse_aug
"I buy crutch that hold my arm near elbow, not under arm type, it is forearm style",Forearm Crutch (purchase),esl_speaker
"I buy crutch that hold arm near elbow, not under arm type, it is forearm style",Forearm Crutch (purchase),esl_speaker_aug
"I buy type, that hold my arm near elbow, not under arm crutch it is forearm style",Forearm Crutch (purchase),esl_speaker_aug
"I buy crutch that hold my arm near elbow, actually not under arm type, it is forearm style",Forearm Crutch (purchase),esl_speaker_aug
I have drop foot from a nerve injury so my orthotist took a cast of my leg and made me a custom AFO that fits inside my shoe,"Brace, AFO/KAFO (Custom)",storyteller
I have drop foot from a nerve so my orthotist took a cast of my leg and made me a custom AFO that fits inside my shoe,"Brace, AFO/KAFO (Custom)",storyteller_aug
I have AFO foot from a nerve injury so my orthotist took a cast of my leg and made me a custom drop that fits inside my shoe,"Brace, AFO/KAFO (Custom)",storyteller_aug
I have so drop foot from a nerve injury so my orthotist took a cast of my leg and made me a custom AFO that fits inside my shoe,"Brace, AFO/KAFO (Custom)",storyteller_aug
teeth thing,Dental Services,vague_turn1
um teeth thing,Dental Services,vague_turn1_aug
the wipes,Alcohol swabs,vague_turn1
the wipes actually,Alcohol swabs,vague_turn1_aug
submitting for my husband's knee-high compression stockings at 22 mmhg after his vein surgery,"Compression Stockings, knee length (20-29 mmhg)",parent_or_dependent
submitting for my husband's knee-high compression stockings at 22 mmhg his vein surgery,"Compression Stockings, knee length (20-29 mmhg)",parent_or_dependent_aug
submitting for his husband's knee-high compression stockings at 22 mmhg after my vein surgery,"Compression Stockings, knee length (20-29 mmhg)",parent_or_dependent_aug
submitting for my husband's knee-high compression so stockings at 22 mmhg after his vein surgery,"Compression Stockings, knee length (20-29 mmhg)",parent_or_dependent_aug
BSW social worker sessions,Social Worker (Bachelors),terse
worker social BSW sessions,Social Worker (Bachelors),terse_aug
basically BSW social worker sessions,Social Worker (Bachelors),terse_aug
long socks | goes all the way up to my thigh,"Compression Stockings, thigh/full (15-19 mmhg)",progressive
long socks | goes the way up to my thigh,"Compression Stockings, thigh/full (15-19 mmhg)",progressive_aug
long socks | goes all up way the to my thigh,"Compression Stockings, thigh/full (15-19 mmhg)",progressive_aug
long socks | goes basically all the way up to my thigh,"Compression Stockings, thigh/full (15-19 mmhg)",progressive_aug
My feet were hurting after running so my physio said to try some good off-the-shelf insoles before going custom,Standard foot orthotics or shoe inserts,storyteller
My feet were hurting running so my physio said to try some good off-the-shelf insoles before going custom,Standard foot orthotics or shoe inserts,storyteller_aug
My feet running hurting after were so my physio said to try some good off-the-shelf insoles before going custom,Standard foot orthotics or shoe inserts,storyteller_aug
My feet were hurting after running so my physio said to try some um good off-the-shelf insoles before going custom,Standard foot orthotics or shoe inserts,storyteller_aug
"insulin device | manual kind, I push it myself",Insulin Gun (manual),progressive
"insulin device | manual kind, I push it",Insulin Gun (manual),progressive_aug
"insulin device | manual kind, I myself it push",Insulin Gun (manual),progressive_aug
"insulin basically device | manual kind, I push it myself",Insulin Gun (manual),progressive_aug
homeopath,Homeopathic Treatment,vague_turn1
so homeopath,Homeopathic Treatment,vague_turn1_aug
"not a spa massage, medical RMT",Massage,partial_turn2
"not a spa massage, RMT",Massage,partial_turn2_aug
"medical a spa massage, not RMT",Massage,partial_turn2_aug
"not a spa massage, actually medical RMT",Massage,partial_turn2_aug
"eye appointment | just the exam, no glasses",Eye Exam,progressive
eye appointment | just the no glasses,Eye Exam,progressive_aug
"no appointment | just the exam, eye glasses",Eye Exam,progressive_aug
"eye appointment | just um the exam, no glasses",Eye Exam,progressive_aug
prep pads | sterile swabs | for my daily injections,Alcohol swabs,progressive
prep pads | sterile swabs | my daily injections,Alcohol swabs,progressive_aug
prep daily | sterile swabs | for my pads injections,Alcohol swabs,progressive_aug
prep pads | like sterile swabs | for my daily injections,Alcohol swabs,progressive_aug
audiogram only not consultation,Audiometric Exam,partial_turn2
audiogram not only consultation,Audiometric Exam,partial_turn2_aug
audiogram only not I think consultation,Audiometric Exam,partial_turn2_aug
shower chair purchase claim,Bath Bench/Chair (purchase),terse
shower claim purchase chair,Bath Bench/Chair (purchase),terse_aug
shower chair so purchase claim,Bath Bench/Chair (purchase),terse_aug
Submitting for therapeutic sessions with a certified expressive arts therapist for trauma-informed mental health support,Other mental health services,detailed_clinical
Submitting for therapeutic sessions with a certified arts therapist for trauma-informed mental health support,Other mental health services,detailed_clinical_aug
Submitting therapeutic for sessions with a certified expressive arts therapist for trauma-informed mental health support,Other mental health services,detailed_clinical_aug
Submitting for therapeutic sessions with um a certified expressive arts therapist for trauma-informed mental health support,Other mental health services,detailed_clinical_aug
ice pack,Cold Therapy - Re-usable Items (purchase),vague_turn1
ice um pack,Cold Therapy - Re-usable Items (purchase),vague_turn1_aug
sleep machine,"CPAP, APAP, BIPAP Machine",vague_turn1
sleep um machine,"CPAP, APAP, BIPAP Machine",vague_turn1_aug
foot appointment | nail care and calluses | not surgery,Chiropody (Foot Care) Treatment,progressive
foot | nail care and calluses | not surgery,Chiropody (Foot Care) Treatment,progressive_aug
foot appointment | nail and care calluses | not surgery,Chiropody (Foot Care) Treatment,progressive_aug
foot appointment | just nail care and calluses | not surgery,Chiropody (Foot Care) Treatment,progressive_aug
TENS supplies,"Stimulator, supplies",vague_turn1
TENS supplies um,"Stimulator, supplies",vague_turn1_aug
Filing for cognitive-behavioural therapy sessions with a registered psychologist licensed by the College of Psychologists of Ontario,Psychologist,detailed_clinical
Filing for cognitive-behavioural therapy sessions with registered psychologist licensed by the College of Psychologists of Ontario,Psychologist,detailed_clinical_aug
Filing for cognitive-behavioural Psychologists sessions with a registered psychologist licensed by the College of therapy of Ontario,Psychologist,detailed_clinical_aug
Filing for cognitive-behavioural therapy so sessions with a registered psychologist licensed by the College of Psychologists of Ontario,Psychologist,detailed_clinical_aug
rollator,Walker - with wheels (purchase),vague_turn1
um rollator,Walker - with wheels (purchase),vague_turn1_aug
podiatrist did a procedure,Podiatry Treatment,partial_turn2
podiatrist did procedure a,Podiatry Treatment,partial_turn2_aug
podiatrist did a actually procedure,Podiatry Treatment,partial_turn2_aug
cuff goes around my forearm,Forearm Crutch (purchase),partial_turn2
cuff goes my forearm,Forearm Crutch (purchase),partial_turn2_aug
cuff goes my around forearm,Forearm Crutch (purchase),partial_turn2_aug
cuff goes around actually my forearm,Forearm Crutch (purchase),partial_turn2_aug
Which category for a tabletop humidifier?,Humidifier (Table Top),question
Which category for a tabletop,Humidifier (Table Top),question_aug
Which tabletop for a category humidifier?,Humidifier (Table Top),question_aug
Which category so for a tabletop humidifier?,Humidifier (Table Top),question_aug
"I buy the pad that stick on skin for my electric machine, not machine itself, just the pad replacement","Stimulator, supplies",esl_speaker
"I buy the pad that stick skin for my electric machine, not machine itself, just the pad replacement","Stimulator, supplies",esl_speaker_aug
"I buy the pad that stick on skin for my just machine, not machine itself, electric the pad replacement","Stimulator, supplies",esl_speaker_aug
"I buy the pad that um stick on skin for my electric machine, not machine itself, just the pad replacement","Stimulator, supplies",esl_speaker_aug
I'm afraid of needles so my diabetes educator recommended an automatic insulin gun that does the injection for you at the push of a button,Insulin Gun (automatic),storyteller
I'm afraid of needles so my diabetes educator recommended an insulin gun that does the injection for you at the push of a button,Insulin Gun (automatic),storyteller_aug
I'm afraid of needles so my diabetes educator recommended a automatic insulin gun that does the injection for you at the push of an button,Insulin Gun (automatic),storyteller_aug
I'm afraid of needles so my diabetes educator recommended an automatic insulin gun that does the injection for you at the push just of a button,Insulin Gun (automatic),storyteller_aug
"my child had a blood test to identify food allergies, submitting the lab receipt",Blood test for Allergies (IG test not eligible),parent_or_dependent
"my child had a blood test to food allergies, submitting the lab receipt",Blood test for Allergies (IG test not eligible),parent_or_dependent_aug
"my child had a blood test to identify food lab submitting the allergies, receipt",Blood test for Allergies (IG test not eligible),parent_or_dependent_aug
"my child had so a blood test to identify food allergies, submitting the lab receipt",Blood test for Allergies (IG test not eligible),parent_or_dependent_aug
"What category for an insulin pen, not a pump or gun?",Insulin Pen Injector,question
"What category for an insulin pen, a pump or gun?",Insulin Pen Injector,question_aug
"What category for an not pen, insulin a pump or gun?",Insulin Pen Injector,question_aug
"What category for an insulin basically pen, not a pump or gun?",Insulin Pen Injector,question_aug
hospital | admitted in-patient | local hospital | for my procedure,Hospital (within your province),progressive
hospital | admitted in-patient | local hospital | for procedure,Hospital (within your province),progressive_aug
hospital | admitted my | local hospital | for in-patient procedure,Hospital (within your province),progressive_aug
hospital | admitted in-patient | local hospital | I think for my procedure,Hospital (within your province),progressive_aug
allergy test | skin prick not blood | they scratched my arm,Scratch Test for Allergies,progressive
allergy test | skin prick not blood | they scratched arm,Scratch Test for Allergies,progressive_aug
they test | skin prick not blood | allergy scratched my arm,Scratch Test for Allergies,progressive_aug
allergy test | skin prick not blood | they scratched my um arm,Scratch Test for Allergies,progressive_aug
"I want to claim the ACTUAL TENS device, not the electrode pads or replacement supplies","Stimulator, muscle/nerve (TENS)",complaint
"I want to claim the ACTUAL TENS device, not the electrode or replacement supplies","Stimulator, muscle/nerve (TENS)",complaint_aug
"I want to device, the ACTUAL TENS claim not the electrode pads or replacement supplies","Stimulator, muscle/nerve (TENS)",complaint_aug
"I want to claim the ACTUAL TENS device, not actually the electrode pads or replacement supplies","Stimulator, muscle/nerve (TENS)",complaint_aug
four wheels and a built in seat,Walker - with wheels (purchase),partial_turn2
four wheels and a built seat,Walker - with wheels (purchase),partial_turn2_aug
a wheels and four built in seat,Walker - with wheels (purchase),partial_turn2_aug
four wheels and a built in seat I think,Walker - with wheels (purchase),partial_turn2_aug
dietitian nutrition counselling,Dietitian Services,terse
dietitian nutrition I think counselling,Dietitian Services,terse_aug
Submitting a claim for below-knee graduated compression stockings rated 15-19 mmHg for mild venous insufficiency,"Compression Stockings, knee length (15-19 mmhg)",detailed_clinical
Submitting a claim for graduated compression stockings rated 15-19 mmHg for mild venous insufficiency,"Compression Stockings, knee length (15-19 mmhg)",detailed_clinical_aug
Submitting a mmHg for below-knee graduated compression stockings rated 15-19 claim for mild venous insufficiency,"Compression Stockings, knee length (15-19 mmhg)",detailed_clinical_aug
Submitting a claim for below-knee graduated compression stockings rated 15-19 mmHg for mild actually venous insufficiency,"Compression Stockings, knee length (15-19 mmhg)",detailed_clinical_aug
I was having panic attacks so my GP referred me to a psychologist with a PhD who does exposure therapy,Psychologist,storyteller
I was having panic attacks so my GP referred me to a with a PhD who does exposure therapy,Psychologist,storyteller_aug
I was a panic attacks so my GP referred me to a psychologist with having PhD who does exposure therapy,Psychologist,storyteller_aug
I was having panic attacks so my GP referred me to a psychologist with a PhD who does exposure um therapy,Psychologist,storyteller_aug
the long compression ones,"Compression Stockings, thigh/full (20-29 mmhg)",vague_turn1
the long ones compression,"Compression Stockings, thigh/full (20-29 mmhg)",vague_turn1_aug
the long compression ones actually,"Compression Stockings, thigh/full (20-29 mmhg)",vague_turn1_aug
audiogram | hearing check | the test part not the consultation,Audiometric Exam,progressive
audiogram | hearing check | the part not the consultation,Audiometric Exam,progressive_aug
not | hearing check | the test part audiogram the consultation,Audiometric Exam,progressive_aug
audiogram | hearing check | just the test part not the consultation,Audiometric Exam,progressive_aug
purchased a Medline fracture bedpan from Medical Mart,Bedpan,brand_specific
purchased Medline fracture bedpan from Medical Mart,Bedpan,brand_specific_aug
purchased Medical Medline fracture bedpan from a Mart,Bedpan,brand_specific_aug
purchased a Medline just fracture bedpan from Medical Mart,Bedpan,brand_specific_aug
"not super tight, just to the knee","Compression Stockings, knee length (15-19 mmhg)",partial_turn2
"not super tight, just to knee","Compression Stockings, knee length (15-19 mmhg)",partial_turn2_aug
"not tight, super just to the knee","Compression Stockings, knee length (15-19 mmhg)",partial_turn2_aug
"like not super tight, just to the knee","Compression Stockings, knee length (15-19 mmhg)",partial_turn2_aug
orthodontic records | diagnostic xrays | planning records,Other Orthodontic/Dental Services (i.e. orthodontic records),progressive
orthodontic records | diagnostic xrays | records,Other Orthodontic/Dental Services (i.e. orthodontic records),progressive_aug
orthodontic records | diagnostic xrays planning | records,Other Orthodontic/Dental Services (i.e. orthodontic records),progressive_aug
orthodontic records | diagnostic xrays | basically planning records,Other Orthodontic/Dental Services (i.e. orthodontic records),progressive_aug
"not claiming actual cost yet, just the estimate",Estimate/Pre-Authorization,partial_turn2
"claiming actual cost yet, just the estimate",Estimate/Pre-Authorization,partial_turn2_aug
"not actual claiming cost yet, just the estimate",Estimate/Pre-Authorization,partial_turn2_aug
"not claiming actual like cost yet, just the estimate",Estimate/Pre-Authorization,partial_turn2_aug
I put this under 'Prescription Glasses' but these are actually CSA-certified safety glasses for the lab,Safety Glasses,wrong_guess
I put this under 'Prescription Glasses' but are actually CSA-certified safety glasses for the lab,Safety Glasses,wrong_guess_aug
I put this under 'Prescription the but these are actually CSA-certified safety glasses for Glasses' lab,Safety Glasses,wrong_guess_aug
I put this under 'Prescription Glasses' but these are actually CSA-certified safety um glasses for the lab,Safety Glasses,wrong_guess_aug
"claiming my daughter's orthodontic braces treatment, both the initial fee and monthly adjustments",Orthodontic Services (Braces - initial and monthly fee),parent_or_dependent
"claiming my daughter's orthodontic braces treatment, both the initial fee and monthly",Orthodontic Services (Braces - initial and monthly fee),parent_or_dependent_aug
"claiming my daughter's orthodontic braces treatment, both the initial and fee monthly adjustments",Orthodontic Services (Braces - initial and monthly fee),parent_or_dependent_aug
"claiming my daughter's orthodontic braces treatment, both the initial fee and like monthly adjustments",Orthodontic Services (Braces - initial and monthly fee),parent_or_dependent_aug
the mask | fits over my nose | replacement for my cpap,"CPAP, APAP, BIPAP Mask",progressive
the mask fits over my nose | replacement for my cpap,"CPAP, APAP, BIPAP Mask",progressive_aug
my mask | fits over the nose | replacement for my cpap,"CPAP, APAP, BIPAP Mask",progressive_aug
the mask | fits over my nose basically | replacement for my cpap,"CPAP, APAP, BIPAP Mask",progressive_aug
"picking up light compression socks for my mom, they're under 14 mmhg for her swollen ankles","Compression Stockings, any length (up to 14 mmhg)",parent_or_dependent
"picking up light compression socks for my mom, they're 14 mmhg for her swollen ankles","Compression Stockings, any length (up to 14 mmhg)",parent_or_dependent_aug
"picking up light compression socks for my mom, they're under 14 mmhg for swollen her ankles","Compression Stockings, any length (up to 14 mmhg)",parent_or_dependent_aug
"picking up basically light compression socks for my mom, they're under 14 mmhg for her swollen ankles","Compression Stockings, any length (up to 14 mmhg)",parent_or_dependent_aug
"basic kind, no wheels",Walker - non wheeled (purchase),partial_turn2
"basic wheels no kind,",Walker - non wheeled (purchase),partial_turn2_aug
"basic kind, so no wheels",Walker - non wheeled (purchase),partial_turn2_aug
"foot care treatment, the basic kind",Chiropody (Foot Care) Treatment,partial_turn2
"foot care treatment, basic kind",Chiropody (Foot Care) Treatment,partial_turn2_aug
"foot basic treatment, the care kind",Chiropody (Foot Care) Treatment,partial_turn2_aug
"foot care treatment, so the basic kind",Chiropody (Foot Care) Treatment,partial_turn2_aug
adult diapers,Incontinence Supplies,vague_turn1
adult basically diapers,Incontinence Supplies,vague_turn1_aug
crutches,Forearm Crutch (purchase),vague_turn1
crutches just,Forearm Crutch (purchase),vague_turn1_aug
I bought a regular single cane to help me walk after my ankle healed,"Cane, standard",confused_student
I bought a regular single cane to help me walk after ankle healed,"Cane, standard",confused_student_aug
I bought a regular single help to cane me walk after my ankle healed,"Cane, standard",confused_student_aug
I so bought a regular single cane to help me walk after my ankle healed,"Cane, standard",confused_student_aug
the round patches that stick on my arm,Glucose Monitoring System Supplies/Sensors,partial_turn2
round patches that stick on my arm,Glucose Monitoring System Supplies/Sensors,partial_turn2_aug
round the patches that stick on my arm,Glucose Monitoring System Supplies/Sensors,partial_turn2_aug
the round patches that stick just on my arm,Glucose Monitoring System Supplies/Sensors,partial_turn2_aug
special shoes | custom made for my medical condition,Orthopaedic or custom made shoes,progressive
special | custom made for my medical condition,Orthopaedic or custom made shoes,progressive_aug
special shoes custom | made for my medical condition,Orthopaedic or custom made shoes,progressive_aug
special shoes | custom made for my medical I think condition,Orthopaedic or custom made shoes,progressive_aug
"the foot place made me actual shoes, not just insoles, they built the whole shoe",Orthopaedic or custom made shoes,confused_student
"the foot place made me actual shoes, not insoles, they built the whole shoe",Orthopaedic or custom made shoes,confused_student_aug
"the foot actual made me place shoes, not just insoles, they built the whole shoe",Orthopaedic or custom made shoes,confused_student_aug
"the foot place made me actual shoes, not just insoles, they built the um whole shoe",Orthopaedic or custom made shoes,confused_student_aug
arm sleeve | compression | after my lymph node surgery,Other garment brace services (i.e. compression gloves),progressive
arm sleeve | | after my lymph node surgery,Other garment brace services (i.e. compression gloves),progressive_aug
arm sleeve my compression | after | lymph node surgery,Other garment brace services (i.e. compression gloves),progressive_aug
arm sleeve just | compression | after my lymph node surgery,Other garment brace services (i.e. compression gloves),progressive_aug
therapeutic massage,Massage,vague_turn1
therapeutic massage um,Massage,vague_turn1_aug
teeth braces,Orthodontic Services (Braces - initial and monthly fee),vague_turn1
teeth basically braces,Orthodontic Services (Braces - initial and monthly fee),vague_turn1_aug
portable urinal,Urinal (purchase),vague_turn1
portable urinal like,Urinal (purchase),vague_turn1_aug
"none of the specific mental health categories match my provider type, she's a certified therapeutic counsellor, where does that go?",Other mental health services,complaint
"none of the specific mental health match my provider type, she's a certified therapeutic counsellor, where does that go?",Other mental health services,complaint_aug
"none of the specific mental health categories match my provider type, she's a certified that counsellor, where does therapeutic go?",Other mental health services,complaint_aug
"none of the specific mental health categories match my provider type, she's a um certified therapeutic counsellor, where does that go?",Other mental health services,complaint_aug
contact lenses not glasses,Prescription Contacts,partial_turn2
not lenses contact glasses,Prescription Contacts,partial_turn2_aug
contact I think lenses not glasses,Prescription Contacts,partial_turn2_aug
mammogram breast screening,Mammogram,terse
mammogram breast actually screening,Mammogram,terse_aug
"hard to put on, knee length","Compression Stockings, knee length (20-29 mmhg)",partial_turn2
"hard to put on, knee","Compression Stockings, knee length (20-29 mmhg)",partial_turn2_aug
"knee to put on, hard length","Compression Stockings, knee length (20-29 mmhg)",partial_turn2_aug
"actually hard to put on, knee length","Compression Stockings, knee length (20-29 mmhg)",partial_turn2_aug
claiming alcohol swabs for my diabetic husband's daily insulin injections,Alcohol swabs,parent_or_dependent
claiming alcohol swabs for my diabetic husband's daily injections,Alcohol swabs,parent_or_dependent_aug
claiming alcohol diabetic for my swabs husband's daily insulin injections,Alcohol swabs,parent_or_dependent_aug
claiming alcohol swabs for my I think diabetic husband's daily insulin injections,Alcohol swabs,parent_or_dependent_aug
alcohol wipes | for cleaning before my insulin injection,Alcohol swabs,progressive
alcohol wipes | for cleaning before my injection,Alcohol swabs,progressive_aug
alcohol cleaning | for wipes before my insulin injection,Alcohol swabs,progressive_aug
alcohol wipes | for cleaning before my like insulin injection,Alcohol swabs,progressive_aug
"claiming replacement CPAP supplies for my spouse - new tubing, filters, and water chamber","CPAP, APAP, BIPAP Supplies",parent_or_dependent
"claiming replacement CPAP supplies for my spouse - new tubing, and water chamber","CPAP, APAP, BIPAP Supplies",parent_or_dependent_aug
"claiming replacement CPAP supplies for tubing, spouse - new my filters, and water chamber","CPAP, APAP, BIPAP Supplies",parent_or_dependent_aug
"claiming replacement CPAP supplies for my like spouse - new tubing, filters, and water chamber","CPAP, APAP, BIPAP Supplies",parent_or_dependent_aug
thigh high compression,"Compression Stockings, thigh/full (20-29 mmhg)",vague_turn1
thigh high compression like,"Compression Stockings, thigh/full (20-29 mmhg)",vague_turn1_aug
prostate cancer marker test,PSA Test (Prostate Specific Antigen),partial_turn2
cancer prostate marker test,PSA Test (Prostate Specific Antigen),partial_turn2_aug
prostate cancer actually marker test,PSA Test (Prostate Specific Antigen),partial_turn2_aug
bathroom bars | mounted to wall | safety for my elderly mom,Grab Bar/Bath Bar - permanent fixtures (purchase),progressive
bathroom bars | mounted to wall | for my elderly mom,Grab Bar/Bath Bar - permanent fixtures (purchase),progressive_aug
bathroom bars my mounted to wall | safety for | elderly mom,Grab Bar/Bath Bar - permanent fixtures (purchase),progressive_aug
bathroom bars | mounted to wall | safety for my just elderly mom,Grab Bar/Bath Bar - permanent fixtures (purchase),progressive_aug
something for my legs from the pharmacy,"Compression Calf Sleeves/Tights (footless), any length",vague_turn1
something for my legs from the,"Compression Calf Sleeves/Tights (footless), any length",vague_turn1_aug
something for from legs my the pharmacy,"Compression Calf Sleeves/Tights (footless), any length",vague_turn1_aug
something just for my legs from the pharmacy,"Compression Calf Sleeves/Tights (footless), any length",vague_turn1_aug
geriatric specialist,Other health specialists,partial_turn2
so geriatric specialist,Other health specialists,partial_turn2_aug
online therapy,Digital Cognitive Behavioural Therapy,vague_turn1
I think online therapy,Digital Cognitive Behavioural Therapy,vague_turn1_aug
I go to lab for blood test and they charge extra money just for take the blood out,Blood Withdrawal Fee,esl_speaker
I go to lab for blood test and they extra money just for take the blood out,Blood Withdrawal Fee,esl_speaker_aug
I go to blood for lab test and they charge extra money just for take the blood out,Blood Withdrawal Fee,esl_speaker_aug
I go to lab for blood test and they charge extra just money just for take the blood out,Blood Withdrawal Fee,esl_speaker_aug
bed safety rails purchase,Bed Rails (purchase),terse
bed rails safety purchase,Bed Rails (purchase),terse_aug
bed safety rails um purchase,Bed Rails (purchase),terse_aug
"soft support, just for daily wear","Compression Stockings, any length (up to 14 mmhg)",partial_turn2
"soft support, just for wear","Compression Stockings, any length (up to 14 mmhg)",partial_turn2_aug
"soft daily just for support, wear","Compression Stockings, any length (up to 14 mmhg)",partial_turn2_aug
"soft support, just um for daily wear","Compression Stockings, any length (up to 14 mmhg)",partial_turn2_aug
MRI | private | too long a wait for public,MRI (Magnetic Resonance Imaging),progressive
MRI | | too long a wait for public,MRI (Magnetic Resonance Imaging),progressive_aug
MRI | private | too long a for wait public,MRI (Magnetic Resonance Imaging),progressive_aug
MRI | private | too long a wait for public I think,MRI (Magnetic Resonance Imaging),progressive_aug
Filing for replacement self-adhesive carbon film TENS electrodes and lead wire accessories,"Stimulator, supplies",detailed_clinical
Filing for replacement self-adhesive carbon film TENS electrodes lead wire accessories,"Stimulator, supplies",detailed_clinical_aug
Filing for electrodes self-adhesive carbon film TENS replacement and lead wire accessories,"Stimulator, supplies",detailed_clinical_aug
Filing for replacement self-adhesive I think carbon film TENS electrodes and lead wire accessories,"Stimulator, supplies",detailed_clinical_aug
buying incontinence supplies for my elderly father who has bladder control issues,Incontinence Supplies,parent_or_dependent
buying incontinence for my elderly father who has bladder control issues,Incontinence Supplies,parent_or_dependent_aug
buying incontinence supplies for my who father elderly has bladder control issues,Incontinence Supplies,parent_or_dependent_aug
buying incontinence supplies for my elderly father who has basically bladder control issues,Incontinence Supplies,parent_or_dependent_aug
transport wheelchair lightweight,Transport Wheelchair,terse
transport wheelchair basically lightweight,Transport Wheelchair,terse_aug
audiologist not just a hearing test,Audiologist Services,partial_turn2
audiologist not just hearing test,Audiologist Services,partial_turn2_aug
audiologist test just a hearing not,Audiologist Services,partial_turn2_aug
audiologist not just a hearing test um,Audiologist Services,partial_turn2_aug
hard cast | colored fiberglass | broken wrist,"Cast, fiberglass",progressive
hard cast | colored fiberglass | broken,"Cast, fiberglass",progressive_aug
hard cast | colored fiberglass broken | wrist,"Cast, fiberglass",progressive_aug
hard cast | colored fiberglass | broken um wrist,"Cast, fiberglass",progressive_aug
psychotherapist sessions RP,Psychotherapist,terse
psychotherapist sessions RP um,Psychotherapist,terse_aug
"I buy pump for breast milk, electric type, for feeding baby",Breast Pump (purchase),esl_speaker
"I buy for breast milk, electric type, for feeding baby",Breast Pump (purchase),esl_speaker_aug
"I feeding pump for breast milk, electric type, for buy baby",Breast Pump (purchase),esl_speaker_aug
"actually I buy pump for breast milk, electric type, for feeding baby",Breast Pump (purchase),esl_speaker_aug
purchased Superfeet Green insoles from The Running Room,Standard foot orthotics or shoe inserts,brand_specific
purchased Superfeet Green from The Running Room,Standard foot orthotics or shoe inserts,brand_specific_aug
from Superfeet Green insoles purchased The Running Room,Standard foot orthotics or shoe inserts,brand_specific_aug
purchased Superfeet Green insoles I think from The Running Room,Standard foot orthotics or shoe inserts,brand_specific_aug
new glasses | updated prescription | frames and lenses,Prescription Glasses,progressive
new glasses | updated prescription | frames and,Prescription Glasses,progressive_aug
new glasses prescription updated | | frames and lenses,Prescription Glasses,progressive_aug
new glasses | updated prescription | frames like and lenses,Prescription Glasses,progressive_aug
"the sleeve thing for my leg | open toe, doctor said get these for running","Compression Calf Sleeves/Tights (footless), any length",progressive
"the sleeve thing for my leg | open toe, doctor said these for running","Compression Calf Sleeves/Tights (footless), any length",progressive_aug
"the sleeve thing for my leg | open toe, doctor said get running for these","Compression Calf Sleeves/Tights (footless), any length",progressive_aug
"the sleeve thing for my leg | open toe, doctor said get these for running like","Compression Calf Sleeves/Tights (footless), any length",progressive_aug
the walking sticks,"Crutches, pair",vague_turn1
like the walking sticks,"Crutches, pair",vague_turn1_aug
purchased a box of OneTouch Delica Plus lancets from Rexall,Lancet,brand_specific
purchased box of OneTouch Delica Plus lancets from Rexall,Lancet,brand_specific_aug
purchased a box of from Delica Plus lancets OneTouch Rexall,Lancet,brand_specific_aug
purchased a box of OneTouch like Delica Plus lancets from Rexall,Lancet,brand_specific_aug
my mother moved into Perley Rideau Veterans' Health Centre and we need to claim the supplementary costs,Nursing Home and Long Term Care,parent_or_dependent
my moved into Perley Rideau Veterans' Health Centre and we need to claim the supplementary costs,Nursing Home and Long Term Care,parent_or_dependent_aug
my mother moved into Perley Rideau the Health Centre and we need to claim Veterans' supplementary costs,Nursing Home and Long Term Care,parent_or_dependent_aug
my mother moved into Perley Rideau Veterans' Health Centre and we need to basically claim the supplementary costs,Nursing Home and Long Term Care,parent_or_dependent_aug
I got those bars that attach to the side of the bed so you don't fall out,Bed Rails (purchase),confused_student
I got those bars that attach to side of the bed so you don't fall out,Bed Rails (purchase),confused_student_aug
I of those bars that attach to the side got the bed so you don't fall out,Bed Rails (purchase),confused_student_aug
I got those bars that attach to the side of the bed so you so don't fall out,Bed Rails (purchase),confused_student_aug
small piece that connects sensor to phone,Glucose Monitoring System Transmitter,partial_turn2
small piece connects sensor to phone,Glucose Monitoring System Transmitter,partial_turn2_aug
phone piece that connects sensor to small,Glucose Monitoring System Transmitter,partial_turn2_aug
small piece that connects sensor to phone actually,Glucose Monitoring System Transmitter,partial_turn2_aug
"the pharmacist gave me knee socks and said they're medium-firm, I think 25 mmhg?","Compression Stockings, knee length (20-29 mmhg)",confused_student
"the gave me knee socks and said they're medium-firm, I think 25 mmhg?","Compression Stockings, knee length (20-29 mmhg)",confused_student_aug
"the pharmacist gave me knee socks and said they're medium-firm, I think mmhg? 25","Compression Stockings, knee length (20-29 mmhg)",confused_student_aug
"the pharmacist gave I think me knee socks and said they're medium-firm, I think 25 mmhg?","Compression Stockings, knee length (20-29 mmhg)",confused_student_aug
MSW social worker claim,Social Worker (Masters level),terse
MSW social claim worker,Social Worker (Masters level),terse_aug
MSW social worker claim just,Social Worker (Masters level),terse_aug
underarm crutches pair,"Crutches, pair",terse
underarm crutches pair I think,"Crutches, pair",terse_aug
diabetes monitor,Blood glucose meter,vague_turn1
diabetes monitor I think,Blood glucose meter,vague_turn1_aug
Submitting for cephalometric radiograph and dental model impressions for orthodontic treatment planning,Other Orthodontic/Dental Services (i.e. orthodontic records),detailed_clinical
Submitting for cephalometric and dental model impressions for orthodontic treatment planning,Other Orthodontic/Dental Services (i.e. orthodontic records),detailed_clinical_aug
radiograph for cephalometric Submitting and dental model impressions for orthodontic treatment planning,Other Orthodontic/Dental Services (i.e. orthodontic records),detailed_clinical_aug
Submitting for cephalometric radiograph and dental model impressions for so orthodontic treatment planning,Other Orthodontic/Dental Services (i.e. orthodontic records),detailed_clinical_aug
Filing for bilateral thigh-length graduated compression stockings rated 20-30 mmHg for post-surgical lymphedema management,"Compression Stockings, thigh/full (20-29 mmhg)",detailed_clinical
Filing for bilateral thigh-length graduated compression stockings rated mmHg for post-surgical lymphedema management,"Compression Stockings, thigh/full (20-29 mmhg)",detailed_clinical_aug
Filing for bilateral thigh-length mmHg compression stockings rated 20-30 graduated for post-surgical lymphedema management,"Compression Stockings, thigh/full (20-29 mmhg)",detailed_clinical_aug
Filing for bilateral thigh-length graduated compression stockings rated I think 20-30 mmHg for post-surgical lymphedema management,"Compression Stockings, thigh/full (20-29 mmhg)",detailed_clinical_aug
"not orthotics, they changed the shoe itself",Other foot care services (i.e. orthopedic shoe modification),partial_turn2
"not orthotics, changed the shoe itself",Other foot care services (i.e. orthopedic shoe modification),partial_turn2_aug
"not orthotics, shoe changed the they itself",Other foot care services (i.e. orthopedic shoe modification),partial_turn2_aug
"not orthotics, they changed like the shoe itself",Other foot care services (i.e. orthopedic shoe modification),partial_turn2_aug
routine dental not accident,Dental Services,partial_turn2
routine dental accident not,Dental Services,partial_turn2_aug
I think routine dental not accident,Dental Services,partial_turn2_aug
hearing loss devices,Hearing Aids,vague_turn1
hearing loss devices basically,Hearing Aids,vague_turn1_aug
glucose supplies | the patches that stick on my arm,Glucose Monitoring System Supplies/Sensors,progressive
glucose supplies | the that stick on my arm,Glucose Monitoring System Supplies/Sensors,progressive_aug
glucose supplies arm the patches that stick on my |,Glucose Monitoring System Supplies/Sensors,progressive_aug
glucose supplies | I think the patches that stick on my arm,Glucose Monitoring System Supplies/Sensors,progressive_aug
I specifically looked for a social worker with advanced training and found one with an MSW who specializes in trauma therapy,Social Worker (Masters level),storyteller
I specifically looked for a social worker with advanced training found one with an MSW who specializes in trauma therapy,Social Worker (Masters level),storyteller_aug
I specifically looked for a social worker one advanced training and found with with an MSW who specializes in trauma therapy,Social Worker (Masters level),storyteller_aug
I specifically looked for a social worker with advanced training and found one with an I think MSW who specializes in trauma therapy,Social Worker (Masters level),storyteller_aug
sleep study,Sleep Study,vague_turn1
sleep study just,Sleep Study,vague_turn1_aug
"podiatry and chiropody are both foot treatments, my provider is a PODIATRIST specifically",Podiatry Treatment,complaint
"podiatry and chiropody are foot treatments, my provider is a PODIATRIST specifically",Podiatry Treatment,complaint_aug
"podiatry and chiropody are both foot a my provider is treatments, PODIATRIST specifically",Podiatry Treatment,complaint_aug
"podiatry and chiropody are both foot um treatments, my provider is a PODIATRIST specifically",Podiatry Treatment,complaint_aug
not custom fitted,Standard foot orthotics or shoe inserts,partial_turn2
just not custom fitted,Standard foot orthotics or shoe inserts,partial_turn2_aug
prostate test,PSA Test (Prostate Specific Antigen),vague_turn1
um prostate test,PSA Test (Prostate Specific Antigen),vague_turn1_aug
top up claim,Provincial Replacement Plan,vague_turn1
top up just claim,Provincial Replacement Plan,vague_turn1_aug
Where do I submit a claim for a routine eye examination?,Eye Exam,question
Where do I submit a for a routine eye examination?,Eye Exam,question_aug
Where do I submit a claim for examination? routine eye a,Eye Exam,question_aug
Where do I submit a like claim for a routine eye examination?,Eye Exam,question_aug
small humidifier | bedroom | for my asthma management,Humidifier (Table Top),progressive
humidifier | bedroom | for my asthma management,Humidifier (Table Top),progressive_aug
small asthma | bedroom | for my humidifier management,Humidifier (Table Top),progressive_aug
small humidifier | bedroom | actually for my asthma management,Humidifier (Table Top),progressive_aug
private ultrasound,Ultrasound,vague_turn1
actually private ultrasound,Ultrasound,vague_turn1_aug
Where do I file for appointments with a registered clinical counsellor?,Clinical Counsellor,question
Where do I file for appointments with a clinical counsellor?,Clinical Counsellor,question_aug
Where do I with for appointments file a registered clinical counsellor?,Clinical Counsellor,question_aug
Where do I file for appointments actually with a registered clinical counsellor?,Clinical Counsellor,question_aug
the gel scan,Ultrasound,vague_turn1
the um gel scan,Ultrasound,vague_turn1_aug
purchased an Amoena Isadora mastectomy bra from Lady Grace,Mastectomy bra,brand_specific
purchased an Amoena Isadora bra from Lady Grace,Mastectomy bra,brand_specific_aug
purchased an Amoena Isadora bra mastectomy from Lady Grace,Mastectomy bra,brand_specific_aug
purchased an Amoena Isadora mastectomy like bra from Lady Grace,Mastectomy bra,brand_specific_aug
vitamin D blood work,Vitamin D Test,vague_turn1
vitamin blood D work,Vitamin D Test,vague_turn1_aug
vitamin D blood actually work,Vitamin D Test,vague_turn1_aug
new glasses,Prescription Glasses,vague_turn1
new just glasses,Prescription Glasses,vague_turn1_aug
breathing device | for my sleep apnea | the main unit,"CPAP, APAP, BIPAP Machine",progressive
device | for my sleep apnea | the main unit,"CPAP, APAP, BIPAP Machine",progressive_aug
device breathing | for my sleep apnea | the main unit,"CPAP, APAP, BIPAP Machine",progressive_aug
breathing device | for my sleep apnea | the main actually unit,"CPAP, APAP, BIPAP Machine",progressive_aug
purchased a bulk box of BD alcohol swabs from Amazon for daily glucose testing,Alcohol swabs,brand_specific
purchased a bulk box of BD alcohol swabs from Amazon for daily glucose,Alcohol swabs,brand_specific_aug
swabs a bulk box of BD alcohol purchased from Amazon for daily glucose testing,Alcohol swabs,brand_specific_aug
purchased actually a bulk box of BD alcohol swabs from Amazon for daily glucose testing,Alcohol swabs,brand_specific_aug
TENS accessories | consumable pads | need replacing monthly,"Stimulator, supplies",progressive
TENS accessories consumable pads | need replacing monthly,"Stimulator, supplies",progressive_aug
TENS accessories | consumable pads | need monthly replacing,"Stimulator, supplies",progressive_aug
um TENS accessories | consumable pads | need replacing monthly,"Stimulator, supplies",progressive_aug
Claiming CSA Z94.3 certified prescription polycarbonate safety spectacles with side shields for occupational hazard protection,Safety Glasses,detailed_clinical
Claiming CSA Z94.3 prescription polycarbonate safety spectacles with side shields for occupational hazard protection,Safety Glasses,detailed_clinical_aug
Claiming CSA for certified prescription polycarbonate safety spectacles with side shields Z94.3 occupational hazard protection,Safety Glasses,detailed_clinical_aug
Claiming CSA Z94.3 certified prescription polycarbonate safety spectacles with I think side shields for occupational hazard protection,Safety Glasses,detailed_clinical_aug
health specialist | doesn't fit the listed categories,Other health specialists,progressive
health specialist | doesn't the listed categories,Other health specialists,progressive_aug
health the | doesn't fit specialist listed categories,Other health specialists,progressive_aug
health specialist | doesn't fit so the listed categories,Other health specialists,progressive_aug
What category for an app-based cognitive behavioural therapy program?,Digital Cognitive Behavioural Therapy,question
What for an app-based cognitive behavioural therapy program?,Digital Cognitive Behavioural Therapy,question_aug
What category cognitive an app-based for behavioural therapy program?,Digital Cognitive Behavioural Therapy,question_aug
um What category for an app-based cognitive behavioural therapy program?,Digital Cognitive Behavioural Therapy,question_aug
"I bought the thing that sends electric pulses to my muscles, it has pads you stick on","Stimulator, muscle/nerve (TENS)",confused_student
"I bought the thing that sends electric pulses to muscles, it has pads you stick on","Stimulator, muscle/nerve (TENS)",confused_student_aug
"I bought the thing that sends electric pads to my muscles, it has pulses you stick on","Stimulator, muscle/nerve (TENS)",confused_student_aug
"I bought just the thing that sends electric pulses to my muscles, it has pads you stick on","Stimulator, muscle/nerve (TENS)",confused_student_aug
"stockings | all the way up | firm, doctor said after my DVT","Compression Stockings, thigh/full (20-29 mmhg)",progressive
"stockings all the way up | firm, doctor said after my DVT","Compression Stockings, thigh/full (20-29 mmhg)",progressive_aug
"the | all stockings way up | firm, doctor said after my DVT","Compression Stockings, thigh/full (20-29 mmhg)",progressive_aug
"stockings | all the way up | basically firm, doctor said after my DVT","Compression Stockings, thigh/full (20-29 mmhg)",progressive_aug
"regular dental, cleaning and checkup",Dental Services,partial_turn2
regular cleaning and checkup,Dental Services,partial_turn2_aug
"regular checkup cleaning and dental,",Dental Services,partial_turn2_aug
"regular dental, cleaning and just checkup",Dental Services,partial_turn2_aug
I have a leg length discrepancy so my pedorthist added a heel lift to my left shoe and adjusted the sole,Other foot care services (i.e. orthopedic shoe modification),storyteller
I have a leg length discrepancy so my pedorthist added a heel lift to left shoe and adjusted the sole,Other foot care services (i.e. orthopedic shoe modification),storyteller_aug
sole have a leg length discrepancy so my pedorthist added a heel lift to my left shoe and adjusted the I,Other foot care services (i.e. orthopedic shoe modification),storyteller_aug
I have a leg length discrepancy so my pedorthist added actually a heel lift to my left shoe and adjusted the sole,Other foot care services (i.e. orthopedic shoe modification),storyteller_aug
bedpan | used in bed | couldn't walk to bathroom during recovery,Bedpan,progressive
bedpan used in bed | couldn't walk to bathroom during recovery,Bedpan,progressive_aug
bedpan | couldn't in bed | used walk to bathroom during recovery,Bedpan,progressive_aug
bedpan | used in bed | couldn't basically walk to bathroom during recovery,Bedpan,progressive_aug
dental injury,Dental Accident,vague_turn1
um dental injury,Dental Accident,vague_turn1_aug
ambulance ride to hospital,Ambulance,partial_turn2
to ride ambulance hospital,Ambulance,partial_turn2_aug
basically ambulance ride to hospital,Ambulance,partial_turn2_aug
"my father had colon surgery and now needs ostomy supplies, claiming the monthly order",Ostomy,parent_or_dependent
"my father had colon surgery now needs ostomy supplies, claiming the monthly order",Ostomy,parent_or_dependent_aug
"my father had colon and surgery now needs ostomy supplies, claiming the monthly order",Ostomy,parent_or_dependent_aug
"my father um had colon surgery and now needs ostomy supplies, claiming the monthly order",Ostomy,parent_or_dependent_aug
medical supply,Other medical items,vague_turn1
just medical supply,Other medical items,vague_turn1_aug
"off the shelf, not custom",Standard foot orthotics or shoe inserts,partial_turn2
"off shelf, not custom",Standard foot orthotics or shoe inserts,partial_turn2_aug
"custom the shelf, not off",Standard foot orthotics or shoe inserts,partial_turn2_aug
"off the shelf, not just custom",Standard foot orthotics or shoe inserts,partial_turn2_aug
custom swim plugs | for my ear condition | medical reason,Other hearing services,progressive
custom swim | for my ear condition | medical reason,Other hearing services,progressive_aug
custom swim plugs | for condition ear my | medical reason,Other hearing services,progressive_aug
custom swim plugs | for my ear condition | medical reason I think,Other hearing services,progressive_aug
Where do I claim a tuberculosis skin test?,TB Test/Mantoux,question
Where do claim a tuberculosis skin test?,TB Test/Mantoux,question_aug
Where do I claim skin tuberculosis a test?,TB Test/Mantoux,question_aug
Where do I claim a tuberculosis skin actually test?,TB Test/Mantoux,question_aug
TENS machine purchase,"Stimulator, muscle/nerve (TENS)",terse
TENS basically machine purchase,"Stimulator, muscle/nerve (TENS)",terse_aug
I selected 'Brace left knee Custom' but it's actually a generic one from the store,Brace (Non-custom),wrong_guess
I selected 'Brace left knee Custom' but it's actually a generic one from the,Brace (Non-custom),wrong_guess_aug
I 'Brace selected left knee Custom' but it's actually a generic one from the store,Brace (Non-custom),wrong_guess_aug
I selected 'Brace like left knee Custom' but it's actually a generic one from the store,Brace (Non-custom),wrong_guess_aug
corrective glasses not sunglasses,Prescription Glasses,partial_turn2
corrective sunglasses not glasses,Prescription Glasses,partial_turn2_aug
corrective glasses not so sunglasses,Prescription Glasses,partial_turn2_aug
counselling | not a psych | she has her RCC designation,Clinical Counsellor,progressive
counselling | a psych | she has her RCC designation,Clinical Counsellor,progressive_aug
counselling | not psych a | she has her RCC designation,Clinical Counsellor,progressive_aug
counselling | not a psych | she has her RCC basically designation,Clinical Counsellor,progressive_aug
diagnostic | specialist ordered | doesn't fit normal categories,Other laboratory and diagnostic tests,progressive
diagnostic | specialist | doesn't fit normal categories,Other laboratory and diagnostic tests,progressive_aug
diagnostic | specialist ordered categories doesn't fit normal |,Other laboratory and diagnostic tests,progressive_aug
actually diagnostic | specialist ordered | doesn't fit normal categories,Other laboratory and diagnostic tests,progressive_aug
"I purchase the sock with small compression, only 10 mmhg, for standing at work long time","Compression Stockings, any length (up to 14 mmhg)",esl_speaker
"I purchase the sock with small compression, only 10 for standing at work long time","Compression Stockings, any length (up to 14 mmhg)",esl_speaker_aug
"I purchase the sock with small 10 only compression, mmhg, for standing at work long time","Compression Stockings, any length (up to 14 mmhg)",esl_speaker_aug
"I purchase the sock with small compression, only 10 mmhg, for standing at work long time I think","Compression Stockings, any length (up to 14 mmhg)",esl_speaker_aug
"I went to someone who gave me little sugar pills and drops, called a homeopath",Homeopathic Treatment,confused_student
I went to someone who gave me little sugar pills and called a homeopath,Homeopathic Treatment,confused_student_aug
"I went to someone me gave who little sugar pills and drops, called a homeopath",Homeopathic Treatment,confused_student_aug
"I actually went to someone who gave me little sugar pills and drops, called a homeopath",Homeopathic Treatment,confused_student_aug
OT session,Occupational Therapy,vague_turn1
um OT session,Occupational Therapy,vague_turn1_aug
ordered a ResMed AirSense accessory kit with ClimateLineAir tubing and HypoAllergenic filters from CPAP.com,"CPAP, APAP, BIPAP Supplies",brand_specific
ordered a ResMed AirSense accessory kit ClimateLineAir tubing and HypoAllergenic filters from CPAP.com,"CPAP, APAP, BIPAP Supplies",brand_specific_aug
ordered AirSense ResMed a accessory kit with ClimateLineAir tubing and HypoAllergenic filters from CPAP.com,"CPAP, APAP, BIPAP Supplies",brand_specific_aug
ordered a ResMed AirSense accessory kit with just ClimateLineAir tubing and HypoAllergenic filters from CPAP.com,"CPAP, APAP, BIPAP Supplies",brand_specific_aug
reads the data from my sensor,Glucose Monitoring System Receiver,partial_turn2
reads the data from sensor,Glucose Monitoring System Receiver,partial_turn2_aug
my the data from reads sensor,Glucose Monitoring System Receiver,partial_turn2_aug
so reads the data from my sensor,Glucose Monitoring System Receiver,partial_turn2_aug
insulin device,Insulin Gun (automatic),vague_turn1
insulin I think device,Insulin Gun (automatic),vague_turn1_aug
my grandfather is bedridden after his fall and we bought a bedside urinal for him,Urinal (purchase),parent_or_dependent
my grandfather is bedridden after his and we bought a bedside urinal for him,Urinal (purchase),parent_or_dependent_aug
my grandfather is bedridden after his fall and we bought a bedside urinal him for,Urinal (purchase),parent_or_dependent_aug
my grandfather is bedridden after his fall and we bought a bedside urinal so for him,Urinal (purchase),parent_or_dependent_aug
pills I take every day,Drug,partial_turn2
pills I take every,Drug,partial_turn2_aug
pills every take I day,Drug,partial_turn2_aug
basically pills I take every day,Drug,partial_turn2_aug
four footed cane,Quad Cane (purchase),vague_turn1
basically four footed cane,Quad Cane (purchase),vague_turn1_aug
toilet safety frame,Versa Frame (purchase),vague_turn1
toilet safety I think frame,Versa Frame (purchase),vague_turn1_aug
custom earplugs,Ear Plugs (custom made),vague_turn1
basically custom earplugs,Ear Plugs (custom made),vague_turn1_aug
audiometry hearing test,Audiometric Exam,terse
audiometry hearing test like,Audiometric Exam,terse_aug
the flat pan not a commode,Bedpan,partial_turn2
the flat not a commode,Bedpan,partial_turn2_aug
the flat pan not commode a,Bedpan,partial_turn2_aug
the flat pan not a commode um,Bedpan,partial_turn2_aug
emergency care paid out of pocket,Other emergency services,partial_turn2
emergency care paid of pocket,Other emergency services,partial_turn2_aug
emergency care paid pocket of out,Other emergency services,partial_turn2_aug
just emergency care paid out of pocket,Other emergency services,partial_turn2_aug
portable for my bedridden husband,Urinal (purchase),partial_turn2
portable for my bedridden,Urinal (purchase),partial_turn2_aug
portable husband my bedridden for,Urinal (purchase),partial_turn2_aug
portable for basically my bedridden husband,Urinal (purchase),partial_turn2_aug
DNA test,Screening (for DNA/Genetic purposes),vague_turn1
DNA basically test,Screening (for DNA/Genetic purposes),vague_turn1_aug
RP designation,Psychotherapist,partial_turn2
RP designation I think,Psychotherapist,partial_turn2_aug
I've been dealing with severe leg swelling for years and now I need the strongest thigh-high compression at 40 mmhg just to keep it manageable,"Compression Stockings, thigh/full (30 mmhg & over)",storyteller
I've been dealing with leg swelling for years and now I need the strongest thigh-high compression at 40 mmhg just to keep it manageable,"Compression Stockings, thigh/full (30 mmhg & over)",storyteller_aug
I've been dealing with severe leg swelling for years and at I need the strongest thigh-high compression now 40 mmhg just to keep it manageable,"Compression Stockings, thigh/full (30 mmhg & over)",storyteller_aug
I've been dealing with severe leg swelling for years and now I like need the strongest thigh-high compression at 40 mmhg just to keep it manageable,"Compression Stockings, thigh/full (30 mmhg & over)",storyteller_aug
scan | private imaging clinic | couldn't wait for public,MRI (Magnetic Resonance Imaging),progressive
scan private imaging clinic | couldn't wait for public,MRI (Magnetic Resonance Imaging),progressive_aug
scan | private imaging couldn't | clinic wait for public,MRI (Magnetic Resonance Imaging),progressive_aug
scan | private basically imaging clinic | couldn't wait for public,MRI (Magnetic Resonance Imaging),progressive_aug
the small device that clips onto the sensor,Glucose Monitoring System Transmitter,partial_turn2
the small device clips onto the sensor,Glucose Monitoring System Transmitter,partial_turn2_aug
the that device small clips onto the sensor,Glucose Monitoring System Transmitter,partial_turn2_aug
the um small device that clips onto the sensor,Glucose Monitoring System Transmitter,partial_turn2_aug
special vision thing,Other vision services (i.e. safety glasses),vague_turn1
so special vision thing,Other vision services (i.e. safety glasses),vague_turn1_aug
bed rails,Bed Rails (purchase),vague_turn1
bed rails just,Bed Rails (purchase),vague_turn1_aug
the BP monitor I wore,Ambulatory Blood Pressure Test,vague_turn1
the monitor I wore,Ambulatory Blood Pressure Test,vague_turn1_aug
wore BP monitor I the,Ambulatory Blood Pressure Test,vague_turn1_aug
the BP monitor I wore I think,Ambulatory Blood Pressure Test,vague_turn1_aug
orthopaedic footwear prescribed,Orthopaedic or custom made shoes,partial_turn2
I think orthopaedic footwear prescribed,Orthopaedic or custom made shoes,partial_turn2_aug
IV stand | for home use | during my infusion therapy,IV Stand (purchase),progressive
IV stand | for home use | my infusion therapy,IV Stand (purchase),progressive_aug
IV stand | for home my | during use infusion therapy,IV Stand (purchase),progressive_aug
IV stand | for home use | during actually my infusion therapy,IV Stand (purchase),progressive_aug
breast screening | mammogram | imaging clinic,Mammogram,progressive
breast screening | mammogram | imaging,Mammogram,progressive_aug
breast screening imaging mammogram | | clinic,Mammogram,progressive_aug
breast screening so | mammogram | imaging clinic,Mammogram,progressive_aug
"I have neck pain so I go to physiotherapy and she say buy special pillow for neck, cervical pillow",Cervical Pillow,esl_speaker
"I have neck pain I go to physiotherapy and she say buy special pillow for neck, cervical pillow",Cervical Pillow,esl_speaker_aug
"I have neck physiotherapy so I go to pain and she say buy special pillow for neck, cervical pillow",Cervical Pillow,esl_speaker_aug
"so I have neck pain so I go to physiotherapy and she say buy special pillow for neck, cervical pillow",Cervical Pillow,esl_speaker_aug
I was in the hospital for a few days and there's a bill for stuff OHIP didn't cover,Hospital (within your province),confused_student
I was in the hospital for a few days and there's a bill stuff OHIP didn't cover,Hospital (within your province),confused_student_aug
I was in the hospital for a few didn't and there's a bill for stuff OHIP days cover,Hospital (within your province),confused_student_aug
I was so in the hospital for a few days and there's a bill for stuff OHIP didn't cover,Hospital (within your province),confused_student_aug
knee high 30+ mmhg stockings rx,"Compression Stockings, knee length (30 mmhg & over)",terse
knee high 30+ mmhg stockings,"Compression Stockings, knee length (30 mmhg & over)",terse_aug
stockings high 30+ mmhg knee rx,"Compression Stockings, knee length (30 mmhg & over)",terse_aug
knee high 30+ um mmhg stockings rx,"Compression Stockings, knee length (30 mmhg & over)",terse_aug
the arm cuff crutches,Forearm Crutch (purchase),vague_turn1
cuff arm the crutches,Forearm Crutch (purchase),vague_turn1_aug
the arm cuff actually crutches,Forearm Crutch (purchase),vague_turn1_aug
glucose monitor part,Glucose Monitoring System Receiver,vague_turn1
glucose so monitor part,Glucose Monitoring System Receiver,vague_turn1_aug
the auto inject thing,Insulin Gun (automatic),vague_turn1
the thing inject auto,Insulin Gun (automatic),vague_turn1_aug
like the auto inject thing,Insulin Gun (automatic),vague_turn1_aug
therapy session,Other mental health services,vague_turn1
therapy session just,Other mental health services,vague_turn1_aug
commode on wheels can move it around,Wheeled Commode (purchase),partial_turn2
on wheels can move it around,Wheeled Commode (purchase),partial_turn2_aug
commode it wheels can move on around,Wheeled Commode (purchase),partial_turn2_aug
basically commode on wheels can move it around,Wheeled Commode (purchase),partial_turn2_aug
naturopath not homeopath,Naturopathic Treatment,partial_turn2
I think naturopath not homeopath,Naturopathic Treatment,partial_turn2_aug
"TENS supplies | the sticky pads, not the machine","Stimulator, supplies",progressive
"supplies | the sticky pads, not the machine","Stimulator, supplies",progressive_aug
"TENS supplies | the sticky the not pads, machine","Stimulator, supplies",progressive_aug
"TENS supplies | the sticky pads, I think not the machine","Stimulator, supplies",progressive_aug
"I break my arm and doctor put fiberglass cover on it, the hard thing for bone to heal","Cast, fiberglass",esl_speaker
"I break my arm and put fiberglass cover on it, the hard thing for bone to heal","Cast, fiberglass",esl_speaker_aug
"I thing my arm and doctor put fiberglass cover on it, the hard break for bone to heal","Cast, fiberglass",esl_speaker_aug
"I break my arm and doctor put so fiberglass cover on it, the hard thing for bone to heal","Cast, fiberglass",esl_speaker_aug
off-shelf insoles claim,Standard foot orthotics or shoe inserts,terse
off-shelf um insoles claim,Standard foot orthotics or shoe inserts,terse_aug
submitting a pre-authorization for my husband's upcoming MRI that needs prior approval,Estimate/Pre-Authorization,parent_or_dependent
submitting a pre-authorization for my husband's upcoming MRI that needs prior,Estimate/Pre-Authorization,parent_or_dependent_aug
submitting a pre-authorization for husband's my upcoming MRI that needs prior approval,Estimate/Pre-Authorization,parent_or_dependent_aug
submitting like a pre-authorization for my husband's upcoming MRI that needs prior approval,Estimate/Pre-Authorization,parent_or_dependent_aug
blood draw | the collection fee | separate from the actual tests,Blood Withdrawal Fee,progressive
blood draw | the collection | separate from the actual tests,Blood Withdrawal Fee,progressive_aug
blood from | the collection fee | separate draw the actual tests,Blood Withdrawal Fee,progressive_aug
blood draw | the collection fee | separate from the basically actual tests,Blood Withdrawal Fee,progressive_aug
bought a Drive Medical padded bath bench from Home Health Depot,Bath Bench/Chair (purchase),brand_specific
bought a Medical padded bath bench from Home Health Depot,Bath Bench/Chair (purchase),brand_specific_aug
bought a Drive Home padded bath bench from Medical Health Depot,Bath Bench/Chair (purchase),brand_specific_aug
um bought a Drive Medical padded bath bench from Home Health Depot,Bath Bench/Chair (purchase),brand_specific_aug
Claiming a bilateral screening mammogram with computer-aided detection at a breast imaging centre,Mammogram,detailed_clinical
Claiming bilateral screening mammogram with computer-aided detection at a breast imaging centre,Mammogram,detailed_clinical_aug
Claiming a bilateral screening detection with computer-aided mammogram at a breast imaging centre,Mammogram,detailed_clinical_aug
Claiming a bilateral screening mammogram with computer-aided detection at a breast imaging actually centre,Mammogram,detailed_clinical_aug
reusable insulin device,Insulin Pen Injector,vague_turn1
reusable insulin so device,Insulin Pen Injector,vague_turn1_aug
the alert bracelet,Medic Alert Bracelet,vague_turn1
like the alert bracelet,Medic Alert Bracelet,vague_turn1_aug
"I buy machine for test sugar in blood, you prick finger and it show number",Blood glucose meter,esl_speaker
I buy machine for test sugar in you prick finger and it show number,Blood glucose meter,esl_speaker_aug
"sugar buy machine for test I in blood, you prick finger and it show number",Blood glucose meter,esl_speaker_aug
"I buy machine for test sugar so in blood, you prick finger and it show number",Blood glucose meter,esl_speaker_aug
got a TENS machine for my wife who has chronic neck pain from her desk job,"Stimulator, muscle/nerve (TENS)",parent_or_dependent
got a TENS machine for my wife who has neck pain from her desk job,"Stimulator, muscle/nerve (TENS)",parent_or_dependent_aug
got a TENS machine for my wife job has chronic neck pain from her desk who,"Stimulator, muscle/nerve (TENS)",parent_or_dependent_aug
got a TENS machine for my wife who has chronic neck like pain from her desk job,"Stimulator, muscle/nerve (TENS)",parent_or_dependent_aug
urinal bottle | for bed use | my dad can't get up easily,Urinal (purchase),progressive
urinal bottle | for bed use | dad can't get up easily,Urinal (purchase),progressive_aug
urinal bottle | easily bed use | my dad can't get up for,Urinal (purchase),progressive_aug
urinal bottle | for bed use | my dad can't get like up easily,Urinal (purchase),progressive_aug
Where do I submit speech therapy sessions?,Speech Therapy,question
Where do I submit speech therapy,Speech Therapy,question_aug
Where sessions? I submit speech therapy do,Speech Therapy,question_aug
Where do basically I submit speech therapy sessions?,Speech Therapy,question_aug
Filing for a spring-activated automatic insulin injection device for subcutaneous insulin delivery,Insulin Gun (automatic),detailed_clinical
Filing for a spring-activated automatic insulin device for subcutaneous insulin delivery,Insulin Gun (automatic),detailed_clinical_aug
spring-activated for a Filing automatic insulin injection device for subcutaneous insulin delivery,Insulin Gun (automatic),detailed_clinical_aug
Filing for a spring-activated automatic insulin injection device so for subcutaneous insulin delivery,Insulin Gun (automatic),detailed_clinical_aug
"I need long stocking up to thigh, the pressure is 15 to 19, for my circulation","Compression Stockings, thigh/full (15-19 mmhg)",esl_speaker
"need long stocking up to thigh, the pressure is 15 to 19, for my circulation","Compression Stockings, thigh/full (15-19 mmhg)",esl_speaker_aug
"15 need long stocking up to thigh, the pressure is I to 19, for my circulation","Compression Stockings, thigh/full (15-19 mmhg)",esl_speaker_aug
"I need long stocking up to thigh, the pressure is 15 to actually 19, for my circulation","Compression Stockings, thigh/full (15-19 mmhg)",esl_speaker_aug
bedside commode,Stationary Commode (purchase),vague_turn1
bedside commode just,Stationary Commode (purchase),vague_turn1_aug
bathroom grab bars purchase,Grab Bar/Bath Bar - permanent fixtures (purchase),terse
bars grab bathroom purchase,Grab Bar/Bath Bar - permanent fixtures (purchase),terse_aug
bathroom like grab bars purchase,Grab Bar/Bath Bar - permanent fixtures (purchase),terse_aug
the one that auto injects,Insulin Gun (automatic),partial_turn2
the that auto injects,Insulin Gun (automatic),partial_turn2_aug
the one that injects auto,Insulin Gun (automatic),partial_turn2_aug
I think the one that auto injects,Insulin Gun (automatic),partial_turn2_aug
therapy for anxiety,Clinical Counsellor,vague_turn1
therapy for basically anxiety,Clinical Counsellor,vague_turn1_aug
"I signed up for an online therapy program on my phone, it's CBT but not with a real person in a room",Digital Cognitive Behavioural Therapy,confused_student
"I up for an online therapy program on my phone, it's CBT but not with a real person in a room",Digital Cognitive Behavioural Therapy,confused_student_aug
"I signed up for an online therapy a on my phone, it's CBT but not with program real person in a room",Digital Cognitive Behavioural Therapy,confused_student_aug
"I signed up for an online therapy program on my phone, it's CBT just but not with a real person in a room",Digital Cognitive Behavioural Therapy,confused_student_aug
mental health thing | art therapy | not the standard types,Other mental health services,progressive
mental health thing | art | not the standard types,Other mental health services,progressive_aug
mental not thing | art therapy | health the standard types,Other mental health services,progressive_aug
mental health thing | art therapy | not the basically standard types,Other mental health services,progressive_aug
installed grab bars in the bathroom for my elderly mother's safety,Grab Bar/Bath Bar - permanent fixtures (purchase),parent_or_dependent
installed grab bars in the bathroom for my mother's safety,Grab Bar/Bath Bar - permanent fixtures (purchase),parent_or_dependent_aug
installed grab for in the bathroom bars my elderly mother's safety,Grab Bar/Bath Bar - permanent fixtures (purchase),parent_or_dependent_aug
installed like grab bars in the bathroom for my elderly mother's safety,Grab Bar/Bath Bar - permanent fixtures (purchase),parent_or_dependent_aug
prescription from my doctor,Drug,partial_turn2
from prescription my doctor,Drug,partial_turn2_aug
prescription I think from my doctor,Drug,partial_turn2_aug
doesn't fit the normal categories,Other mental health services,partial_turn2
doesn't fit normal categories,Other mental health services,partial_turn2_aug
doesn't fit categories normal the,Other mental health services,partial_turn2_aug
doesn't fit the just normal categories,Other mental health services,partial_turn2_aug
"I saw a naturopath, they're like a holistic doctor who uses natural remedies",Naturopathic Treatment,confused_student
"I saw a naturopath, they're like a holistic doctor who uses remedies",Naturopathic Treatment,confused_student_aug
"I saw a naturopath, they're remedies a holistic doctor who uses natural like",Naturopathic Treatment,confused_student_aug
"I saw a naturopath, they're like a so holistic doctor who uses natural remedies",Naturopathic Treatment,confused_student_aug
I've been sneezing nonstop so my allergist ordered blood work to figure out what I'm reacting to,Blood test for Allergies (IG test not eligible),storyteller
I've been sneezing nonstop so my allergist blood work to figure out what I'm reacting to,Blood test for Allergies (IG test not eligible),storyteller_aug
I've been allergist nonstop so my sneezing ordered blood work to figure out what I'm reacting to,Blood test for Allergies (IG test not eligible),storyteller_aug
I've been sneezing nonstop actually so my allergist ordered blood work to figure out what I'm reacting to,Blood test for Allergies (IG test not eligible),storyteller_aug
machine for my sleep apnea,"CPAP, APAP, BIPAP Machine",vague_turn1
machine for my sleep,"CPAP, APAP, BIPAP Machine",vague_turn1_aug
for machine my sleep apnea,"CPAP, APAP, BIPAP Machine",vague_turn1_aug
I think machine for my sleep apnea,"CPAP, APAP, BIPAP Machine",vague_turn1_aug
specialized medical supply,Other medical items,partial_turn2
specialized medical supply um,Other medical items,partial_turn2_aug
the breathing device,"CPAP, APAP, BIPAP Machine",vague_turn1
the breathing um device,"CPAP, APAP, BIPAP Machine",vague_turn1_aug
I had a breast x-ray screening done at the clinic,Mammogram,confused_student
I a breast x-ray screening done at the clinic,Mammogram,confused_student_aug
I had a breast x-ray the done at screening clinic,Mammogram,confused_student_aug
I had a um breast x-ray screening done at the clinic,Mammogram,confused_student_aug
diagnostic dental records,Other Orthodontic/Dental Services (i.e. orthodontic records),partial_turn2
diagnostic dental um records,Other Orthodontic/Dental Services (i.e. orthodontic records),partial_turn2_aug
claiming my mother's CA-125 cancer marker blood test from the oncology lab,CA-125 (Cancer Antigen) Test,parent_or_dependent
claiming my mother's CA-125 marker blood test from the oncology lab,CA-125 (Cancer Antigen) Test,parent_or_dependent_aug
claiming lab mother's CA-125 cancer marker blood test from the oncology my,CA-125 (Cancer Antigen) Test,parent_or_dependent_aug
claiming my actually mother's CA-125 cancer marker blood test from the oncology lab,CA-125 (Cancer Antigen) Test,parent_or_dependent_aug
Which category for the receiver that displays readings from my continuous glucose sensor?,Glucose Monitoring System Receiver,question
Which category for the receiver that displays readings from my glucose sensor?,Glucose Monitoring System Receiver,question_aug
Which category for the glucose that displays readings from my continuous receiver sensor?,Glucose Monitoring System Receiver,question_aug
Which category for the receiver that displays readings from my continuous like glucose sensor?,Glucose Monitoring System Receiver,question_aug
"I bought a portable toilet chair that sits by the bed, it doesn't have wheels",Stationary Commode (purchase),confused_student
"bought a portable toilet chair that sits by the bed, it doesn't have wheels",Stationary Commode (purchase),confused_student_aug
"I bought a have toilet chair that sits by the bed, it doesn't portable wheels",Stationary Commode (purchase),confused_student_aug
"I bought a portable toilet chair that sits by the I think bed, it doesn't have wheels",Stationary Commode (purchase),confused_student_aug
podiatry visit | medical treatment | for my heel spur,Podiatry Treatment,progressive
podiatry | medical treatment | for my heel spur,Podiatry Treatment,progressive_aug
podiatry visit | | treatment medical for my heel spur,Podiatry Treatment,progressive_aug
podiatry visit | medical treatment | like for my heel spur,Podiatry Treatment,progressive_aug
x-ray | paid privately | no wait at private clinic,X-Ray,progressive
| paid privately | no wait at private clinic,X-Ray,progressive_aug
x-ray | paid privately clinic no wait at private |,X-Ray,progressive_aug
x-ray | basically paid privately | no wait at private clinic,X-Ray,progressive_aug
shower chair | seat for the tub | after my surgery,Bath Bench/Chair (purchase),progressive
shower chair | seat for the | after my surgery,Bath Bench/Chair (purchase),progressive_aug
shower chair | seat for the tub after | my surgery,Bath Bench/Chair (purchase),progressive_aug
shower chair | seat for the tub | after my surgery like,Bath Bench/Chair (purchase),progressive_aug
medical bra after breast cancer,Mastectomy bra,partial_turn2
medical after breast cancer,Mastectomy bra,partial_turn2_aug
breast bra after medical cancer,Mastectomy bra,partial_turn2_aug
actually medical bra after breast cancer,Mastectomy bra,partial_turn2_aug
cancer blood test | the CA-125 | for my ovarian cyst monitoring,CA-125 (Cancer Antigen) Test,progressive
cancer blood | the CA-125 | for my ovarian cyst monitoring,CA-125 (Cancer Antigen) Test,progressive_aug
blood cancer test | the CA-125 | for my ovarian cyst monitoring,CA-125 (Cancer Antigen) Test,progressive_aug
actually cancer blood test | the CA-125 | for my ovarian cyst monitoring,CA-125 (Cancer Antigen) Test,progressive_aug
"monthly disposables, prescription",Prescription Contacts,partial_turn2
"monthly I think disposables, prescription",Prescription Contacts,partial_turn2_aug
humidifier,Humidifier (Table Top),vague_turn1
actually humidifier,Humidifier (Table Top),vague_turn1_aug
blood collection charge,Blood Withdrawal Fee,vague_turn1
blood collection charge so,Blood Withdrawal Fee,vague_turn1_aug
I got this special foot and ankle brace thing that was made just for me at the orthotics place,"Brace, AFO/KAFO (Custom)",confused_student
I got special foot and ankle brace thing that was made just for me at the orthotics place,"Brace, AFO/KAFO (Custom)",confused_student_aug
I got this special foot and ankle brace place that was made just for me at the orthotics thing,"Brace, AFO/KAFO (Custom)",confused_student_aug
I got basically this special foot and ankle brace thing that was made just for me at the orthotics place,"Brace, AFO/KAFO (Custom)",confused_student_aug
portable toilet,Stationary Commode (purchase),vague_turn1
I think portable toilet,Stationary Commode (purchase),vague_turn1_aug
I was diagnosed with pre-diabetes so my doctor referred me to a dietitian who created a meal plan for me,Dietitian Services,storyteller
I was diagnosed with pre-diabetes so my doctor referred me to a dietitian who a meal plan for me,Dietitian Services,storyteller_aug
I was pre-diabetes with diagnosed so my doctor referred me to a dietitian who created a meal plan for me,Dietitian Services,storyteller_aug
I was diagnosed with pre-diabetes so my doctor referred me basically to a dietitian who created a meal plan for me,Dietitian Services,storyteller_aug
spacer for my asthma inhaler,Aerochamber,partial_turn2
for my asthma inhaler,Aerochamber,partial_turn2_aug
asthma for my spacer inhaler,Aerochamber,partial_turn2_aug
spacer like for my asthma inhaler,Aerochamber,partial_turn2_aug
lancets,Lancet,vague_turn1
lancets actually,Lancet,vague_turn1_aug
"I go to a therapist and their license says registered psychotherapist, how is that different from psychologist?",Psychotherapist,confused_student
"I go to a therapist and their license says registered psychotherapist, how that different from psychologist?",Psychotherapist,confused_student_aug
"from go to a therapist and their license says registered psychotherapist, how is that different I psychologist?",Psychotherapist,confused_student_aug
"I go to a therapist and their license says registered psychotherapist, how just is that different from psychologist?",Psychotherapist,confused_student_aug
I need to get pre-approval from GreenShield before my procedure so my provider submitted an estimate,Estimate/Pre-Authorization,storyteller
I need to get pre-approval from GreenShield before my procedure so my provider an estimate,Estimate/Pre-Authorization,storyteller_aug
I need to get pre-approval estimate GreenShield before my procedure so my provider submitted an from,Estimate/Pre-Authorization,storyteller_aug
I need to get pre-approval from I think GreenShield before my procedure so my provider submitted an estimate,Estimate/Pre-Authorization,storyteller_aug
"my grandma is in a facility full-time now, how do I claim the care costs?",Nursing Home and Long Term Care,confused_student
"my grandma is in facility full-time now, how do I claim the care costs?",Nursing Home and Long Term Care,confused_student_aug
"my grandma is in now, facility full-time a how do I claim the care costs?",Nursing Home and Long Term Care,confused_student_aug
"my grandma is in basically a facility full-time now, how do I claim the care costs?",Nursing Home and Long Term Care,confused_student_aug
OT for daily living skills,Occupational Therapy,partial_turn2
OT for daily living,Occupational Therapy,partial_turn2_aug
OT skills daily living for,Occupational Therapy,partial_turn2_aug
OT for daily living skills so,Occupational Therapy,partial_turn2_aug
I found this great social worker through my EAP and after checking her credentials I saw she has a BSW from Carleton,Social Worker (Bachelors),storyteller
I found this great social worker through my EAP and after checking her credentials I she has a BSW from Carleton,Social Worker (Bachelors),storyteller_aug
I found this great social worker through my EAP and after checking her has I saw she credentials a BSW from Carleton,Social Worker (Bachelors),storyteller_aug
I found this great social worker through my EAP and after checking her credentials I basically saw she has a BSW from Carleton,Social Worker (Bachelors),storyteller_aug
custom leg support | ankle to knee | orthotist fabricated it,"Brace, AFO/KAFO (Custom)",progressive
custom support | ankle to knee | orthotist fabricated it,"Brace, AFO/KAFO (Custom)",progressive_aug
custom leg support | knee to ankle | orthotist fabricated it,"Brace, AFO/KAFO (Custom)",progressive_aug
custom leg um support | ankle to knee | orthotist fabricated it,"Brace, AFO/KAFO (Custom)",progressive_aug
"already submitted twice under the wrong stocking category, these are THIGH length OVER 30 mmhg, please just process my claim","Compression Stockings, thigh/full (30 mmhg & over)",complaint
"already submitted twice under the wrong category, these are THIGH length OVER 30 mmhg, please just process my claim","Compression Stockings, thigh/full (30 mmhg & over)",complaint_aug
"already submitted twice under the wrong stocking just these are THIGH length OVER 30 mmhg, please category, process my claim","Compression Stockings, thigh/full (30 mmhg & over)",complaint_aug
"already submitted twice under the wrong stocking category, these are THIGH length OVER 30 mmhg, please just process my claim actually","Compression Stockings, thigh/full (30 mmhg & over)",complaint_aug
home care | PSW comes | helps my mom with daily tasks,In Home Support Services,progressive
home care | PSW comes | helps my with daily tasks,In Home Support Services,progressive_aug
helps care | PSW comes | home my mom with daily tasks,In Home Support Services,progressive_aug
home care | PSW comes | helps my mom with daily tasks just,In Home Support Services,progressive_aug
"I filed under the wrong pressure level last time, these are definitely 20-29 mmhg knee length, had to redo the whole claim","Compression Stockings, knee length (20-29 mmhg)",complaint
"I filed under the wrong pressure level last time, these are 20-29 mmhg knee length, had to redo the whole claim","Compression Stockings, knee length (20-29 mmhg)",complaint_aug
"I filed under the wrong pressure level last time, these are definitely 20-29 mmhg knee to had length, redo the whole claim","Compression Stockings, knee length (20-29 mmhg)",complaint_aug
"I filed under the wrong pressure level last time, these are definitely 20-29 mmhg knee so length, had to redo the whole claim","Compression Stockings, knee length (20-29 mmhg)",complaint_aug
purchased a Drive Medical Deluxe folding walker from Medichair,Walker - non wheeled (purchase),brand_specific
purchased a Drive Medical Deluxe folding walker from,Walker - non wheeled (purchase),brand_specific_aug
purchased a Drive Medical Deluxe walker folding from Medichair,Walker - non wheeled (purchase),brand_specific_aug
purchased a Drive Medical I think Deluxe folding walker from Medichair,Walker - non wheeled (purchase),brand_specific_aug
glucose monitor | the piece that sends data | not the sensor or screen,Glucose Monitoring System Transmitter,progressive
monitor | the piece that sends data | not the sensor or screen,Glucose Monitoring System Transmitter,progressive_aug
glucose monitor | the piece not sends data | that the sensor or screen,Glucose Monitoring System Transmitter,progressive_aug
glucose monitor | basically the piece that sends data | not the sensor or screen,Glucose Monitoring System Transmitter,progressive_aug
CBT | online platform | therapist monitored digital program,Digital Cognitive Behavioural Therapy,progressive
CBT | online platform therapist monitored digital program,Digital Cognitive Behavioural Therapy,progressive_aug
digital | online platform | therapist monitored CBT program,Digital Cognitive Behavioural Therapy,progressive_aug
CBT | online platform | therapist monitored digital so program,Digital Cognitive Behavioural Therapy,progressive_aug
vitamin D blood work | specific test | not general bloodwork,Vitamin D Test,progressive
vitamin D blood work | specific test | not bloodwork,Vitamin D Test,progressive_aug
vitamin D work blood | specific test | not general bloodwork,Vitamin D Test,progressive_aug
vitamin I think D blood work | specific test | not general bloodwork,Vitamin D Test,progressive_aug
Where do I claim genetic screening for hereditary conditions?,Screening (for DNA/Genetic purposes),question
Where do I genetic screening for hereditary conditions?,Screening (for DNA/Genetic purposes),question_aug
genetic do I claim Where screening for hereditary conditions?,Screening (for DNA/Genetic purposes),question_aug
Where do I like claim genetic screening for hereditary conditions?,Screening (for DNA/Genetic purposes),question_aug
thigh high 30+ mmhg stockings,"Compression Stockings, thigh/full (30 mmhg & over)",terse
thigh high 30+ stockings,"Compression Stockings, thigh/full (30 mmhg & over)",terse_aug
thigh 30+ high mmhg stockings,"Compression Stockings, thigh/full (30 mmhg & over)",terse_aug
thigh I think high 30+ mmhg stockings,"Compression Stockings, thigh/full (30 mmhg & over)",terse_aug
long compression socks,"Compression Stockings, thigh/full (15-19 mmhg)",vague_turn1
long compression actually socks,"Compression Stockings, thigh/full (15-19 mmhg)",vague_turn1_aug
CPAP tubing filters,"CPAP, APAP, BIPAP Supplies",terse
CPAP tubing like filters,"CPAP, APAP, BIPAP Supplies",terse_aug
"full length, the strongest kind","Compression Stockings, thigh/full (30 mmhg & over)",partial_turn2
"length, the strongest kind","Compression Stockings, thigh/full (30 mmhg & over)",partial_turn2_aug
"full the length, strongest kind","Compression Stockings, thigh/full (30 mmhg & over)",partial_turn2_aug
"full length, the strongest I think kind","Compression Stockings, thigh/full (30 mmhg & over)",partial_turn2_aug
eye test | not a regular exam | special scan for my condition,Diagnostic Vision Test,progressive
eye test | not a regular exam | special scan for my,Diagnostic Vision Test,progressive_aug
eye test | not a regular exam special | scan for my condition,Diagnostic Vision Test,progressive_aug
eye test | not I think a regular exam | special scan for my condition,Diagnostic Vision Test,progressive_aug
"my wife sees an osteopath for her chronic neck pain, claiming the appointments",Osteopath,parent_or_dependent
"my wife sees an osteopath for her neck pain, claiming the appointments",Osteopath,parent_or_dependent_aug
"wife my sees an osteopath for her chronic neck pain, claiming the appointments",Osteopath,parent_or_dependent_aug
"I think my wife sees an osteopath for her chronic neck pain, claiming the appointments",Osteopath,parent_or_dependent_aug
I had some kind of emergency medical thing happen but it wasn't an ambulance,Other emergency services,confused_student
I had some kind of emergency medical thing happen it wasn't an ambulance,Other emergency services,confused_student_aug
kind had some I of emergency medical thing happen but it wasn't an ambulance,Other emergency services,confused_student_aug
I had some kind of emergency medical thing um happen but it wasn't an ambulance,Other emergency services,confused_student_aug
nutrition counselling | dietitian | for my celiac disease diet,Dietitian Services,progressive
counselling | dietitian | for my celiac disease diet,Dietitian Services,progressive_aug
nutrition counselling | for | dietitian my celiac disease diet,Dietitian Services,progressive_aug
nutrition counselling so | dietitian | for my celiac disease diet,Dietitian Services,progressive_aug
the display unit for my CGM,Glucose Monitoring System Receiver,partial_turn2
the display unit for my,Glucose Monitoring System Receiver,partial_turn2_aug
the unit display for my CGM,Glucose Monitoring System Receiver,partial_turn2_aug
basically the display unit for my CGM,Glucose Monitoring System Receiver,partial_turn2_aug
the brace from the drugstore,Brace (Non-custom),vague_turn1
the from the drugstore,Brace (Non-custom),vague_turn1_aug
the drugstore from the brace,Brace (Non-custom),vague_turn1_aug
actually the brace from the drugstore,Brace (Non-custom),vague_turn1_aug
"stockings | thigh high | medium pressure, for standing all day","Compression Stockings, thigh/full (15-19 mmhg)",progressive
"stockings | thigh high | medium pressure, for all day","Compression Stockings, thigh/full (15-19 mmhg)",progressive_aug
"stockings medium thigh high | | pressure, for standing all day","Compression Stockings, thigh/full (15-19 mmhg)",progressive_aug
"stockings | thigh high | just medium pressure, for standing all day","Compression Stockings, thigh/full (15-19 mmhg)",progressive_aug
I'm over 50 and my GP recommended yearly PSA screening so I got the blood test done,PSA Test (Prostate Specific Antigen),storyteller
I'm over 50 and my GP recommended yearly PSA screening so I the blood test done,PSA Test (Prostate Specific Antigen),storyteller_aug
I'm over 50 so my GP recommended yearly PSA screening and I got the blood test done,PSA Test (Prostate Specific Antigen),storyteller_aug
I'm over 50 and my GP recommended yearly PSA so screening so I got the blood test done,PSA Test (Prostate Specific Antigen),storyteller_aug
urgent care not hospital ER,Other emergency services,partial_turn2
urgent not hospital ER,Other emergency services,partial_turn2_aug
urgent hospital not care ER,Other emergency services,partial_turn2_aug
urgent care not hospital ER um,Other emergency services,partial_turn2_aug
the bottle for the bed,Urinal (purchase),vague_turn1
the bottle the bed,Urinal (purchase),vague_turn1_aug
the for bottle the bed,Urinal (purchase),vague_turn1_aug
the just bottle for the bed,Urinal (purchase),vague_turn1_aug
registered physiotherapist,Physiotherapy,partial_turn2
registered physiotherapist actually,Physiotherapy,partial_turn2_aug
private x-ray,X-Ray,vague_turn1
um private x-ray,X-Ray,vague_turn1_aug
had a chiropody session at FeetFirst Foot Care Clinic in Ottawa,Chiropody (Foot Care) Treatment,brand_specific
had a chiropody session FeetFirst Foot Care Clinic in Ottawa,Chiropody (Foot Care) Treatment,brand_specific_aug
had a at session chiropody FeetFirst Foot Care Clinic in Ottawa,Chiropody (Foot Care) Treatment,brand_specific_aug
had a just chiropody session at FeetFirst Foot Care Clinic in Ottawa,Chiropody (Foot Care) Treatment,brand_specific_aug
all the wires attached sleeping test,Sleep Study,partial_turn2
the wires attached sleeping test,Sleep Study,partial_turn2_aug
all the wires attached test sleeping,Sleep Study,partial_turn2_aug
all the wires actually attached sleeping test,Sleep Study,partial_turn2_aug
dental estimate | before they do the work | need pre-approval,Dental Estimate for Services,progressive
dental estimate | before they do the work | pre-approval,Dental Estimate for Services,progressive_aug
| estimate dental before they do the work | need pre-approval,Dental Estimate for Services,progressive_aug
dental estimate | before they do the work | so need pre-approval,Dental Estimate for Services,progressive_aug
I picked 'Psychotherapist' but my provider is a registered psychologist with a doctorate,Psychologist,wrong_guess
I picked 'Psychotherapist' but my provider is a registered psychologist with a,Psychologist,wrong_guess_aug
I picked 'Psychotherapist' psychologist my provider is a registered but with a doctorate,Psychologist,wrong_guess_aug
I picked 'Psychotherapist' but my provider is a registered psychologist like with a doctorate,Psychologist,wrong_guess_aug
purchased a OneTouch Verio Reflect glucose meter from Rexall,Blood glucose meter,brand_specific
purchased OneTouch Verio Reflect glucose meter from Rexall,Blood glucose meter,brand_specific_aug
purchased a from Verio Reflect glucose meter OneTouch Rexall,Blood glucose meter,brand_specific_aug
purchased a OneTouch Verio Reflect just glucose meter from Rexall,Blood glucose meter,brand_specific_aug
"art therapy, expressive",Other mental health services,partial_turn2
"I think art therapy, expressive",Other mental health services,partial_turn2_aug
arch support,Standard foot orthotics or shoe inserts,vague_turn1
arch so support,Standard foot orthotics or shoe inserts,vague_turn1_aug
tinnitus management program,Other hearing services,partial_turn2
tinnitus just management program,Other hearing services,partial_turn2_aug
occupational therapy,Occupational Therapy,vague_turn1
actually occupational therapy,Occupational Therapy,vague_turn1_aug
"in home support | personal care | not nursing, just help",In Home Support Services,progressive
"in home support | personal care | not nursing, just",In Home Support Services,progressive_aug
"in home support | personal help | not nursing, just care",In Home Support Services,progressive_aug
"in home support | personal care | basically not nursing, just help",In Home Support Services,progressive_aug
"claiming a vitamin D test for my spouse, her doctor suspected a deficiency",Vitamin D Test,parent_or_dependent
"claiming a vitamin D for my spouse, her doctor suspected a deficiency",Vitamin D Test,parent_or_dependent_aug
"claiming a vitamin deficiency test for my spouse, her doctor suspected a D",Vitamin D Test,parent_or_dependent_aug
"claiming a vitamin D test for my spouse, her doctor suspected basically a deficiency",Vitamin D Test,parent_or_dependent_aug
purchased a SmartCrutch forearm crutch from Motion Specialties,Forearm Crutch (purchase),brand_specific
purchased a SmartCrutch forearm crutch Motion Specialties,Forearm Crutch (purchase),brand_specific_aug
purchased a SmartCrutch forearm Motion from crutch Specialties,Forearm Crutch (purchase),brand_specific_aug
purchased just a SmartCrutch forearm crutch from Motion Specialties,Forearm Crutch (purchase),brand_specific_aug
back cracking and adjustment,Chiropractic,partial_turn2
adjustment cracking and back,Chiropractic,partial_turn2_aug
back cracking and um adjustment,Chiropractic,partial_turn2_aug
home BP monitor cuff,Blood pressure monitor,terse
cuff BP monitor home,Blood pressure monitor,terse_aug
home BP monitor um cuff,Blood pressure monitor,terse_aug
orthotics | custom made from a cast of my feet,Custom made foot orthotics,progressive
orthotics | custom made from a of my feet,Custom made foot orthotics,progressive_aug
orthotics | custom made from my cast of a feet,Custom made foot orthotics,progressive_aug
orthotics | custom made from a basically cast of my feet,Custom made foot orthotics,progressive_aug
"My old CGM transmitter died after three months so I need a new one, it's the part that snaps into the sensor and sends readings to my phone",Glucose Monitoring System Transmitter,storyteller
"My old CGM transmitter died after three months so I need a new one, it's the part that snaps into the sensor and sends readings to phone",Glucose Monitoring System Transmitter,storyteller_aug
"My old CGM transmitter died after three months so I need a new one, it's to part that snaps into the sensor and sends readings the my phone",Glucose Monitoring System Transmitter,storyteller_aug
"My old CGM transmitter died after three months so I need a new one, it's the part that snaps into the sensor and sends readings to my like phone",Glucose Monitoring System Transmitter,storyteller_aug
"I need a new face thing for my breathing machine, just the part that goes on my face","CPAP, APAP, BIPAP Mask",confused_student
"I need a new face thing for breathing machine, just the part that goes on my face","CPAP, APAP, BIPAP Mask",confused_student_aug
"I need a new face goes for my breathing machine, just the part that thing on my face","CPAP, APAP, BIPAP Mask",confused_student_aug
"I need actually a new face thing for my breathing machine, just the part that goes on my face","CPAP, APAP, BIPAP Mask",confused_student_aug
"full length, medium firmness","Compression Stockings, thigh/full (15-19 mmhg)",partial_turn2
"length, full medium firmness","Compression Stockings, thigh/full (15-19 mmhg)",partial_turn2_aug
"so full length, medium firmness","Compression Stockings, thigh/full (15-19 mmhg)",partial_turn2_aug
blood pressure cuff,Blood pressure monitor,vague_turn1
blood pressure basically cuff,Blood pressure monitor,vague_turn1_aug
knee socks,"Compression Stockings, knee length (20-29 mmhg)",vague_turn1
so knee socks,"Compression Stockings, knee length (20-29 mmhg)",vague_turn1_aug
"stockings from the clinic | custom fitted, not the pharmacy kind","Compression Stockings, custom, any length",progressive
"stockings from clinic | custom fitted, not the pharmacy kind","Compression Stockings, custom, any length",progressive_aug
"stockings from fitted, clinic | custom the not the pharmacy kind","Compression Stockings, custom, any length",progressive_aug
"stockings from the clinic | custom fitted, not the pharmacy kind basically","Compression Stockings, custom, any length",progressive_aug
What category for a lightweight transport wheelchair that folds for travel?,Transport Wheelchair,question
What category for a lightweight transport wheelchair that for travel?,Transport Wheelchair,question_aug
What transport for a lightweight category wheelchair that folds for travel?,Transport Wheelchair,question_aug
What category for a lightweight transport wheelchair that folds like for travel?,Transport Wheelchair,question_aug
IV pole,IV Stand (purchase),vague_turn1
IV just pole,IV Stand (purchase),vague_turn1_aug
"manual, I push it myself",Insulin Gun (manual),partial_turn2
I push it myself,Insulin Gun (manual),partial_turn2_aug
"manual, it push I myself",Insulin Gun (manual),partial_turn2_aug
"manual, I push it um myself",Insulin Gun (manual),partial_turn2_aug
prescribed wig after cancer,Wig,partial_turn2
wig prescribed after cancer,Wig,partial_turn2_aug
so prescribed wig after cancer,Wig,partial_turn2_aug
purchased a Hugo Elite rollator walker from Costco,Walker - with wheels (purchase),brand_specific
purchased a Hugo rollator walker from Costco,Walker - with wheels (purchase),brand_specific_aug
purchased a Hugo Costco rollator walker from Elite,Walker - with wheels (purchase),brand_specific_aug
purchased a Hugo Elite rollator walker from Costco just,Walker - with wheels (purchase),brand_specific_aug
"insulin pump | wear it all day, continuous delivery",Insulin infusion pump,progressive
"insulin pump | wear it all day, continuous",Insulin infusion pump,progressive_aug
"insulin pump | wear delivery all day, continuous it",Insulin infusion pump,progressive_aug
"insulin pump | wear I think it all day, continuous delivery",Insulin infusion pump,progressive_aug
diapers | incontinence pads | monthly supplies,Incontinence Supplies,progressive
| incontinence pads | monthly supplies,Incontinence Supplies,progressive_aug
pads | incontinence diapers | monthly supplies,Incontinence Supplies,progressive_aug
diapers | incontinence pads | monthly supplies I think,Incontinence Supplies,progressive_aug
"I got the regular crutches that go under your armpits, a pair of them","Crutches, pair",confused_student
"got the regular crutches that go under your armpits, a pair of them","Crutches, pair",confused_student_aug
"that got the regular crutches I go under your armpits, a pair of them","Crutches, pair",confused_student_aug
"I got the regular crutches that basically go under your armpits, a pair of them","Crutches, pair",confused_student_aug
What category for ear plugs that were custom-made from an ear impression?,Ear Plugs (custom made),question
What category for ear that were custom-made from an ear impression?,Ear Plugs (custom made),question_aug
What category for ear plugs that were custom-made from an impression? ear,Ear Plugs (custom made),question_aug
What category for ear plugs that were custom-made from um an ear impression?,Ear Plugs (custom made),question_aug
the freezer gel pack,Cold Therapy - Re-usable Items (purchase),vague_turn1
freezer the gel pack,Cold Therapy - Re-usable Items (purchase),vague_turn1_aug
I think the freezer gel pack,Cold Therapy - Re-usable Items (purchase),vague_turn1_aug
gynecologist ordered blood test,CA-125 (Cancer Antigen) Test,partial_turn2
gynecologist blood ordered test,CA-125 (Cancer Antigen) Test,partial_turn2_aug
gynecologist ordered basically blood test,CA-125 (Cancer Antigen) Test,partial_turn2_aug
custom made from a mold of my feet,Custom made foot orthotics,partial_turn2
custom made from a mold of my,Custom made foot orthotics,partial_turn2_aug
custom from made a mold of my feet,Custom made foot orthotics,partial_turn2_aug
custom made from a mold of um my feet,Custom made foot orthotics,partial_turn2_aug
"there are three different knee-length options by pressure, mine are 15-19 mmhg, I almost picked the wrong one last time","Compression Stockings, knee length (15-19 mmhg)",complaint
"there are three different knee-length options by pressure, mine are 15-19 mmhg, I almost picked wrong one last time","Compression Stockings, knee length (15-19 mmhg)",complaint_aug
"there are mine different knee-length options by pressure, three are 15-19 mmhg, I almost picked the wrong one last time","Compression Stockings, knee length (15-19 mmhg)",complaint_aug
"there are three different knee-length options by pressure, mine are 15-19 mmhg, I almost picked the wrong one last time like","Compression Stockings, knee length (15-19 mmhg)",complaint_aug
ostomy supplies bags,Ostomy,terse
ostomy supplies bags I think,Ostomy,terse_aug
goes from my foot up to my knee,"Brace, AFO/KAFO (Custom)",partial_turn2
goes from my foot up my knee,"Brace, AFO/KAFO (Custom)",partial_turn2_aug
goes from my foot up to my knee,"Brace, AFO/KAFO (Custom)",partial_turn2_aug
goes from um my foot up to my knee,"Brace, AFO/KAFO (Custom)",partial_turn2_aug
"there's knee and thigh options with different pressures, mine are thigh-high 20-29, this system needs better labels","Compression Stockings, thigh/full (20-29 mmhg)",complaint
"there's and thigh options with different pressures, mine are thigh-high 20-29, this system needs better labels","Compression Stockings, thigh/full (20-29 mmhg)",complaint_aug
"there's knee and thigh options with different pressures, needs are thigh-high 20-29, this system mine better labels","Compression Stockings, thigh/full (20-29 mmhg)",complaint_aug
"there's knee and thigh options with different pressures, mine are thigh-high 20-29, this system so needs better labels","Compression Stockings, thigh/full (20-29 mmhg)",complaint_aug
vision therapy sessions claim,Other vision services (i.e. safety glasses),terse
vision claim sessions therapy,Other vision services (i.e. safety glasses),terse_aug
vision therapy sessions claim basically,Other vision services (i.e. safety glasses),terse_aug
blood pressure machine,Blood pressure monitor,vague_turn1
blood actually pressure machine,Blood pressure monitor,vague_turn1_aug
Where do I submit a claim for a medical alert identification bracelet?,Medic Alert Bracelet,question
Where do I submit a claim for a medical alert identification,Medic Alert Bracelet,question_aug
Where identification I submit a claim for a medical alert do bracelet?,Medic Alert Bracelet,question_aug
Where just do I submit a claim for a medical alert identification bracelet?,Medic Alert Bracelet,question_aug
Where do I file the ambulance transport bill?,Ambulance,question
Where do I file the transport bill?,Ambulance,question_aug
Where do I file the ambulance bill? transport,Ambulance,question_aug
Where do I like file the ambulance transport bill?,Ambulance,question_aug
spine treatment,Chiropractic,vague_turn1
actually spine treatment,Chiropractic,vague_turn1_aug
prep pads,Alcohol swabs,vague_turn1
prep actually pads,Alcohol swabs,vague_turn1_aug
psychotherapy sessions,Psychotherapist,vague_turn1
psychotherapy sessions um,Psychotherapist,vague_turn1_aug
"these aren't regular stockings, they were literally custom made at a clinic, why is this so hard to find in the dropdown","Compression Stockings, custom, any length",complaint
"these aren't regular stockings, they were literally custom made at a clinic, why is this so hard find in the dropdown","Compression Stockings, custom, any length",complaint_aug
"these aren't regular stockings, they were literally custom made at a clinic, why is this dropdown hard to find in the so","Compression Stockings, custom, any length",complaint_aug
"these aren't regular stockings, they were literally custom made at a clinic, why is this so hard to I think find in the dropdown","Compression Stockings, custom, any length",complaint_aug
"they stop at the ankle, no foot part","Compression Calf Sleeves/Tights (footless), any length",partial_turn2
"they stop at the ankle, no foot","Compression Calf Sleeves/Tights (footless), any length",partial_turn2_aug
"ankle, stop at the they no foot part","Compression Calf Sleeves/Tights (footless), any length",partial_turn2_aug
"they stop at the ankle, no actually foot part","Compression Calf Sleeves/Tights (footless), any length",partial_turn2_aug
had custom Sensaphonics ear plugs made at my audiologist's office for noise protection,Ear Plugs (custom made),brand_specific
had custom Sensaphonics ear plugs made at my audiologist's office for protection,Ear Plugs (custom made),brand_specific_aug
audiologist's custom Sensaphonics ear plugs made at my had office for noise protection,Ear Plugs (custom made),brand_specific_aug
had custom Sensaphonics ear plugs made at my audiologist's like office for noise protection,Ear Plugs (custom made),brand_specific_aug
medical device for my condition,Other medical items,partial_turn2
medical device for my,Other medical items,partial_turn2_aug
medical condition for my device,Other medical items,partial_turn2_aug
actually medical device for my condition,Other medical items,partial_turn2_aug
custom earplugs for swimming,Other hearing services,partial_turn2
swimming earplugs for custom,Other hearing services,partial_turn2_aug
custom I think earplugs for swimming,Other hearing services,partial_turn2_aug
helping my mother claim her heavy-duty thigh-high 30+ mmhg stockings for her chronic lymphedema,"Compression Stockings, thigh/full (30 mmhg & over)",parent_or_dependent
helping my mother claim her heavy-duty thigh-high 30+ mmhg stockings for her lymphedema,"Compression Stockings, thigh/full (30 mmhg & over)",parent_or_dependent_aug
helping my claim mother her heavy-duty thigh-high 30+ mmhg stockings for her chronic lymphedema,"Compression Stockings, thigh/full (30 mmhg & over)",parent_or_dependent_aug
um helping my mother claim her heavy-duty thigh-high 30+ mmhg stockings for her chronic lymphedema,"Compression Stockings, thigh/full (30 mmhg & over)",parent_or_dependent_aug
flat pan for the bed,Bedpan,vague_turn1
pan for the bed,Bedpan,vague_turn1_aug
flat the for pan bed,Bedpan,vague_turn1_aug
flat pan for the bed I think,Bedpan,vague_turn1_aug
"I got a test to check my DNA for hereditary diseases, like BRCA genes",Screening (for DNA/Genetic purposes),confused_student
"I got a test to check my DNA for hereditary diseases, like BRCA",Screening (for DNA/Genetic purposes),confused_student_aug
"I got a test hereditary check my DNA for to diseases, like BRCA genes",Screening (for DNA/Genetic purposes),confused_student_aug
"I got a test to just check my DNA for hereditary diseases, like BRCA genes",Screening (for DNA/Genetic purposes),confused_student_aug
"it's the injection device where you push it in yourself by hand, no automatic spring",Insulin Gun (manual),confused_student
"it's the injection device where you push it in yourself by hand, no automatic",Insulin Gun (manual),confused_student_aug
"it's no injection device where you push it in yourself by hand, the automatic spring",Insulin Gun (manual),confused_student_aug
"it's the um injection device where you push it in yourself by hand, no automatic spring",Insulin Gun (manual),confused_student_aug
"up to the hip area, medium support","Compression Stockings, thigh/full (15-19 mmhg)",partial_turn2
up to the hip medium support,"Compression Stockings, thigh/full (15-19 mmhg)",partial_turn2_aug
"up to the area, hip medium support","Compression Stockings, thigh/full (15-19 mmhg)",partial_turn2_aug
"up to the hip area, actually medium support","Compression Stockings, thigh/full (15-19 mmhg)",partial_turn2_aug
manual therapy,Osteopath,vague_turn1
manual like therapy,Osteopath,vague_turn1_aug
the light leg socks,"Compression Stockings, any length (up to 14 mmhg)",vague_turn1
socks light leg the,"Compression Stockings, any length (up to 14 mmhg)",vague_turn1_aug
the light leg socks like,"Compression Stockings, any length (up to 14 mmhg)",vague_turn1_aug
replacement parts for my cpap,"CPAP, APAP, BIPAP Supplies",vague_turn1
replacement parts for my,"CPAP, APAP, BIPAP Supplies",vague_turn1_aug
my parts for replacement cpap,"CPAP, APAP, BIPAP Supplies",vague_turn1_aug
replacement parts for I think my cpap,"CPAP, APAP, BIPAP Supplies",vague_turn1_aug
Which category for a spacer device I use with my asthma inhaler?,Aerochamber,question
Which category a spacer device I use with my asthma inhaler?,Aerochamber,question_aug
Which category for a spacer device I use with inhaler? asthma my,Aerochamber,question_aug
Which category for a spacer device I use with actually my asthma inhaler?,Aerochamber,question_aug
bought a wheeled rollator walker for my grandfather to use for his daily walks,Walker - with wheels (purchase),parent_or_dependent
bought wheeled rollator walker for my grandfather to use for his daily walks,Walker - with wheels (purchase),parent_or_dependent_aug
bought use wheeled rollator walker for my grandfather to a for his daily walks,Walker - with wheels (purchase),parent_or_dependent_aug
bought a wheeled rollator walker for my grandfather to use for his basically daily walks,Walker - with wheels (purchase),parent_or_dependent_aug
standard cane not quad,"Cane, standard",partial_turn2
standard cane quad not,"Cane, standard",partial_turn2_aug
standard cane um not quad,"Cane, standard",partial_turn2_aug
vision therapy sessions at the Ottawa Vision Therapy Centre,Other vision services (i.e. safety glasses),brand_specific
vision therapy sessions at Ottawa Vision Therapy Centre,Other vision services (i.e. safety glasses),brand_specific_aug
vision therapy sessions at the Ottawa Therapy Vision Centre,Other vision services (i.e. safety glasses),brand_specific_aug
vision therapy sessions at the Ottawa Vision Therapy Centre like,Other vision services (i.e. safety glasses),brand_specific_aug
claiming my spouse's therapy sessions with a master's level social worker for grief counselling,Social Worker (Masters level),parent_or_dependent
claiming my spouse's therapy sessions with a level social worker for grief counselling,Social Worker (Masters level),parent_or_dependent_aug
spouse's my claiming therapy sessions with a master's level social worker for grief counselling,Social Worker (Masters level),parent_or_dependent_aug
claiming my spouse's therapy um sessions with a master's level social worker for grief counselling,Social Worker (Masters level),parent_or_dependent_aug
the tiny needles for pricking my finger,Lancet,partial_turn2
the needles for pricking my finger,Lancet,partial_turn2_aug
the tiny needles for finger my pricking,Lancet,partial_turn2_aug
the tiny needles for pricking my basically finger,Lancet,partial_turn2_aug
regular kind from shoppers,Brace (Non-custom),partial_turn2
regular shoppers from kind,Brace (Non-custom),partial_turn2_aug
regular basically kind from shoppers,Brace (Non-custom),partial_turn2_aug
hospital stay | few days | within my province,Hospital (within your province),progressive
hospital stay | few days | within province,Hospital (within your province),progressive_aug
hospital stay | few | days within my province,Hospital (within your province),progressive_aug
so hospital stay | few days | within my province,Hospital (within your province),progressive_aug
"left knee, custom fitted","Brace, left knee (Custom)",partial_turn2
"left custom knee, fitted","Brace, left knee (Custom)",partial_turn2_aug
"left knee, actually custom fitted","Brace, left knee (Custom)",partial_turn2_aug
digital CBT app subscription,Digital Cognitive Behavioural Therapy,terse
digital CBT subscription app,Digital Cognitive Behavioural Therapy,terse_aug
actually digital CBT app subscription,Digital Cognitive Behavioural Therapy,terse_aug
really firm leg socks,"Compression Stockings, knee length (30 mmhg & over)",vague_turn1
firm really leg socks,"Compression Stockings, knee length (30 mmhg & over)",vague_turn1_aug
really firm just leg socks,"Compression Stockings, knee length (30 mmhg & over)",vague_turn1_aug
It had been two years since my last eye check so I booked a routine exam at the optometrist to update my prescription,Eye Exam,storyteller
It had been two years since my last eye check so I booked a exam at the optometrist to update my prescription,Eye Exam,storyteller_aug
It had been two years since my last so check eye I booked a routine exam at the optometrist to update my prescription,Eye Exam,storyteller_aug
It had been two years since my last eye check so I booked a routine exam at the optometrist to update my prescription um,Eye Exam,storyteller_aug
bedpan purchase,Bedpan,terse
bedpan purchase just,Bedpan,terse_aug
knee brace | right knee | custom made after my ACL surgery,"Brace, right knee (Custom)",progressive
knee | right knee | custom made after my ACL surgery,"Brace, right knee (Custom)",progressive_aug
knee brace | made knee | custom right after my ACL surgery,"Brace, right knee (Custom)",progressive_aug
knee brace | actually right knee | custom made after my ACL surgery,"Brace, right knee (Custom)",progressive_aug
commode with wheels,Wheeled Commode (purchase),vague_turn1
commode with wheels just,Wheeled Commode (purchase),vague_turn1_aug
What's the right category for prescription safety eyewear for work?,Safety Glasses,question
What's the right category for prescription safety for work?,Safety Glasses,question_aug
What's the right category for for safety eyewear prescription work?,Safety Glasses,question_aug
like What's the right category for prescription safety eyewear for work?,Safety Glasses,question_aug
they scanned my retina,Diagnostic Vision Test,partial_turn2
scanned they my retina,Diagnostic Vision Test,partial_turn2_aug
they scanned just my retina,Diagnostic Vision Test,partial_turn2_aug
genetic testing for cancer risk,Screening (for DNA/Genetic purposes),partial_turn2
genetic testing for cancer,Screening (for DNA/Genetic purposes),partial_turn2_aug
genetic cancer for testing risk,Screening (for DNA/Genetic purposes),partial_turn2_aug
genetic testing for cancer like risk,Screening (for DNA/Genetic purposes),partial_turn2_aug
blood draw fee,Blood Withdrawal Fee,vague_turn1
I think blood draw fee,Blood Withdrawal Fee,vague_turn1_aug
bought them at the pharmacy,Standard foot orthotics or shoe inserts,partial_turn2
bought at the pharmacy,Standard foot orthotics or shoe inserts,partial_turn2_aug
them bought at the pharmacy,Standard foot orthotics or shoe inserts,partial_turn2_aug
bought basically them at the pharmacy,Standard foot orthotics or shoe inserts,partial_turn2_aug
lenses | not glasses | the ones I put in my eyes,Prescription Contacts,progressive
lenses | not glasses | the ones put in my eyes,Prescription Contacts,progressive_aug
the | not glasses | lenses ones I put in my eyes,Prescription Contacts,progressive_aug
lenses | not glasses | the ones I put in my I think eyes,Prescription Contacts,progressive_aug
What category do I pick for treatment from a certified athletic therapist?,Athletic Therapy,question
What category do I for treatment from a certified athletic therapist?,Athletic Therapy,question_aug
What category do I pick from treatment for a certified athletic therapist?,Athletic Therapy,question_aug
What category do I pick for treatment from um a certified athletic therapist?,Athletic Therapy,question_aug
Claiming bilateral below-knee medical-grade compression hosiery rated 30-40 mmHg for chronic venous insufficiency stage C4,"Compression Stockings, knee length (30 mmhg & over)",detailed_clinical
Claiming bilateral below-knee medical-grade compression hosiery rated 30-40 mmHg for venous insufficiency stage C4,"Compression Stockings, knee length (30 mmhg & over)",detailed_clinical_aug
Claiming C4 below-knee medical-grade compression hosiery rated 30-40 mmHg for chronic venous insufficiency stage bilateral,"Compression Stockings, knee length (30 mmhg & over)",detailed_clinical_aug
I think Claiming bilateral below-knee medical-grade compression hosiery rated 30-40 mmHg for chronic venous insufficiency stage C4,"Compression Stockings, knee length (30 mmhg & over)",detailed_clinical_aug
glucose thing | the handheld machine | bought at shoppers,Blood glucose meter,progressive
glucose thing | the handheld | bought at shoppers,Blood glucose meter,progressive_aug
glucose thing | the handheld machine | shoppers at bought,Blood glucose meter,progressive_aug
glucose thing actually | the handheld machine | bought at shoppers,Blood glucose meter,progressive_aug
urinal bottle for bed use,Urinal (purchase),partial_turn2
urinal bottle for use,Urinal (purchase),partial_turn2_aug
urinal bottle use bed for,Urinal (purchase),partial_turn2_aug
urinal bottle I think for bed use,Urinal (purchase),partial_turn2_aug
emergency transport,Ambulance,vague_turn1
emergency just transport,Ambulance,vague_turn1_aug
paid for xray privately,X-Ray,partial_turn2
for paid xray privately,X-Ray,partial_turn2_aug
um paid for xray privately,X-Ray,partial_turn2_aug
podiatrist not chiropodist,Podiatry Treatment,partial_turn2
I think podiatrist not chiropodist,Podiatry Treatment,partial_turn2_aug
thigh high 15-19 mmhg stockings,"Compression Stockings, thigh/full (15-19 mmhg)",terse
thigh high 15-19 mmhg,"Compression Stockings, thigh/full (15-19 mmhg)",terse_aug
thigh stockings 15-19 mmhg high,"Compression Stockings, thigh/full (15-19 mmhg)",terse_aug
thigh high 15-19 mmhg stockings I think,"Compression Stockings, thigh/full (15-19 mmhg)",terse_aug
Claiming a 90-day supply of disposable subcutaneous glucose oxidase-based sensors for continuous interstitial glucose monitoring,Glucose Monitoring System Supplies/Sensors,detailed_clinical
Claiming a 90-day supply of disposable subcutaneous glucose oxidase-based sensors continuous interstitial glucose monitoring,Glucose Monitoring System Supplies/Sensors,detailed_clinical_aug
Claiming a 90-day of supply disposable subcutaneous glucose oxidase-based sensors for continuous interstitial glucose monitoring,Glucose Monitoring System Supplies/Sensors,detailed_clinical_aug
Claiming a 90-day supply of disposable subcutaneous glucose oxidase-based sensors for continuous interstitial like glucose monitoring,Glucose Monitoring System Supplies/Sensors,detailed_clinical_aug
hearing check,Audiometric Exam,vague_turn1
actually hearing check,Audiometric Exam,vague_turn1_aug
the compression garment,Other garment brace services (i.e. compression gloves),vague_turn1
um the compression garment,Other garment brace services (i.e. compression gloves),vague_turn1_aug
gentle support stockings,"Compression Stockings, any length (up to 14 mmhg)",vague_turn1
gentle just support stockings,"Compression Stockings, any length (up to 14 mmhg)",vague_turn1_aug
dial at the end insulin pen,Insulin Pen Injector,partial_turn2
dial the end insulin pen,Insulin Pen Injector,partial_turn2_aug
insulin at the end dial pen,Insulin Pen Injector,partial_turn2_aug
dial so at the end insulin pen,Insulin Pen Injector,partial_turn2_aug
foot insoles from the store,Standard foot orthotics or shoe inserts,vague_turn1
foot insoles from the,Standard foot orthotics or shoe inserts,vague_turn1_aug
foot insoles store the from,Standard foot orthotics or shoe inserts,vague_turn1_aug
foot insoles from um the store,Standard foot orthotics or shoe inserts,vague_turn1_aug
How do I submit a dental treatment estimate for pre-authorization?,Dental Estimate for Services,question
How do I submit a treatment estimate for pre-authorization?,Dental Estimate for Services,question_aug
How do I submit estimate dental treatment a for pre-authorization?,Dental Estimate for Services,question_aug
How do I um submit a dental treatment estimate for pre-authorization?,Dental Estimate for Services,question_aug
I got some kind of vision treatment that's not an exam or glasses or contacts,Other vision services (i.e. safety glasses),confused_student
I got some kind vision treatment that's not an exam or glasses or contacts,Other vision services (i.e. safety glasses),confused_student_aug
I got some kind of vision treatment that's exam an not or glasses or contacts,Other vision services (i.e. safety glasses),confused_student_aug
I got some kind of vision treatment that's not an exam or like glasses or contacts,Other vision services (i.e. safety glasses),confused_student_aug
daily wear contacts,Prescription Contacts,partial_turn2
basically daily wear contacts,Prescription Contacts,partial_turn2_aug
"support socks | really gentle, barely feel them","Compression Stockings, any length (up to 14 mmhg)",progressive
"support socks | really gentle, feel them","Compression Stockings, any length (up to 14 mmhg)",progressive_aug
"support socks gentle, really | barely feel them","Compression Stockings, any length (up to 14 mmhg)",progressive_aug
"support um socks | really gentle, barely feel them","Compression Stockings, any length (up to 14 mmhg)",progressive_aug
"I go to lab for blood test, doctor want check vitamin D in my body",Vitamin D Test,esl_speaker
"I to lab for blood test, doctor want check vitamin D in my body",Vitamin D Test,esl_speaker_aug
"I go to lab blood for test, doctor want check vitamin D in my body",Vitamin D Test,esl_speaker_aug
"I go to lab for blood test, doctor want check actually vitamin D in my body",Vitamin D Test,esl_speaker_aug
insulin injector | manual type | not the spring loaded one,Insulin Gun (manual),progressive
insulin injector | manual | not the spring loaded one,Insulin Gun (manual),progressive_aug
insulin injector | manual one | not the spring loaded type,Insulin Gun (manual),progressive_aug
insulin injector | I think manual type | not the spring loaded one,Insulin Gun (manual),progressive_aug
aerochamber device,Aerochamber,vague_turn1
aerochamber device actually,Aerochamber,vague_turn1_aug
the little alcohol wipes,Alcohol swabs,partial_turn2
little the alcohol wipes,Alcohol swabs,partial_turn2_aug
the little alcohol wipes um,Alcohol swabs,partial_turn2_aug
I tried traditional talk therapy but it wasn't working so I started seeing a drama therapist and it's been really helpful for my PTSD,Other mental health services,storyteller
I tried traditional talk therapy but it wasn't working so I started seeing a drama therapist and it's been really helpful my PTSD,Other mental health services,storyteller_aug
I tried traditional talk therapy but it wasn't working so for started seeing a drama therapist and it's been really helpful I my PTSD,Other mental health services,storyteller_aug
I tried traditional talk just therapy but it wasn't working so I started seeing a drama therapist and it's been really helpful for my PTSD,Other mental health services,storyteller_aug
community counsellor not a registered psych,Other mental health services,partial_turn2
counsellor not a registered psych,Other mental health services,partial_turn2_aug
community counsellor not psych registered a,Other mental health services,partial_turn2_aug
community counsellor so not a registered psych,Other mental health services,partial_turn2_aug
After my hip replacement the surgeon told me to wear full-leg compression stockings at 25 mmhg for six weeks,"Compression Stockings, thigh/full (20-29 mmhg)",storyteller
After my hip replacement the surgeon told me to wear full-leg compression stockings 25 mmhg for six weeks,"Compression Stockings, thigh/full (20-29 mmhg)",storyteller_aug
After my hip replacement the surgeon told me to wear full-leg compression weeks at 25 mmhg for six stockings,"Compression Stockings, thigh/full (20-29 mmhg)",storyteller_aug
After like my hip replacement the surgeon told me to wear full-leg compression stockings at 25 mmhg for six weeks,"Compression Stockings, thigh/full (20-29 mmhg)",storyteller_aug
sleep study | overnight at clinic | wires attached | for my apnea,Sleep Study,progressive
sleep study | overnight at clinic | wires attached | for apnea,Sleep Study,progressive_aug
sleep study | | at clinic | wires attached overnight for my apnea,Sleep Study,progressive_aug
sleep study | overnight at just clinic | wires attached | for my apnea,Sleep Study,progressive_aug
I switched from multiple daily injections to an insulin pump that sticks to my stomach and delivers insulin all day based on my settings,Insulin infusion pump,storyteller
I switched from multiple daily injections to an insulin pump that sticks to my stomach and delivers insulin all day based on settings,Insulin infusion pump,storyteller_aug
I switched from multiple daily injections to on insulin pump that sticks to my stomach and delivers insulin all day based an my settings,Insulin infusion pump,storyteller_aug
I switched from multiple daily injections to an insulin pump that sticks to my stomach and delivers just insulin all day based on my settings,Insulin infusion pump,storyteller_aug
"I picked 'CPAP Mask' but it's actually tubing and filters, not a mask","CPAP, APAP, BIPAP Supplies",wrong_guess
"I picked 'CPAP Mask' but it's actually tubing and filters, not a","CPAP, APAP, BIPAP Supplies",wrong_guess_aug
"I picked 'CPAP Mask' but it's actually not and filters, tubing a mask","CPAP, APAP, BIPAP Supplies",wrong_guess_aug
"I picked 'CPAP Mask' but like it's actually tubing and filters, not a mask","CPAP, APAP, BIPAP Supplies",wrong_guess_aug
"I not understand, this claim go through provincial plan? I am confused about which one",Provincial Replacement Plan,esl_speaker
"I not understand, this go through provincial plan? I am confused about which one",Provincial Replacement Plan,esl_speaker_aug
"I not which this claim go through provincial plan? I am confused about understand, one",Provincial Replacement Plan,esl_speaker_aug
"I not understand, this claim so go through provincial plan? I am confused about which one",Provincial Replacement Plan,esl_speaker_aug
bought a blood glucose meter for my diabetic father to use at home,Blood glucose meter,parent_or_dependent
bought blood glucose meter for my diabetic father to use at home,Blood glucose meter,parent_or_dependent_aug
bought a diabetic glucose meter for my blood father to use at home,Blood glucose meter,parent_or_dependent_aug
bought a blood glucose meter for my diabetic father to use so at home,Blood glucose meter,parent_or_dependent_aug
"I buy the machine for breathing when sleep, doctor say I have sleep apnea, machine push air","CPAP, APAP, BIPAP Machine",esl_speaker
"I buy the machine for when sleep, doctor say I have sleep apnea, machine push air","CPAP, APAP, BIPAP Machine",esl_speaker_aug
"I buy I machine for breathing when sleep, doctor say the have sleep apnea, machine push air","CPAP, APAP, BIPAP Machine",esl_speaker_aug
"I buy the machine for breathing when so sleep, doctor say I have sleep apnea, machine push air","CPAP, APAP, BIPAP Machine",esl_speaker_aug
the audiologist took a mold of my ear canals and made plugs that fit perfectly,Ear Plugs (custom made),confused_student
the audiologist took mold of my ear canals and made plugs that fit perfectly,Ear Plugs (custom made),confused_student_aug
the audiologist took a mold of my ear canals and made fit that plugs perfectly,Ear Plugs (custom made),confused_student_aug
the audiologist took a mold of my ear canals um and made plugs that fit perfectly,Ear Plugs (custom made),confused_student_aug
"new prescription, updated frames",Prescription Glasses,partial_turn2
"new updated prescription, frames",Prescription Glasses,partial_turn2_aug
"new prescription, like updated frames",Prescription Glasses,partial_turn2_aug
the drip pole,IV Stand (purchase),vague_turn1
the drip um pole,IV Stand (purchase),vague_turn1_aug
single point cane,"Cane, standard",partial_turn2
um single point cane,"Cane, standard",partial_turn2_aug
folding chair | not self propelled | for taking to appointments,Transport Wheelchair,progressive
chair | not self propelled | for taking to appointments,Transport Wheelchair,progressive_aug
folding chair | not self propelled | for taking appointments to,Transport Wheelchair,progressive_aug
folding chair | not self propelled | for taking like to appointments,Transport Wheelchair,progressive_aug
my daughter's co-op placement requires prescription safety glasses for the lab,Safety Glasses,parent_or_dependent
my co-op placement requires prescription safety glasses for the lab,Safety Glasses,parent_or_dependent_aug
my daughter's co-op glasses requires prescription safety placement for the lab,Safety Glasses,parent_or_dependent_aug
my daughter's co-op placement requires prescription safety glasses basically for the lab,Safety Glasses,parent_or_dependent_aug
injector | spring loaded | automatically does the injection,Insulin Gun (automatic),progressive
injector | spring loaded | automatically the injection,Insulin Gun (automatic),progressive_aug
injector | spring loaded injection automatically does the |,Insulin Gun (automatic),progressive_aug
injector | spring loaded | automatically basically does the injection,Insulin Gun (automatic),progressive_aug
Filing for clinical counselling sessions with a Registered Social Worker credentialed with a Master of Social Work degree,Social Worker (Masters level),detailed_clinical
Filing for clinical counselling with a Registered Social Worker credentialed with a Master of Social Work degree,Social Worker (Masters level),detailed_clinical_aug
Filing for clinical counselling a with sessions Registered Social Worker credentialed with a Master of Social Work degree,Social Worker (Masters level),detailed_clinical_aug
Filing for clinical counselling sessions with a Registered Social Worker um credentialed with a Master of Social Work degree,Social Worker (Masters level),detailed_clinical_aug
specific vitamin D blood check,Vitamin D Test,partial_turn2
specific vitamin D blood,Vitamin D Test,partial_turn2_aug
specific blood D vitamin check,Vitamin D Test,partial_turn2_aug
specific vitamin actually D blood check,Vitamin D Test,partial_turn2_aug
I bought something that makes the toilet higher so it's easier to sit down and stand up,Raised Toilet seat (purchase),confused_student
I bought something that makes toilet higher so it's easier to sit down and stand up,Raised Toilet seat (purchase),confused_student_aug
I bought stand that makes the toilet higher so it's easier to sit down and something up,Raised Toilet seat (purchase),confused_student_aug
I bought something that makes the toilet higher so it's just easier to sit down and stand up,Raised Toilet seat (purchase),confused_student_aug
rheumatologist visit,Other health specialists,partial_turn2
so rheumatologist visit,Other health specialists,partial_turn2_aug
orthodontic records,Other Orthodontic/Dental Services (i.e. orthodontic records),vague_turn1
orthodontic records basically,Other Orthodontic/Dental Services (i.e. orthodontic records),vague_turn1_aug
blood test for my prostate,PSA Test (Prostate Specific Antigen),partial_turn2
test for my prostate,PSA Test (Prostate Specific Antigen),partial_turn2_aug
blood test my for prostate,PSA Test (Prostate Specific Antigen),partial_turn2_aug
blood actually test for my prostate,PSA Test (Prostate Specific Antigen),partial_turn2_aug
shoe alteration | orthopedic modification | physio prescribed it,Other foot care services (i.e. orthopedic shoe modification),progressive
shoe alteration orthopedic modification | physio prescribed it,Other foot care services (i.e. orthopedic shoe modification),progressive_aug
shoe alteration prescribed orthopedic modification | physio | it,Other foot care services (i.e. orthopedic shoe modification),progressive_aug
shoe I think alteration | orthopedic modification | physio prescribed it,Other foot care services (i.e. orthopedic shoe modification),progressive_aug
AT session,Athletic Therapy,vague_turn1
AT session um,Athletic Therapy,vague_turn1_aug
stoma supplies | pouching system | wafers and bags,Ostomy,progressive
stoma supplies | pouching system | and bags,Ostomy,progressive_aug
stoma supplies | pouching system | bags and wafers,Ostomy,progressive_aug
stoma supplies | pouching system | wafers um and bags,Ostomy,progressive_aug
steam machine,Vaporizer (table top),vague_turn1
basically steam machine,Vaporizer (table top),vague_turn1_aug
wheeled commode | rolls around | can move to my dad's bedside,Wheeled Commode (purchase),progressive
wheeled commode | rolls around | can move my dad's bedside,Wheeled Commode (purchase),progressive_aug
wheeled commode | | around rolls can move to my dad's bedside,Wheeled Commode (purchase),progressive_aug
so wheeled commode | rolls around | can move to my dad's bedside,Wheeled Commode (purchase),progressive_aug
psychology session,Psychologist,vague_turn1
psychology session I think,Psychologist,vague_turn1_aug
ordered Coloplast SenSura Mio ostomy bags from Byram Healthcare,Ostomy,brand_specific
Coloplast SenSura Mio ostomy bags from Byram Healthcare,Ostomy,brand_specific_aug
Mio Coloplast SenSura ordered ostomy bags from Byram Healthcare,Ostomy,brand_specific_aug
ordered Coloplast SenSura just Mio ostomy bags from Byram Healthcare,Ostomy,brand_specific_aug
diabetes monitor | the device | not the test strips,Blood glucose meter,progressive
diabetes monitor | the device not the test strips,Blood glucose meter,progressive_aug
diabetes monitor device the | | not the test strips,Blood glucose meter,progressive_aug
diabetes um monitor | the device | not the test strips,Blood glucose meter,progressive_aug
forearm elbow crutch,Forearm Crutch (purchase),terse
forearm elbow I think crutch,Forearm Crutch (purchase),terse_aug
speech language pathologist,Speech Therapy,partial_turn2
actually speech language pathologist,Speech Therapy,partial_turn2_aug
the part that goes on my face,"CPAP, APAP, BIPAP Mask",vague_turn1
part that goes on my face,"CPAP, APAP, BIPAP Mask",vague_turn1_aug
the part face goes on my that,"CPAP, APAP, BIPAP Mask",vague_turn1_aug
the part that goes on my face just,"CPAP, APAP, BIPAP Mask",vague_turn1_aug
picked up a pair of Guardian aluminum underarm crutches from Shoppers Home Health Care,"Crutches, pair",brand_specific
picked up a pair of Guardian aluminum underarm from Shoppers Home Health Care,"Crutches, pair",brand_specific_aug
picked up a pair of Guardian aluminum underarm from crutches Shoppers Home Health Care,"Crutches, pair",brand_specific_aug
picked up a pair of um Guardian aluminum underarm crutches from Shoppers Home Health Care,"Crutches, pair",brand_specific_aug
homeopathic treatment,Homeopathic Treatment,vague_turn1
homeopathic treatment I think,Homeopathic Treatment,vague_turn1_aug
"I have treatment for eye that is not exam and not glass, it is exercise for eyes to work together",Other vision services (i.e. safety glasses),esl_speaker
"I have treatment for eye that is not exam and glass, it is exercise for eyes to work together",Other vision services (i.e. safety glasses),esl_speaker_aug
"I have treatment for eye that is not exam and not for it is exercise glass, eyes to work together",Other vision services (i.e. safety glasses),esl_speaker_aug
"I have treatment for eye that I think is not exam and not glass, it is exercise for eyes to work together",Other vision services (i.e. safety glasses),esl_speaker_aug
"goes up to my thigh, firm","Compression Stockings, thigh/full (20-29 mmhg)",partial_turn2
"goes up to thigh, firm","Compression Stockings, thigh/full (20-29 mmhg)",partial_turn2_aug
"up goes to my thigh, firm","Compression Stockings, thigh/full (20-29 mmhg)",partial_turn2_aug
"goes just up to my thigh, firm","Compression Stockings, thigh/full (20-29 mmhg)",partial_turn2_aug
I started seeing a registered psychotherapist who does EMDR for my PTSD from a car accident,Psychotherapist,storyteller
I started seeing a psychotherapist who does EMDR for my PTSD from a car accident,Psychotherapist,storyteller_aug
I started seeing a registered psychotherapist PTSD does EMDR for my who from a car accident,Psychotherapist,storyteller_aug
like I started seeing a registered psychotherapist who does EMDR for my PTSD from a car accident,Psychotherapist,storyteller_aug
ovarian marker test,CA-125 (Cancer Antigen) Test,vague_turn1
ovarian basically marker test,CA-125 (Cancer Antigen) Test,vague_turn1_aug
the spacer thing,Aerochamber,vague_turn1
the spacer just thing,Aerochamber,vague_turn1_aug
Where do I claim compression garments that aren't stockings like compression gloves or arm sleeves?,Other garment brace services (i.e. compression gloves),question
Where do I claim compression garments that aren't stockings like gloves or arm sleeves?,Other garment brace services (i.e. compression gloves),question_aug
or do I claim compression garments that aren't stockings like compression gloves Where arm sleeves?,Other garment brace services (i.e. compression gloves),question_aug
Where do I claim compression garments that aren't stockings like compression gloves just or arm sleeves?,Other garment brace services (i.e. compression gloves),question_aug
osteopath,Osteopath,vague_turn1
osteopath actually,Osteopath,vague_turn1_aug
x-ray imaging fracture,X-Ray,terse
like x-ray imaging fracture,X-Ray,terse_aug
continuous monitor | the receiver unit | lost it need a new one,Glucose Monitoring System Receiver,progressive
monitor | the receiver unit | lost it need a new one,Glucose Monitoring System Receiver,progressive_aug
continuous a | the receiver unit | lost it need monitor new one,Glucose Monitoring System Receiver,progressive_aug
continuous monitor | the receiver unit | lost it need actually a new one,Glucose Monitoring System Receiver,progressive_aug
"I need special glasses for my lab that protect my eyes, they have my prescription in them too",Safety Glasses,confused_student
"need special glasses for my lab that protect my eyes, they have my prescription in them too",Safety Glasses,confused_student_aug
"I glasses special need for my lab that protect my eyes, they have my prescription in them too",Safety Glasses,confused_student_aug
"I need special glasses for my lab that protect my eyes, they have um my prescription in them too",Safety Glasses,confused_student_aug
I saw a therapist who helps me do everyday tasks again after my wrist surgery,Occupational Therapy,confused_student
I saw a therapist who helps do everyday tasks again after my wrist surgery,Occupational Therapy,confused_student_aug
I everyday a therapist who helps me do saw tasks again after my wrist surgery,Occupational Therapy,confused_student_aug
I saw a therapist who helps me do um everyday tasks again after my wrist surgery,Occupational Therapy,confused_student_aug
I broke my foot playing soccer and the ER gave me a pair of standard crutches that go under my arms,"Crutches, pair",storyteller
I broke my foot soccer and the ER gave me a pair of standard crutches that go under my arms,"Crutches, pair",storyteller_aug
and broke my foot playing soccer I the ER gave me a pair of standard crutches that go under my arms,"Crutches, pair",storyteller_aug
I broke my foot playing soccer and the ER um gave me a pair of standard crutches that go under my arms,"Crutches, pair",storyteller_aug
it's the tube thing you put between your mouth and the puffer so you breathe in the medicine better,Aerochamber,confused_student
it's the tube you put between your mouth and the puffer so you breathe in the medicine better,Aerochamber,confused_student_aug
it's the tube thing you put between your the and the puffer so you breathe in mouth medicine better,Aerochamber,confused_student_aug
it's the tube thing you put between your mouth and the puffer so you breathe in the medicine better like,Aerochamber,confused_student_aug
ordered a 20-pack of TENS 7000 compatible electrode pads from Amazon,"Stimulator, supplies",brand_specific
ordered a of TENS 7000 compatible electrode pads from Amazon,"Stimulator, supplies",brand_specific_aug
ordered compatible 20-pack of TENS 7000 a electrode pads from Amazon,"Stimulator, supplies",brand_specific_aug
ordered a 20-pack of TENS 7000 compatible electrode just pads from Amazon,"Stimulator, supplies",brand_specific_aug
osteopath treatment session,Osteopath,terse
so osteopath treatment session,Osteopath,terse_aug
dentist | regular cleaning and checkup,Dental Services,progressive
| regular cleaning and checkup,Dental Services,progressive_aug
cleaning | regular dentist and checkup,Dental Services,progressive_aug
dentist like | regular cleaning and checkup,Dental Services,progressive_aug
after my mastectomy surgery,Mastectomy bra,partial_turn2
after surgery mastectomy my,Mastectomy bra,partial_turn2_aug
after my mastectomy surgery I think,Mastectomy bra,partial_turn2_aug
"I buy bottle for use toilet in bed, because I cannot walk after surgery",Urinal (purchase),esl_speaker
"I buy bottle for use in bed, because I cannot walk after surgery",Urinal (purchase),esl_speaker_aug
"I buy bottle for use toilet walk bed, because I cannot in after surgery",Urinal (purchase),esl_speaker_aug
"I buy bottle for I think use toilet in bed, because I cannot walk after surgery",Urinal (purchase),esl_speaker_aug
"Claiming a standard aluminum folding pickup walker with non-skid rubber ferrules, non-wheeled",Walker - non wheeled (purchase),detailed_clinical
"a standard aluminum folding pickup walker with non-skid rubber ferrules, non-wheeled",Walker - non wheeled (purchase),detailed_clinical_aug
"Claiming a standard aluminum folding pickup walker non-skid with rubber ferrules, non-wheeled",Walker - non wheeled (purchase),detailed_clinical_aug
"Claiming a standard just aluminum folding pickup walker with non-skid rubber ferrules, non-wheeled",Walker - non wheeled (purchase),detailed_clinical_aug
I bought a special bra that holds a prosthetic breast after my surgery,Mastectomy bra,confused_student
I bought a special bra that holds prosthetic breast after my surgery,Mastectomy bra,confused_student_aug
I bought a that bra special holds a prosthetic breast after my surgery,Mastectomy bra,confused_student_aug
basically I bought a special bra that holds a prosthetic breast after my surgery,Mastectomy bra,confused_student_aug
"knee brace | left knee, custom fitted by specialist","Brace, left knee (Custom)",progressive
"knee | left knee, custom fitted by specialist","Brace, left knee (Custom)",progressive_aug
"knee by | left knee, custom fitted brace specialist","Brace, left knee (Custom)",progressive_aug
"knee brace basically | left knee, custom fitted by specialist","Brace, left knee (Custom)",progressive_aug
the stimulator device not the pads,"Stimulator, muscle/nerve (TENS)",partial_turn2
the stimulator device not pads,"Stimulator, muscle/nerve (TENS)",partial_turn2_aug
pads stimulator device not the the,"Stimulator, muscle/nerve (TENS)",partial_turn2_aug
the stimulator just device not the pads,"Stimulator, muscle/nerve (TENS)",partial_turn2_aug
"foot and ankle brace, custom fitted","Brace, AFO/KAFO (Custom)",partial_turn2
"foot ankle brace, custom fitted","Brace, AFO/KAFO (Custom)",partial_turn2_aug
"foot and brace, ankle custom fitted","Brace, AFO/KAFO (Custom)",partial_turn2_aug
"foot and um ankle brace, custom fitted","Brace, AFO/KAFO (Custom)",partial_turn2_aug
diagnostic ultrasound scan,Ultrasound,terse
basically diagnostic ultrasound scan,Ultrasound,terse_aug
I see a social worker for therapy and I'm pretty sure she only has a four-year degree,Social Worker (Bachelors),confused_student
I see a social worker therapy and I'm pretty sure she only has a four-year degree,Social Worker (Bachelors),confused_student_aug
I pretty a social worker for therapy and I'm see sure she only has a four-year degree,Social Worker (Bachelors),confused_student_aug
I see a social worker for therapy and I'm pretty sure actually she only has a four-year degree,Social Worker (Bachelors),confused_student_aug
online CBT program not in person,Digital Cognitive Behavioural Therapy,partial_turn2
online CBT program not in,Digital Cognitive Behavioural Therapy,partial_turn2_aug
online CBT not program in person,Digital Cognitive Behavioural Therapy,partial_turn2_aug
online CBT program not in basically person,Digital Cognitive Behavioural Therapy,partial_turn2_aug
"I buy rail for bed side, to stop falling when sleep, for safety",Bed Rails (purchase),esl_speaker
"I rail for bed side, to stop falling when sleep, for safety",Bed Rails (purchase),esl_speaker_aug
"safety buy rail for bed side, to stop falling when sleep, for I",Bed Rails (purchase),esl_speaker_aug
"actually I buy rail for bed side, to stop falling when sleep, for safety",Bed Rails (purchase),esl_speaker_aug
orthodontist treating my daughter,Orthodontic Services (Braces - initial and monthly fee),partial_turn2
orthodontist my treating daughter,Orthodontic Services (Braces - initial and monthly fee),partial_turn2_aug
orthodontist so treating my daughter,Orthodontic Services (Braces - initial and monthly fee),partial_turn2_aug
"the doctor send me to special place, they measure my leg and make stocking only for me, not from store","Compression Stockings, custom, any length",esl_speaker
"the doctor send me to special place, they measure my leg make stocking only for me, not from store","Compression Stockings, custom, any length",esl_speaker_aug
"the doctor send me to special place, they only my leg and make stocking measure for me, not from store","Compression Stockings, custom, any length",esl_speaker_aug
"the doctor so send me to special place, they measure my leg and make stocking only for me, not from store","Compression Stockings, custom, any length",esl_speaker_aug
I got a plastic seat for the bathtub so I can shower without standing,Bath Bench/Chair (purchase),confused_student
I got a plastic seat for the bathtub so I can shower without,Bath Bench/Chair (purchase),confused_student_aug
I got for plastic seat a the bathtub so I can shower without standing,Bath Bench/Chair (purchase),confused_student_aug
I um got a plastic seat for the bathtub so I can shower without standing,Bath Bench/Chair (purchase),confused_student_aug
muscle stimulator | the main device | for chronic pain management,"Stimulator, muscle/nerve (TENS)",progressive
muscle stimulator | the main device for chronic pain management,"Stimulator, muscle/nerve (TENS)",progressive_aug
muscle stimulator | the for device | main chronic pain management,"Stimulator, muscle/nerve (TENS)",progressive_aug
muscle stimulator | the main device just | for chronic pain management,"Stimulator, muscle/nerve (TENS)",progressive_aug
blood sugar needles,Lancet,vague_turn1
blood sugar needles actually,Lancet,vague_turn1_aug
cervical neck pillow rx,Cervical Pillow,terse
cervical neck rx pillow,Cervical Pillow,terse_aug
cervical basically neck pillow rx,Cervical Pillow,terse_aug
mastectomy bra,Mastectomy bra,vague_turn1
just mastectomy bra,Mastectomy bra,vague_turn1_aug
the strong compression socks,"Compression Stockings, knee length (30 mmhg & over)",vague_turn1
socks strong compression the,"Compression Stockings, knee length (30 mmhg & over)",vague_turn1_aug
um the strong compression socks,"Compression Stockings, knee length (30 mmhg & over)",vague_turn1_aug
registered dietitian not nutritionist,Dietitian Services,partial_turn2
registered dietitian nutritionist not,Dietitian Services,partial_turn2_aug
registered dietitian not I think nutritionist,Dietitian Services,partial_turn2_aug
registered OT,Occupational Therapy,partial_turn2
registered OT um,Occupational Therapy,partial_turn2_aug
nursing home | monthly fees | my mother lives there permanently,Nursing Home and Long Term Care,progressive
nursing home | monthly fees my mother lives there permanently,Nursing Home and Long Term Care,progressive_aug
there home | monthly fees | my mother lives nursing permanently,Nursing Home and Long Term Care,progressive_aug
nursing home | monthly fees | my mother lives there actually permanently,Nursing Home and Long Term Care,progressive_aug
"these are SAFETY glasses for work, not regular prescription glasses, they're CSA approved with side shields",Safety Glasses,complaint
"these are SAFETY glasses work, not regular prescription glasses, they're CSA approved with side shields",Safety Glasses,complaint_aug
"these are SAFETY glasses for work, not regular prescription glasses, they're CSA approved with shields side",Safety Glasses,complaint_aug
"these are SAFETY glasses for work, not regular prescription glasses, they're CSA approved with side basically shields",Safety Glasses,complaint_aug
"the face interface, worn out","CPAP, APAP, BIPAP Mask",partial_turn2
"the face interface, out","CPAP, APAP, BIPAP Mask",partial_turn2_aug
"worn face interface, the out","CPAP, APAP, BIPAP Mask",partial_turn2_aug
"so the face interface, worn out","CPAP, APAP, BIPAP Mask",partial_turn2_aug
versa frame | safety frame around toilet | for my mom's mobility,Versa Frame (purchase),progressive
versa frame | safety frame around toilet | for my mobility,Versa Frame (purchase),progressive_aug
around frame | safety frame versa toilet | for my mom's mobility,Versa Frame (purchase),progressive_aug
versa frame | safety frame around toilet | for my mom's actually mobility,Versa Frame (purchase),progressive_aug
chiropractor not massage,Chiropractic,partial_turn2
chiropractor just not massage,Chiropractic,partial_turn2_aug
reusable ice pack gel,Cold Therapy - Re-usable Items (purchase),terse
reusable ice gel pack,Cold Therapy - Re-usable Items (purchase),terse_aug
reusable ice pack gel just,Cold Therapy - Re-usable Items (purchase),terse_aug
Where do I claim in-home support services I received during recovery?,In Home Support Services,question
Where do I claim in-home support services I received recovery?,In Home Support Services,question_aug
Where services I claim in-home support do I received during recovery?,In Home Support Services,question_aug
Where do I claim in-home support services I received during just recovery?,In Home Support Services,question_aug
glucose thing | the reader part | shows numbers from my sensor,Glucose Monitoring System Receiver,progressive
glucose thing | reader part | shows numbers from my sensor,Glucose Monitoring System Receiver,progressive_aug
glucose thing | the reader shows | part numbers from my sensor,Glucose Monitoring System Receiver,progressive_aug
glucose thing | the reader part | shows numbers from just my sensor,Glucose Monitoring System Receiver,progressive_aug
"I selected 'Glucose Monitoring System Transmitter' but these are the adhesive sensors, not the transmitter",Glucose Monitoring System Supplies/Sensors,wrong_guess
"I selected 'Glucose Monitoring System Transmitter' but these are the sensors, not the transmitter",Glucose Monitoring System Supplies/Sensors,wrong_guess_aug
"I selected but Monitoring System Transmitter' 'Glucose these are the adhesive sensors, not the transmitter",Glucose Monitoring System Supplies/Sensors,wrong_guess_aug
"I basically selected 'Glucose Monitoring System Transmitter' but these are the adhesive sensors, not the transmitter",Glucose Monitoring System Supplies/Sensors,wrong_guess_aug
custom knee support,"Brace, left knee (Custom)",vague_turn1
custom like knee support,"Brace, left knee (Custom)",vague_turn1_aug
allergy testing blood,Blood test for Allergies (IG test not eligible),vague_turn1
allergy testing blood actually,Blood test for Allergies (IG test not eligible),vague_turn1_aug
arm sleeve for lymphedema,Other garment brace services (i.e. compression gloves),partial_turn2
lymphedema sleeve for arm,Other garment brace services (i.e. compression gloves),partial_turn2_aug
actually arm sleeve for lymphedema,Other garment brace services (i.e. compression gloves),partial_turn2_aug
nail trimming and foot care,Chiropody (Foot Care) Treatment,partial_turn2
nail trimming and care,Chiropody (Foot Care) Treatment,partial_turn2_aug
nail and trimming foot care,Chiropody (Foot Care) Treatment,partial_turn2_aug
nail trimming so and foot care,Chiropody (Foot Care) Treatment,partial_turn2_aug
electric pump,Breast Pump (purchase),vague_turn1
like electric pump,Breast Pump (purchase),vague_turn1_aug
custom right knee brace rx,"Brace, right knee (Custom)",terse
custom knee brace rx,"Brace, right knee (Custom)",terse_aug
custom right knee rx brace,"Brace, right knee (Custom)",terse_aug
custom right knee actually brace rx,"Brace, right knee (Custom)",terse_aug
the transmitter,Glucose Monitoring System Transmitter,vague_turn1
basically the transmitter,Glucose Monitoring System Transmitter,vague_turn1_aug
orthotics,Custom made foot orthotics,vague_turn1
orthotics um,Custom made foot orthotics,vague_turn1_aug
"vision therapy sessions, not glasses",Other vision services (i.e. safety glasses),partial_turn2
"vision therapy sessions, not",Other vision services (i.e. safety glasses),partial_turn2_aug
"not therapy sessions, vision glasses",Other vision services (i.e. safety glasses),partial_turn2_aug
"vision therapy sessions, um not glasses",Other vision services (i.e. safety glasses),partial_turn2_aug
I had a blood clot in my calf last year and my doctor prescribed firm knee-high stockings at 25 mmhg to prevent it from happening again,"Compression Stockings, knee length (20-29 mmhg)",storyteller
I had a blood clot in my calf last year my doctor prescribed firm knee-high stockings at 25 mmhg to prevent it from happening again,"Compression Stockings, knee length (20-29 mmhg)",storyteller_aug
I had a knee-high clot in my calf last year and my doctor prescribed firm blood stockings at 25 mmhg to prevent it from happening again,"Compression Stockings, knee length (20-29 mmhg)",storyteller_aug
I had a blood clot in my calf last year and my doctor prescribed firm knee-high stockings at 25 mmhg to prevent it just from happening again,"Compression Stockings, knee length (20-29 mmhg)",storyteller_aug
I submitted under 'Standard foot orthotics or shoe inserts' but mine were custom-made from a foot impression,Custom made foot orthotics,wrong_guess
submitted under 'Standard foot orthotics or shoe inserts' but mine were custom-made from a foot impression,Custom made foot orthotics,wrong_guess_aug
I submitted under custom-made foot orthotics or shoe inserts' but mine were 'Standard from a foot impression,Custom made foot orthotics,wrong_guess_aug
I submitted under 'Standard foot orthotics or shoe inserts' but mine were custom-made basically from a foot impression,Custom made foot orthotics,wrong_guess_aug
thigh stockings,"Compression Stockings, thigh/full (15-19 mmhg)",vague_turn1
thigh stockings like,"Compression Stockings, thigh/full (15-19 mmhg)",vague_turn1_aug
wig after chemo hair loss,Wig,partial_turn2
after chemo hair loss,Wig,partial_turn2_aug
chemo after wig hair loss,Wig,partial_turn2_aug
wig after chemo hair like loss,Wig,partial_turn2_aug
seeing a social worker,Social Worker (Masters level),vague_turn1
seeing social a worker,Social Worker (Masters level),vague_turn1_aug
seeing a social so worker,Social Worker (Masters level),vague_turn1_aug
"walker | no wheels, just the basic frame",Walker - non wheeled (purchase),progressive
"walker | no wheels, just basic frame",Walker - non wheeled (purchase),progressive_aug
"basic | no wheels, just the walker frame",Walker - non wheeled (purchase),progressive_aug
"walker | no actually wheels, just the basic frame",Walker - non wheeled (purchase),progressive_aug
injection thing | not automatic | I trigger the needle,Insulin Gun (manual),progressive
injection thing | not automatic | I the needle,Insulin Gun (manual),progressive_aug
injection thing | not automatic the I trigger | needle,Insulin Gun (manual),progressive_aug
injection thing | not automatic | I trigger the like needle,Insulin Gun (manual),progressive_aug
"filters and tubing, not the machine or mask","CPAP, APAP, BIPAP Supplies",partial_turn2
"filters and tubing, not the machine or","CPAP, APAP, BIPAP Supplies",partial_turn2_aug
"filters and tubing, not the mask or machine","CPAP, APAP, BIPAP Supplies",partial_turn2_aug
"filters and tubing, not the machine or basically mask","CPAP, APAP, BIPAP Supplies",partial_turn2_aug
"cast from my feet, expensive",Custom made foot orthotics,partial_turn2
"from my feet, expensive",Custom made foot orthotics,partial_turn2_aug
"from cast my feet, expensive",Custom made foot orthotics,partial_turn2_aug
"cast from so my feet, expensive",Custom made foot orthotics,partial_turn2_aug
massage | registered massage therapist,Massage,progressive
massage | massage therapist,Massage,progressive_aug
massage | therapist massage registered,Massage,progressive_aug
massage | registered massage therapist basically,Massage,progressive_aug
colon screening | colonoscopy | found a polyp,Colonoscopy,progressive
screening | colonoscopy | found a polyp,Colonoscopy,progressive_aug
colon screening colonoscopy | | found a polyp,Colonoscopy,progressive_aug
colon screening actually | colonoscopy | found a polyp,Colonoscopy,progressive_aug
custom knee support | left side | for my arthritis,"Brace, left knee (Custom)",progressive
custom knee support | left side for my arthritis,"Brace, left knee (Custom)",progressive_aug
custom left support | knee side | for my arthritis,"Brace, left knee (Custom)",progressive_aug
custom knee support | left side | for my I think arthritis,"Brace, left knee (Custom)",progressive_aug
purchased a Honeywell HCM-350 Cool Mist humidifier from Amazon,Humidifier (Table Top),brand_specific
purchased a Honeywell Cool Mist humidifier from Amazon,Humidifier (Table Top),brand_specific_aug
purchased humidifier Honeywell HCM-350 Cool Mist a from Amazon,Humidifier (Table Top),brand_specific_aug
purchased a Honeywell um HCM-350 Cool Mist humidifier from Amazon,Humidifier (Table Top),brand_specific_aug
the piece that covers my nose,"CPAP, APAP, BIPAP Mask",partial_turn2
the that covers my nose,"CPAP, APAP, BIPAP Mask",partial_turn2_aug
the piece nose covers my that,"CPAP, APAP, BIPAP Mask",partial_turn2_aug
actually the piece that covers my nose,"CPAP, APAP, BIPAP Mask",partial_turn2_aug
foot specialist,Podiatry Treatment,vague_turn1
foot basically specialist,Podiatry Treatment,vague_turn1_aug
cold pack,Cold Therapy - Re-usable Items (purchase),vague_turn1
cold pack actually,Cold Therapy - Re-usable Items (purchase),vague_turn1_aug
allergy scratch test on my arm,Scratch Test for Allergies,partial_turn2
allergy scratch test on my,Scratch Test for Allergies,partial_turn2_aug
my scratch test on allergy arm,Scratch Test for Allergies,partial_turn2_aug
allergy scratch test on my arm um,Scratch Test for Allergies,partial_turn2_aug
Where do I file a claim for an x-ray?,X-Ray,question
Where do I file a claim for x-ray?,X-Ray,question_aug
Where do x-ray? file a claim for an I,X-Ray,question_aug
Where do I file a claim for basically an x-ray?,X-Ray,question_aug
internet therapy program,Digital Cognitive Behavioural Therapy,partial_turn2
like internet therapy program,Digital Cognitive Behavioural Therapy,partial_turn2_aug
"I submitted under 'Blood glucose meter' but it's actually the CGM receiver screen, not a finger prick meter",Glucose Monitoring System Receiver,wrong_guess
"I submitted under 'Blood glucose meter' but it's actually the CGM receiver screen, a finger prick meter",Glucose Monitoring System Receiver,wrong_guess_aug
"I submitted under 'Blood glucose meter' but it's actually the CGM receiver screen, not a prick finger meter",Glucose Monitoring System Receiver,wrong_guess_aug
"I submitted under 'Blood glucose just meter' but it's actually the CGM receiver screen, not a finger prick meter",Glucose Monitoring System Receiver,wrong_guess_aug
monthly contacts,Prescription Contacts,vague_turn1
monthly contacts I think,Prescription Contacts,vague_turn1_aug
versa frame,Versa Frame (purchase),vague_turn1
versa frame actually,Versa Frame (purchase),vague_turn1_aug
sports injury specialist,Athletic Therapy,partial_turn2
sports basically injury specialist,Athletic Therapy,partial_turn2_aug
alcohol swabs,Alcohol swabs,vague_turn1
alcohol just swabs,Alcohol swabs,vague_turn1_aug
regular underarm crutches,"Crutches, pair",partial_turn2
regular underarm like crutches,"Crutches, pair",partial_turn2_aug
digital platform for cognitive behavioural therapy,Digital Cognitive Behavioural Therapy,partial_turn2
digital platform for behavioural therapy,Digital Cognitive Behavioural Therapy,partial_turn2_aug
digital platform for behavioural cognitive therapy,Digital Cognitive Behavioural Therapy,partial_turn2_aug
digital platform for cognitive behavioural actually therapy,Digital Cognitive Behavioural Therapy,partial_turn2_aug
medical foot treatment not just nail care,Podiatry Treatment,partial_turn2
medical treatment not just nail care,Podiatry Treatment,partial_turn2_aug
medical foot not treatment just nail care,Podiatry Treatment,partial_turn2_aug
medical foot treatment not just so nail care,Podiatry Treatment,partial_turn2_aug
sleep apnea | the face piece | seal is worn out needs replacing,"CPAP, APAP, BIPAP Mask",progressive
sleep apnea | the face piece | is worn out needs replacing,"CPAP, APAP, BIPAP Mask",progressive_aug
sleep apnea replacing the face piece | seal is worn out needs |,"CPAP, APAP, BIPAP Mask",progressive_aug
sleep apnea um | the face piece | seal is worn out needs replacing,"CPAP, APAP, BIPAP Mask",progressive_aug
"not a psychologist, a counsellor",Clinical Counsellor,partial_turn2
"not a psychologist, a",Clinical Counsellor,partial_turn2_aug
"not a counsellor a psychologist,",Clinical Counsellor,partial_turn2_aug
"not a psychologist, a counsellor like",Clinical Counsellor,partial_turn2_aug
"the mask, not the machine","CPAP, APAP, BIPAP Mask",partial_turn2
"the mask, the machine","CPAP, APAP, BIPAP Mask",partial_turn2_aug
"the machine not the mask,","CPAP, APAP, BIPAP Mask",partial_turn2_aug
"the I think mask, not the machine","CPAP, APAP, BIPAP Mask",partial_turn2_aug
Which category for therapy with a registered psychologist?,Psychologist,question
Which category for therapy a registered psychologist?,Psychologist,question_aug
Which category for therapy with psychologist? registered a,Psychologist,question_aug
Which category just for therapy with a registered psychologist?,Psychologist,question_aug
imaging test,MRI (Magnetic Resonance Imaging),vague_turn1
imaging test I think,MRI (Magnetic Resonance Imaging),vague_turn1_aug
orthotist measure my left knee and make special brace only for left side,"Brace, left knee (Custom)",esl_speaker
orthotist measure my left knee and make special only for left side,"Brace, left knee (Custom)",esl_speaker_aug
orthotist measure my left knee and make special left only for brace side,"Brace, left knee (Custom)",esl_speaker_aug
orthotist measure my left knee and make special brace only so for left side,"Brace, left knee (Custom)",esl_speaker_aug
osteopathic treatment,Osteopath,vague_turn1
osteopathic treatment basically,Osteopath,vague_turn1_aug
just bought it off the shelf,Brace (Non-custom),partial_turn2
just bought off the shelf,Brace (Non-custom),partial_turn2_aug
just bought it the off shelf,Brace (Non-custom),partial_turn2_aug
just bought it off like the shelf,Brace (Non-custom),partial_turn2_aug
the fee just for drawing blood,Blood Withdrawal Fee,partial_turn2
the fee just for drawing,Blood Withdrawal Fee,partial_turn2_aug
the fee just blood drawing for,Blood Withdrawal Fee,partial_turn2_aug
the fee just for drawing just blood,Blood Withdrawal Fee,partial_turn2_aug
"it's just a plain walker with no wheels, why are there separate categories for wheeled and non-wheeled",Walker - non wheeled (purchase),complaint
"it's just a plain walker with no wheels, why there separate categories for wheeled and non-wheeled",Walker - non wheeled (purchase),complaint_aug
"for just a plain walker with no wheels, why are there separate categories it's wheeled and non-wheeled",Walker - non wheeled (purchase),complaint_aug
"it's just a plain walker with no wheels, why are there separate categories for wheeled and basically non-wheeled",Walker - non wheeled (purchase),complaint_aug
"no wheels, just four legs",Walker - non wheeled (purchase),partial_turn2
"wheels, just four legs",Walker - non wheeled (purchase),partial_turn2_aug
"no four just wheels, legs",Walker - non wheeled (purchase),partial_turn2_aug
"just no wheels, just four legs",Walker - non wheeled (purchase),partial_turn2_aug
CGM part | the transmitter | stopped working,Glucose Monitoring System Transmitter,progressive
part | the transmitter | stopped working,Glucose Monitoring System Transmitter,progressive_aug
CGM part the | transmitter | stopped working,Glucose Monitoring System Transmitter,progressive_aug
CGM part so | the transmitter | stopped working,Glucose Monitoring System Transmitter,progressive_aug
had physiotherapy at pt Health clinic on Bank Street for my ACL recovery,Physiotherapy,brand_specific
had physiotherapy at pt Health clinic on Bank Street for ACL recovery,Physiotherapy,brand_specific_aug
had physiotherapy Health pt at clinic on Bank Street for my ACL recovery,Physiotherapy,brand_specific_aug
had physiotherapy at pt Health clinic on Bank Street for my ACL recovery basically,Physiotherapy,brand_specific_aug
cervical pillow,Cervical Pillow,vague_turn1
cervical pillow actually,Cervical Pillow,vague_turn1_aug
the simple frame kind,Walker - non wheeled (purchase),partial_turn2
frame simple the kind,Walker - non wheeled (purchase),partial_turn2_aug
the simple frame kind basically,Walker - non wheeled (purchase),partial_turn2_aug
brace | picked size medium from the rack,Brace (Non-custom),progressive
brace | picked size medium the rack,Brace (Non-custom),progressive_aug
rack | picked size medium from the brace,Brace (Non-custom),progressive_aug
brace | picked size medium from the rack actually,Brace (Non-custom),progressive_aug
I picked 'Custom made foot orthotics' but these are just standard insoles from the pharmacy shelf,Standard foot orthotics or shoe inserts,wrong_guess
I picked 'Custom made foot orthotics' but are just standard insoles from the pharmacy shelf,Standard foot orthotics or shoe inserts,wrong_guess_aug
I picked 'Custom from foot orthotics' but these are just standard insoles made the pharmacy shelf,Standard foot orthotics or shoe inserts,wrong_guess_aug
I picked 'Custom made foot orthotics' but these are just standard insoles from the pharmacy shelf actually,Standard foot orthotics or shoe inserts,wrong_guess_aug
"doctor say I need special test for eye, not normal check, special machine look inside eye for problem",Diagnostic Vision Test,esl_speaker
"doctor say I need special test for eye, not check, special machine look inside eye for problem",Diagnostic Vision Test,esl_speaker_aug
"doctor machine I need special test for eye, not normal check, special say look inside eye for problem",Diagnostic Vision Test,esl_speaker_aug
"doctor say I need special test for eye, not normal check, special um machine look inside eye for problem",Diagnostic Vision Test,esl_speaker_aug
"I filed under 'Insulin Gun automatic' but it's actually a pump I wear 24/7, not a gun",Insulin infusion pump,wrong_guess
"I filed under 'Insulin Gun automatic' but it's actually a I wear 24/7, not a gun",Insulin infusion pump,wrong_guess_aug
"filed I under 'Insulin Gun automatic' but it's actually a pump I wear 24/7, not a gun",Insulin infusion pump,wrong_guess_aug
"I filed under 'Insulin Gun automatic' but it's I think actually a pump I wear 24/7, not a gun",Insulin infusion pump,wrong_guess_aug
custom made shoes for my condition,Orthopaedic or custom made shoes,partial_turn2
custom made shoes for condition,Orthopaedic or custom made shoes,partial_turn2_aug
custom for shoes made my condition,Orthopaedic or custom made shoes,partial_turn2_aug
custom made shoes for my just condition,Orthopaedic or custom made shoes,partial_turn2_aug
licensed producer cannabis,Medical Cannabis,partial_turn2
licensed producer actually cannabis,Medical Cannabis,partial_turn2_aug
estimate before procedure,Estimate/Pre-Authorization,vague_turn1
estimate actually before procedure,Estimate/Pre-Authorization,vague_turn1_aug
hearing assessment,Audiologist Services,vague_turn1
hearing assessment I think,Audiologist Services,vague_turn1_aug
long socks | goes to thigh | pretty firm,"Compression Stockings, thigh/full (20-29 mmhg)",progressive
long socks | goes thigh | pretty firm,"Compression Stockings, thigh/full (20-29 mmhg)",progressive_aug
long socks pretty goes to thigh | | firm,"Compression Stockings, thigh/full (20-29 mmhg)",progressive_aug
long I think socks | goes to thigh | pretty firm,"Compression Stockings, thigh/full (20-29 mmhg)",progressive_aug
IV stand,IV Stand (purchase),vague_turn1
just IV stand,IV Stand (purchase),vague_turn1_aug
"clinical counsellor, psychologist, psychotherapist - what's the difference? mine is a clinical counsellor with CCC credentials",Clinical Counsellor,complaint
"clinical counsellor, psychologist, - what's the difference? mine is a clinical counsellor with CCC credentials",Clinical Counsellor,complaint_aug
"counsellor counsellor, psychologist, psychotherapist - what's the difference? mine is a clinical clinical with CCC credentials",Clinical Counsellor,complaint_aug
"clinical counsellor, psychologist, psychotherapist - what's the difference? mine is a clinical counsellor so with CCC credentials",Clinical Counsellor,complaint_aug
my dentist says she needs to send in an estimate before starting my crown work so insurance can pre-approve it,Dental Estimate for Services,storyteller
my dentist says she needs to send in an estimate before starting my crown work so insurance pre-approve it,Dental Estimate for Services,storyteller_aug
my dentist says she an to send in needs estimate before starting my crown work so insurance can pre-approve it,Dental Estimate for Services,storyteller_aug
my dentist says she needs like to send in an estimate before starting my crown work so insurance can pre-approve it,Dental Estimate for Services,storyteller_aug
RCC credentials,Clinical Counsellor,partial_turn2
RCC basically credentials,Clinical Counsellor,partial_turn2_aug
sends electric pulses to my back,"Stimulator, muscle/nerve (TENS)",partial_turn2
sends electric to my back,"Stimulator, muscle/nerve (TENS)",partial_turn2_aug
sends to pulses electric my back,"Stimulator, muscle/nerve (TENS)",partial_turn2_aug
I think sends electric pulses to my back,"Stimulator, muscle/nerve (TENS)",partial_turn2_aug
"my daughter sees a clinical counsellor for test anxiety, need to claim her sessions",Clinical Counsellor,parent_or_dependent
"my daughter sees a clinical for test anxiety, need to claim her sessions",Clinical Counsellor,parent_or_dependent_aug
"need daughter sees a clinical counsellor for test anxiety, my to claim her sessions",Clinical Counsellor,parent_or_dependent_aug
"my daughter sees a clinical counsellor for test anxiety, need to claim just her sessions",Clinical Counsellor,parent_or_dependent_aug
therapy sessions | clinical counsellor | for my anxiety,Clinical Counsellor,progressive
therapy sessions | clinical | for my anxiety,Clinical Counsellor,progressive_aug
therapy sessions | clinical counsellor my for | anxiety,Clinical Counsellor,progressive_aug
therapy actually sessions | clinical counsellor | for my anxiety,Clinical Counsellor,progressive_aug
"After my second DVT my vascular doc put me in heavy duty knee-high stockings at 35 mmhg, they're so tight I need a donner to put them on","Compression Stockings, knee length (30 mmhg & over)",storyteller
"After my second DVT my vascular doc put me in heavy duty knee-high stockings at 35 mmhg, they're so tight I need donner to put them on","Compression Stockings, knee length (30 mmhg & over)",storyteller_aug
"After my second DVT my vascular doc put me in mmhg, duty knee-high stockings at 35 heavy they're so tight I need a donner to put them on","Compression Stockings, knee length (30 mmhg & over)",storyteller_aug
"After my second DVT my vascular doc I think put me in heavy duty knee-high stockings at 35 mmhg, they're so tight I need a donner to put them on","Compression Stockings, knee length (30 mmhg & over)",storyteller_aug
wheeled walking thing,Walker - with wheels (purchase),vague_turn1
actually wheeled walking thing,Walker - with wheels (purchase),vague_turn1_aug
Which category for a custom-made brace specifically for my left knee?,"Brace, left knee (Custom)",question
Which category for a custom-made brace specifically for left knee?,"Brace, left knee (Custom)",question_aug
Which category specifically a custom-made brace for for my left knee?,"Brace, left knee (Custom)",question_aug
Which category for a custom-made brace specifically for like my left knee?,"Brace, left knee (Custom)",question_aug
"my physio told me to get a special pillow for my neck, it's got a curved shape",Cervical Pillow,confused_student
"my physio told me to get a special pillow for my neck, got a curved shape",Cervical Pillow,confused_student_aug
"my physio neck, me to get a special pillow for my told it's got a curved shape",Cervical Pillow,confused_student_aug
"my physio told me to get a I think special pillow for my neck, it's got a curved shape",Cervical Pillow,confused_student_aug
the spring loaded insulin thing,Insulin Gun (automatic),vague_turn1
the spring insulin thing,Insulin Gun (automatic),vague_turn1_aug
the spring thing insulin loaded,Insulin Gun (automatic),vague_turn1_aug
the spring I think loaded insulin thing,Insulin Gun (automatic),vague_turn1_aug
bought a NovoPen Echo Plus manual injection assist from my diabetes supplier,Insulin Gun (manual),brand_specific
bought a NovoPen Echo Plus manual injection assist from diabetes supplier,Insulin Gun (manual),brand_specific_aug
bought a NovoPen Echo Plus manual injection from assist my diabetes supplier,Insulin Gun (manual),brand_specific_aug
bought a NovoPen Echo Plus manual injection assist actually from my diabetes supplier,Insulin Gun (manual),brand_specific_aug
"I wear small machine on body all time, it give insulin slowly, not injection, it is pump",Insulin infusion pump,esl_speaker
"wear small machine on body all time, it give insulin slowly, not injection, it is pump",Insulin infusion pump,esl_speaker_aug
"I wear small slowly, on body all time, it give insulin machine not injection, it is pump",Insulin infusion pump,esl_speaker_aug
"I wear small machine on body all time, it give insulin slowly, not injection, I think it is pump",Insulin infusion pump,esl_speaker_aug
"the lightest kind, not tight at all","Compression Stockings, any length (up to 14 mmhg)",partial_turn2
"the lightest kind, not tight all","Compression Stockings, any length (up to 14 mmhg)",partial_turn2_aug
"the lightest kind, not all at tight","Compression Stockings, any length (up to 14 mmhg)",partial_turn2_aug
"the lightest kind, basically not tight at all","Compression Stockings, any length (up to 14 mmhg)",partial_turn2_aug
the hot pad,Heat Therapy - Re-usable items (purchase),vague_turn1
the hot um pad,Heat Therapy - Re-usable items (purchase),vague_turn1_aug
Filing for optical coherence tomography and automated visual field perimetry ordered for glaucoma suspect evaluation,Diagnostic Vision Test,detailed_clinical
Filing for optical coherence tomography and automated visual field perimetry ordered for glaucoma suspect,Diagnostic Vision Test,detailed_clinical_aug
Filing glaucoma optical coherence tomography and automated visual field perimetry ordered for for suspect evaluation,Diagnostic Vision Test,detailed_clinical_aug
Filing for optical coherence tomography and automated visual field perimetry ordered for so glaucoma suspect evaluation,Diagnostic Vision Test,detailed_clinical_aug
bought the CGM receiver for my teenage son so he can monitor his glucose at school,Glucose Monitoring System Receiver,parent_or_dependent
bought the CGM receiver for my teenage son so can monitor his glucose at school,Glucose Monitoring System Receiver,parent_or_dependent_aug
at the CGM receiver for my teenage son so he can monitor his glucose bought school,Glucose Monitoring System Receiver,parent_or_dependent_aug
bought the CGM receiver for my teenage son so he can monitor his glucose at school actually,Glucose Monitoring System Receiver,parent_or_dependent_aug
social worker,Social Worker (Bachelors),vague_turn1
social like worker,Social Worker (Bachelors),vague_turn1_aug
earplugs | custom molded | audiologist took impression of my ears,Ear Plugs (custom made),progressive
earplugs | custom molded | audiologist took impression my ears,Ear Plugs (custom made),progressive_aug
earplugs | custom molded | audiologist took ears of my impression,Ear Plugs (custom made),progressive_aug
so earplugs | custom molded | audiologist took impression of my ears,Ear Plugs (custom made),progressive_aug
the finger prick machine,Blood glucose meter,vague_turn1
the machine prick finger,Blood glucose meter,vague_turn1_aug
the finger prick machine basically,Blood glucose meter,vague_turn1_aug
heel lift,Other foot care services (i.e. orthopedic shoe modification),vague_turn1
I think heel lift,Other foot care services (i.e. orthopedic shoe modification),vague_turn1_aug
knee brace,"Brace, right knee (Custom)",vague_turn1
knee brace like,"Brace, right knee (Custom)",vague_turn1_aug
prescription safety glasses lab,Safety Glasses,terse
glasses safety prescription lab,Safety Glasses,terse_aug
I think prescription safety glasses lab,Safety Glasses,terse_aug
"my doctor prescribed marijuana for my chronic pain, the legal medical kind",Medical Cannabis,confused_student
"my doctor prescribed marijuana for my chronic pain, the legal kind",Medical Cannabis,confused_student_aug
"my doctor prescribed medical for my chronic pain, the legal marijuana kind",Medical Cannabis,confused_student_aug
"my doctor prescribed marijuana for my chronic pain, the legal um medical kind",Medical Cannabis,confused_student_aug
needle therapy,Acupuncture,vague_turn1
I think needle therapy,Acupuncture,vague_turn1_aug
urgent care | not hospital ER | walk in clinic emergency visit,Other emergency services,progressive
urgent care | not hospital ER | walk clinic emergency visit,Other emergency services,progressive_aug
urgent care | not hospital ER visit walk in clinic emergency |,Other emergency services,progressive_aug
urgent care | not hospital ER | walk in clinic actually emergency visit,Other emergency services,progressive_aug
"I filed under 'thigh/full 20-29' but these are actually 40 mmhg, oops","Compression Stockings, thigh/full (30 mmhg & over)",wrong_guess
"I under 'thigh/full 20-29' but these are actually 40 mmhg, oops","Compression Stockings, thigh/full (30 mmhg & over)",wrong_guess_aug
"I filed under 'thigh/full 20-29' but these are actually 40 oops mmhg,","Compression Stockings, thigh/full (30 mmhg & over)",wrong_guess_aug
"I filed basically under 'thigh/full 20-29' but these are actually 40 mmhg, oops","Compression Stockings, thigh/full (30 mmhg & over)",wrong_guess_aug
my medication,Drug,vague_turn1
my just medication,Drug,vague_turn1_aug
Where do I claim a wig purchased for medical hair loss?,Wig,question
Where do I claim a purchased for medical hair loss?,Wig,question_aug
do Where I claim a wig purchased for medical hair loss?,Wig,question_aug
Where basically do I claim a wig purchased for medical hair loss?,Wig,question_aug
emergency medical service other,Other emergency services,terse
emergency other service medical,Other emergency services,terse_aug
emergency medical service other basically,Other emergency services,terse_aug
I filed under 'Brace left knee Custom' by mistake but it's for my right knee,"Brace, right knee (Custom)",wrong_guess
I filed under 'Brace left knee Custom' by mistake it's for my right knee,"Brace, right knee (Custom)",wrong_guess_aug
I filed under right left knee Custom' by mistake but it's for my 'Brace knee,"Brace, right knee (Custom)",wrong_guess_aug
I filed under 'Brace left knee Custom' by um mistake but it's for my right knee,"Brace, right knee (Custom)",wrong_guess_aug
athletic therapy,Athletic Therapy,vague_turn1
athletic um therapy,Athletic Therapy,vague_turn1_aug
"I buy the small screen that show glucose number from sensor, it is receiver not the sensor",Glucose Monitoring System Receiver,esl_speaker
"I buy the small screen that show glucose number from sensor, it receiver not the sensor",Glucose Monitoring System Receiver,esl_speaker_aug
"I buy the small screen that show glucose number from receiver it is sensor, not the sensor",Glucose Monitoring System Receiver,esl_speaker_aug
"um I buy the small screen that show glucose number from sensor, it is receiver not the sensor",Glucose Monitoring System Receiver,esl_speaker_aug
"I had to call 911 and they took me in an ambulance, how do I submit the bill?",Ambulance,confused_student
"I had to 911 and they took me in an ambulance, how do I submit the bill?",Ambulance,confused_student_aug
"bill? had to call 911 and they took me in an ambulance, how do I submit the I",Ambulance,confused_student_aug
"I had actually to call 911 and they took me in an ambulance, how do I submit the bill?",Ambulance,confused_student_aug
bedside humidifier doctor suggested,Humidifier (Table Top),partial_turn2
doctor humidifier bedside suggested,Humidifier (Table Top),partial_turn2_aug
so bedside humidifier doctor suggested,Humidifier (Table Top),partial_turn2_aug
Claiming individual therapy sessions with a Canadian Certified Counsellor registered with the CCPA,Clinical Counsellor,detailed_clinical
Claiming individual therapy sessions with a Canadian Certified registered with the CCPA,Clinical Counsellor,detailed_clinical_aug
Claiming with therapy sessions individual a Canadian Certified Counsellor registered with the CCPA,Clinical Counsellor,detailed_clinical_aug
Claiming individual therapy sessions with a Canadian Certified Counsellor registered with the just CCPA,Clinical Counsellor,detailed_clinical_aug
social work therapy,Social Worker (Masters level),vague_turn1
social work like therapy,Social Worker (Masters level),vague_turn1_aug
"I saw someone about my eating, she's a registered dietitian who makes meal plans",Dietitian Services,confused_student
"I someone about my eating, she's a registered dietitian who makes meal plans",Dietitian Services,confused_student_aug
"I saw someone about meal eating, she's a registered dietitian who makes my plans",Dietitian Services,confused_student_aug
"I saw someone about my eating, she's a registered dietitian who makes meal plans um",Dietitian Services,confused_student_aug
"I buy two crutch that go under arm, regular type, pair together","Crutches, pair",esl_speaker
"I buy two crutch that go arm, regular type, pair together","Crutches, pair",esl_speaker_aug
"I buy two crutch that go pair arm, regular type, under together","Crutches, pair",esl_speaker_aug
"um I buy two crutch that go under arm, regular type, pair together","Crutches, pair",esl_speaker_aug
pre-authorization | submitting estimate | need approval first,Estimate/Pre-Authorization,progressive
pre-authorization | estimate | need approval first,Estimate/Pre-Authorization,progressive_aug
pre-authorization estimate submitting | | need approval first,Estimate/Pre-Authorization,progressive_aug
pre-authorization | submitting estimate | need actually approval first,Estimate/Pre-Authorization,progressive_aug
heating pad | electric | for my chronic back pain daily,Heat Therapy - Re-usable items (purchase),progressive
heating pad | electric | for my chronic pain daily,Heat Therapy - Re-usable items (purchase),progressive_aug
heating pad | electric | for my chronic back pain daily,Heat Therapy - Re-usable items (purchase),progressive_aug
heating pad | electric just | for my chronic back pain daily,Heat Therapy - Re-usable items (purchase),progressive_aug
"knee socks | pretty firm, hard to pull up","Compression Stockings, knee length (20-29 mmhg)",progressive
"knee socks | pretty firm, to pull up","Compression Stockings, knee length (20-29 mmhg)",progressive_aug
"| socks knee pretty firm, hard to pull up","Compression Stockings, knee length (20-29 mmhg)",progressive_aug
"knee basically socks | pretty firm, hard to pull up","Compression Stockings, knee length (20-29 mmhg)",progressive_aug
"my provider is specifically a REGISTERED PSYCHOTHERAPIST, not a psychologist or counsellor, RP designation",Psychotherapist,complaint
"provider is specifically a REGISTERED PSYCHOTHERAPIST, not a psychologist or counsellor, RP designation",Psychotherapist,complaint_aug
"my provider is specifically a REGISTERED PSYCHOTHERAPIST, not a designation or counsellor, RP psychologist",Psychotherapist,complaint_aug
"my provider is specifically a REGISTERED like PSYCHOTHERAPIST, not a psychologist or counsellor, RP designation",Psychotherapist,complaint_aug
records before braces start,Other Orthodontic/Dental Services (i.e. orthodontic records),partial_turn2
before records braces start,Other Orthodontic/Dental Services (i.e. orthodontic records),partial_turn2_aug
records just before braces start,Other Orthodontic/Dental Services (i.e. orthodontic records),partial_turn2_aug
walking stick | regular cane | not the four footed kind,"Cane, standard",progressive
walking stick | regular cane not the four footed kind,"Cane, standard",progressive_aug
walking stick | not cane | regular the four footed kind,"Cane, standard",progressive_aug
walking stick | regular cane | not the four footed actually kind,"Cane, standard",progressive_aug
psychologist therapy sessions,Psychologist,terse
psychologist I think therapy sessions,Psychologist,terse_aug
"hearing aids, both ears",Hearing Aids,partial_turn2
"aids, hearing both ears",Hearing Aids,partial_turn2_aug
"hearing aids, both ears actually",Hearing Aids,partial_turn2_aug
steam device | small vaporizer | doctor suggested for my breathing,Vaporizer (table top),progressive
steam device | small | doctor suggested for my breathing,Vaporizer (table top),progressive_aug
steam small | device vaporizer | doctor suggested for my breathing,Vaporizer (table top),progressive_aug
steam device just | small vaporizer | doctor suggested for my breathing,Vaporizer (table top),progressive_aug
extra eye test,Diagnostic Vision Test,vague_turn1
actually extra eye test,Diagnostic Vision Test,vague_turn1_aug
MRI,MRI (Magnetic Resonance Imaging),vague_turn1
MRI just,MRI (Magnetic Resonance Imaging),vague_turn1_aug
continuous delivery pump,Insulin infusion pump,partial_turn2
so continuous delivery pump,Insulin infusion pump,partial_turn2_aug
Filing for patient-specific custom-fabricated biomechanical foot orthoses manufactured from three-dimensional foot impressions,Custom made foot orthotics,detailed_clinical
Filing for patient-specific custom-fabricated biomechanical foot orthoses manufactured from three-dimensional impressions,Custom made foot orthotics,detailed_clinical_aug
Filing biomechanical patient-specific custom-fabricated for foot orthoses manufactured from three-dimensional foot impressions,Custom made foot orthotics,detailed_clinical_aug
Filing I think for patient-specific custom-fabricated biomechanical foot orthoses manufactured from three-dimensional foot impressions,Custom made foot orthotics,detailed_clinical_aug
dentist did a filling,Dental Services,partial_turn2
dentist filling a did,Dental Services,partial_turn2_aug
dentist did I think a filling,Dental Services,partial_turn2_aug
"I buy contact lens for eye, doctor give prescription, I wear lens not glass",Prescription Contacts,esl_speaker
"I buy contact lens for eye, doctor give prescription, I lens not glass",Prescription Contacts,esl_speaker_aug
"I buy contact wear for eye, doctor give prescription, I lens lens not glass",Prescription Contacts,esl_speaker_aug
"I so buy contact lens for eye, doctor give prescription, I wear lens not glass",Prescription Contacts,esl_speaker_aug
admitted to hospital,Hospital (within your province),vague_turn1
I think admitted to hospital,Hospital (within your province),vague_turn1_aug
What category do I use for replacement sensors for my continuous glucose monitor?,Glucose Monitoring System Supplies/Sensors,question
What category do I use replacement sensors for my continuous glucose monitor?,Glucose Monitoring System Supplies/Sensors,question_aug
What category do I use for replacement monitor? for my continuous glucose sensors,Glucose Monitoring System Supplies/Sensors,question_aug
What category do I use like for replacement sensors for my continuous glucose monitor?,Glucose Monitoring System Supplies/Sensors,question_aug
TCM treatment,Acupuncture,vague_turn1
TCM treatment so,Acupuncture,vague_turn1_aug
walker,Walker - non wheeled (purchase),vague_turn1
like walker,Walker - non wheeled (purchase),vague_turn1_aug
claiming the ambulatory BP test for my spouse who wore the monitor for a full day,Ambulatory Blood Pressure Test,parent_or_dependent
claiming the ambulatory BP test for my spouse who wore the for a full day,Ambulatory Blood Pressure Test,parent_or_dependent_aug
claiming the ambulatory BP test for the spouse who wore my monitor for a full day,Ambulatory Blood Pressure Test,parent_or_dependent_aug
claiming the ambulatory BP test basically for my spouse who wore the monitor for a full day,Ambulatory Blood Pressure Test,parent_or_dependent_aug
"I buy special medical thing doctor recommend, but I cannot find right category for it",Other medical items,esl_speaker
"I buy special medical thing recommend, but I cannot find right category for it",Other medical items,esl_speaker_aug
"I buy special category thing doctor recommend, but I cannot find right medical for it",Other medical items,esl_speaker_aug
"I buy special medical thing doctor recommend, just but I cannot find right category for it",Other medical items,esl_speaker_aug
bought for home treatment,IV Stand (purchase),partial_turn2
bought treatment home for,IV Stand (purchase),partial_turn2_aug
bought for I think home treatment,IV Stand (purchase),partial_turn2_aug
flat pan | for bedridden use | not the commode,Bedpan,progressive
flat pan | for bedridden | not the commode,Bedpan,progressive_aug
flat pan | for bedridden use | commode the not,Bedpan,progressive_aug
flat pan | for bedridden use | so not the commode,Bedpan,progressive_aug
Which category for a tabletop vaporizer that produces steam?,Vaporizer (table top),question
Which category for a vaporizer that produces steam?,Vaporizer (table top),question_aug
Which produces for a tabletop vaporizer that category steam?,Vaporizer (table top),question_aug
Which category just for a tabletop vaporizer that produces steam?,Vaporizer (table top),question_aug
braces,Orthodontic Services (Braces - initial and monthly fee),vague_turn1
actually braces,Orthodontic Services (Braces - initial and monthly fee),vague_turn1_aug
I had that scan where they put gel on you and use a wand to see inside,Ultrasound,confused_student
I had that scan where they put gel you and use a wand to see inside,Ultrasound,confused_student_aug
I had that scan put they where gel on you and use a wand to see inside,Ultrasound,confused_student_aug
I had that scan where they put gel just on you and use a wand to see inside,Ultrasound,confused_student_aug
my doctor thinks my blood pressure spikes only at the clinic so she ordered a 24-hour portable monitor test,Ambulatory Blood Pressure Test,storyteller
my doctor my blood pressure spikes only at the clinic so she ordered a 24-hour portable monitor test,Ambulatory Blood Pressure Test,storyteller_aug
thinks doctor my my blood pressure spikes only at the clinic so she ordered a 24-hour portable monitor test,Ambulatory Blood Pressure Test,storyteller_aug
my doctor thinks my blood pressure spikes only at the clinic so she ordered a 24-hour just portable monitor test,Ambulatory Blood Pressure Test,storyteller_aug
medic alert | for my severe allergy | doctor recommended,Medic Alert Bracelet,progressive
alert | for my severe allergy | doctor recommended,Medic Alert Bracelet,progressive_aug
medic alert | for my severe recommended | doctor allergy,Medic Alert Bracelet,progressive_aug
medic alert | for my severe allergy | doctor I think recommended,Medic Alert Bracelet,progressive_aug
"I go to naturopath doctor, she give natural medicine and talk about food and lifestyle",Naturopathic Treatment,esl_speaker
"I go to naturopath doctor, she give natural medicine and talk about food and",Naturopathic Treatment,esl_speaker_aug
"medicine go to naturopath doctor, she give natural I and talk about food and lifestyle",Naturopathic Treatment,esl_speaker_aug
"I go to naturopath doctor, she give natural like medicine and talk about food and lifestyle",Naturopathic Treatment,esl_speaker_aug
Submitting a receipt for prefabricated over-the-counter biomechanical arch support insoles for plantar fasciitis,Standard foot orthotics or shoe inserts,detailed_clinical
Submitting a receipt for prefabricated over-the-counter biomechanical arch insoles for plantar fasciitis,Standard foot orthotics or shoe inserts,detailed_clinical_aug
Submitting a receipt for prefabricated over-the-counter biomechanical for support insoles arch plantar fasciitis,Standard foot orthotics or shoe inserts,detailed_clinical_aug
Submitting a receipt for prefabricated over-the-counter biomechanical arch support insoles for plantar I think fasciitis,Standard foot orthotics or shoe inserts,detailed_clinical_aug
"contacts, not glasses! I keep accidentally selecting the glasses category for my prescription contacts",Prescription Contacts,complaint
"contacts, not glasses! I keep selecting the glasses category for my prescription contacts",Prescription Contacts,complaint_aug
"contacts, not glasses! selecting keep accidentally I the glasses category for my prescription contacts",Prescription Contacts,complaint_aug
"contacts, not glasses! I keep accidentally selecting the glasses category for my prescription contacts actually",Prescription Contacts,complaint_aug
Claiming a comprehensive environmental and food allergen skin prick testing panel performed by a certified allergist,Scratch Test for Allergies,detailed_clinical
Claiming a comprehensive environmental and food allergen skin prick panel performed by a certified allergist,Scratch Test for Allergies,detailed_clinical_aug
Claiming a comprehensive environmental skin food allergen and prick testing panel performed by a certified allergist,Scratch Test for Allergies,detailed_clinical_aug
Claiming a comprehensive environmental and food allergen skin prick testing panel performed by a certified allergist like,Scratch Test for Allergies,detailed_clinical_aug
I went to the physio for rehab exercises after my rotator cuff surgery,Physiotherapy,confused_student
I to the physio for rehab exercises after my rotator cuff surgery,Physiotherapy,confused_student_aug
I went to the physio rehab for exercises after my rotator cuff surgery,Physiotherapy,confused_student_aug
I went to the physio for rehab exercises basically after my rotator cuff surgery,Physiotherapy,confused_student_aug
"I chose 'Insulin Gun automatic' but mine is actually manual, you press it by hand",Insulin Gun (manual),wrong_guess
"I chose 'Insulin Gun automatic' but mine is actually manual, press it by hand",Insulin Gun (manual),wrong_guess_aug
"I chose 'Insulin by automatic' but mine is actually manual, you press it Gun hand",Insulin Gun (manual),wrong_guess_aug
"I chose 'Insulin Gun automatic' actually but mine is actually manual, you press it by hand",Insulin Gun (manual),wrong_guess_aug
CGM piece stopped working,Glucose Monitoring System Transmitter,vague_turn1
CGM working stopped piece,Glucose Monitoring System Transmitter,vague_turn1_aug
CGM I think piece stopped working,Glucose Monitoring System Transmitter,vague_turn1_aug
"my son got hit by a ball at recess and cracked his front teeth, claiming the emergency dental",Dental Accident,parent_or_dependent
"my son got hit a ball at recess and cracked his front teeth, claiming the emergency dental",Dental Accident,parent_or_dependent_aug
"my son got hit by a ball at recess and cracked the front teeth, claiming his emergency dental",Dental Accident,parent_or_dependent_aug
"my I think son got hit by a ball at recess and cracked his front teeth, claiming the emergency dental",Dental Accident,parent_or_dependent_aug
foot clinic | chiropodist | basic foot care treatment,Chiropody (Foot Care) Treatment,progressive
foot clinic | chiropodist | basic foot treatment,Chiropody (Foot Care) Treatment,progressive_aug
foot chiropodist | clinic | basic foot care treatment,Chiropody (Foot Care) Treatment,progressive_aug
foot clinic | chiropodist so | basic foot care treatment,Chiropody (Foot Care) Treatment,progressive_aug
my child needs vision therapy for a lazy eye and it doesn't fit any other category,Other vision services (i.e. safety glasses),parent_or_dependent
my child needs vision therapy for a eye and it doesn't fit any other category,Other vision services (i.e. safety glasses),parent_or_dependent_aug
my it needs vision therapy for a lazy eye and child doesn't fit any other category,Other vision services (i.e. safety glasses),parent_or_dependent_aug
my child needs vision therapy for like a lazy eye and it doesn't fit any other category,Other vision services (i.e. safety glasses),parent_or_dependent_aug
peak flow meter | blow into it | check my asthma control at home,Peak Flow Meter,progressive
peak flow meter | blow into it | check my asthma control home,Peak Flow Meter,progressive_aug
peak flow meter | blow it into | check my asthma control at home,Peak Flow Meter,progressive_aug
peak flow meter | blow into it um | check my asthma control at home,Peak Flow Meter,progressive_aug
"blood sugar device | the meter itself, not the strips",Blood glucose meter,progressive
"sugar device | the meter itself, not the strips",Blood glucose meter,progressive_aug
"meter sugar device | the blood itself, not the strips",Blood glucose meter,progressive_aug
"blood just sugar device | the meter itself, not the strips",Blood glucose meter,progressive_aug
"long stockings | extremely tight, full leg","Compression Stockings, thigh/full (30 mmhg & over)",progressive
long stockings | extremely full leg,"Compression Stockings, thigh/full (30 mmhg & over)",progressive_aug
"long stockings full extremely tight, | leg","Compression Stockings, thigh/full (30 mmhg & over)",progressive_aug
"long stockings | extremely like tight, full leg","Compression Stockings, thigh/full (30 mmhg & over)",progressive_aug
had a chiropractic session at Back in Motion clinic on Bank Street,Chiropractic,brand_specific
had a chiropractic session at Back in Motion on Bank Street,Chiropractic,brand_specific_aug
had a on session at Back in Motion clinic chiropractic Bank Street,Chiropractic,brand_specific_aug
had a chiropractic session at Back just in Motion clinic on Bank Street,Chiropractic,brand_specific_aug
"I submitted under 'Walker with wheels' but mine has no wheels at all, just rubber tips",Walker - non wheeled (purchase),wrong_guess
I submitted under 'Walker with wheels' but mine has no wheels at just rubber tips,Walker - non wheeled (purchase),wrong_guess_aug
"I submitted under 'Walker with wheels' but mine has at wheels no all, just rubber tips",Walker - non wheeled (purchase),wrong_guess_aug
"I submitted like under 'Walker with wheels' but mine has no wheels at all, just rubber tips",Walker - non wheeled (purchase),wrong_guess_aug
"I buy new mask for my CPAP machine, the part that cover nose when sleeping","CPAP, APAP, BIPAP Mask",esl_speaker
"I buy new mask my CPAP machine, the part that cover nose when sleeping","CPAP, APAP, BIPAP Mask",esl_speaker_aug
"I buy new CPAP for my mask machine, the part that cover nose when sleeping","CPAP, APAP, BIPAP Mask",esl_speaker_aug
"I buy new mask for my CPAP machine, the part that cover so nose when sleeping","CPAP, APAP, BIPAP Mask",esl_speaker_aug
medical bracelet | with my condition info | for emergencies,Medic Alert Bracelet,progressive
medical bracelet | with my info | for emergencies,Medic Alert Bracelet,progressive_aug
medical bracelet | with my condition info emergencies for |,Medic Alert Bracelet,progressive_aug
medical bracelet | with my condition info | for basically emergencies,Medic Alert Bracelet,progressive_aug
back adjustment,Chiropractic,vague_turn1
back adjustment I think,Chiropractic,vague_turn1_aug
"shoe inserts | off the shelf, not custom",Standard foot orthotics or shoe inserts,progressive
"shoe inserts | off the shelf, not",Standard foot orthotics or shoe inserts,progressive_aug
"shoe | inserts off the shelf, not custom",Standard foot orthotics or shoe inserts,progressive_aug
"shoe like inserts | off the shelf, not custom",Standard foot orthotics or shoe inserts,progressive_aug
the electrode pad device,"Stimulator, muscle/nerve (TENS)",vague_turn1
pad electrode the device,"Stimulator, muscle/nerve (TENS)",vague_turn1_aug
the I think electrode pad device,"Stimulator, muscle/nerve (TENS)",vague_turn1_aug
What category for having my regular shoes modified with orthopedic adjustments?,Other foot care services (i.e. orthopedic shoe modification),question
What category having my regular shoes modified with orthopedic adjustments?,Other foot care services (i.e. orthopedic shoe modification),question_aug
What category for having my orthopedic shoes modified with regular adjustments?,Other foot care services (i.e. orthopedic shoe modification),question_aug
What category for having my regular shoes modified with orthopedic adjustments? actually,Other foot care services (i.e. orthopedic shoe modification),question_aug
Which category for a commode that has wheels on it?,Wheeled Commode (purchase),question
Which for a commode that has wheels on it?,Wheeled Commode (purchase),question_aug
Which category for has commode that a wheels on it?,Wheeled Commode (purchase),question_aug
Which category for a commode just that has wheels on it?,Wheeled Commode (purchase),question_aug
tight knee socks | super firm | vascular surgeon said I need the strongest,"Compression Stockings, knee length (30 mmhg & over)",progressive
tight socks | super firm | vascular surgeon said I need the strongest,"Compression Stockings, knee length (30 mmhg & over)",progressive_aug
tight knee socks | super firm | I surgeon said vascular need the strongest,"Compression Stockings, knee length (30 mmhg & over)",progressive_aug
tight knee socks | super firm | um vascular surgeon said I need the strongest,"Compression Stockings, knee length (30 mmhg & over)",progressive_aug
seeing a psychotherapist,Psychotherapist,vague_turn1
seeing like a psychotherapist,Psychotherapist,vague_turn1_aug
medical item,Other medical items,vague_turn1
just medical item,Other medical items,vague_turn1_aug
had my Oticon hearing aid repaired and re-tubed at HearingLife,Other hearing services,brand_specific
had my Oticon hearing aid repaired re-tubed at HearingLife,Other hearing services,brand_specific_aug
hearing my Oticon had aid repaired and re-tubed at HearingLife,Other hearing services,brand_specific_aug
I think had my Oticon hearing aid repaired and re-tubed at HearingLife,Other hearing services,brand_specific_aug
pills | picked up at pharmacy | prescribed for my condition,Drug,progressive
pills | picked up at pharmacy | prescribed for condition,Drug,progressive_aug
pills | my up at pharmacy | prescribed for picked condition,Drug,progressive_aug
pills | just picked up at pharmacy | prescribed for my condition,Drug,progressive_aug
eyewear,Prescription Glasses,vague_turn1
like eyewear,Prescription Glasses,vague_turn1_aug
claiming chiropractic visits for my wife's lower back pain from pregnancy,Chiropractic,parent_or_dependent
claiming chiropractic for my wife's lower back pain from pregnancy,Chiropractic,parent_or_dependent_aug
visits chiropractic claiming for my wife's lower back pain from pregnancy,Chiropractic,parent_or_dependent_aug
claiming chiropractic visits for I think my wife's lower back pain from pregnancy,Chiropractic,parent_or_dependent_aug
"I chose 'Glucose Monitoring System Supplies/Sensors' but this is the reusable transmitter, not a disposable sensor",Glucose Monitoring System Transmitter,wrong_guess
"I chose 'Glucose Monitoring System Supplies/Sensors' but this is the reusable transmitter, a disposable sensor",Glucose Monitoring System Transmitter,wrong_guess_aug
"disposable chose 'Glucose Monitoring System Supplies/Sensors' but this is the reusable transmitter, not a I sensor",Glucose Monitoring System Transmitter,wrong_guess_aug
"I chose 'Glucose Monitoring System Supplies/Sensors' but this is basically the reusable transmitter, not a disposable sensor",Glucose Monitoring System Transmitter,wrong_guess_aug
"the sticky pads, not the machine","Stimulator, supplies",partial_turn2
"the pads, not the machine","Stimulator, supplies",partial_turn2_aug
"the sticky pads, the not machine","Stimulator, supplies",partial_turn2_aug
"the sticky pads, actually not the machine","Stimulator, supplies",partial_turn2_aug
after my hip surgery for the toilet,Raised Toilet seat (purchase),partial_turn2
after my hip for the toilet,Raised Toilet seat (purchase),partial_turn2_aug
after toilet hip surgery for the my,Raised Toilet seat (purchase),partial_turn2_aug
after my hip surgery for the like toilet,Raised Toilet seat (purchase),partial_turn2_aug
TB test | the skin injection | for my new job requirement,TB Test/Mantoux,progressive
TB test the skin injection | for my new job requirement,TB Test/Mantoux,progressive_aug
TB test new the skin injection | for my | job requirement,TB Test/Mantoux,progressive_aug
TB test | the skin injection | for my just new job requirement,TB Test/Mantoux,progressive_aug
had a naturopathic consultation at the Ottawa Integrative Health Centre,Naturopathic Treatment,brand_specific
had a naturopathic consultation at the Ottawa Integrative Centre,Naturopathic Treatment,brand_specific_aug
had a at consultation naturopathic the Ottawa Integrative Health Centre,Naturopathic Treatment,brand_specific_aug
had a naturopathic consultation at the Ottawa Integrative Health Centre so,Naturopathic Treatment,brand_specific_aug
"I buy new glass for see, doctor write prescription and I get glass made at store",Prescription Glasses,esl_speaker
"I buy new glass for see, doctor write prescription and I get glass made store",Prescription Glasses,esl_speaker_aug
"I buy glass new for see, doctor write prescription and I get glass made at store",Prescription Glasses,esl_speaker_aug
"I buy new glass for see, doctor write prescription and I get um glass made at store",Prescription Glasses,esl_speaker_aug
claiming my father's colonoscopy procedure at the endoscopy clinic,Colonoscopy,parent_or_dependent
claiming my colonoscopy procedure at the endoscopy clinic,Colonoscopy,parent_or_dependent_aug
my claiming father's colonoscopy procedure at the endoscopy clinic,Colonoscopy,parent_or_dependent_aug
claiming my father's like colonoscopy procedure at the endoscopy clinic,Colonoscopy,parent_or_dependent_aug
acupuncture | needles in my back | for chronic pain,Acupuncture,progressive
acupuncture | needles in my back | for pain,Acupuncture,progressive_aug
acupuncture | | in my back needles for chronic pain,Acupuncture,progressive_aug
acupuncture | needles in my back | for chronic basically pain,Acupuncture,progressive_aug
dental plan,Dental Estimate for Services,vague_turn1
um dental plan,Dental Estimate for Services,vague_turn1_aug
vision | orthoptic training | 12 sessions prescribed,Other vision services (i.e. safety glasses),progressive
| orthoptic training | 12 sessions prescribed,Other vision services (i.e. safety glasses),progressive_aug
| vision orthoptic training | 12 sessions prescribed,Other vision services (i.e. safety glasses),progressive_aug
vision | orthoptic training | 12 sessions just prescribed,Other vision services (i.e. safety glasses),progressive_aug
"After standing all day at my retail job my legs ache, so I got knee-high compression socks at about 18 mmhg","Compression Stockings, knee length (15-19 mmhg)",storyteller
"After standing all day my retail job my legs ache, so I got knee-high compression socks at about 18 mmhg","Compression Stockings, knee length (15-19 mmhg)",storyteller_aug
"After standing all day at my retail job my legs ache, so I got knee-high compression socks 18 about at mmhg","Compression Stockings, knee length (15-19 mmhg)",storyteller_aug
"actually After standing all day at my retail job my legs ache, so I got knee-high compression socks at about 18 mmhg","Compression Stockings, knee length (15-19 mmhg)",storyteller_aug
peak flow meter asthma,Peak Flow Meter,terse
peak flow asthma meter,Peak Flow Meter,terse_aug
peak flow meter so asthma,Peak Flow Meter,terse_aug
compression gloves | not stockings | for my arthritis,Other garment brace services (i.e. compression gloves),progressive
gloves | not stockings | for my arthritis,Other garment brace services (i.e. compression gloves),progressive_aug
compression gloves | not stockings | arthritis my for,Other garment brace services (i.e. compression gloves),progressive_aug
compression gloves | actually not stockings | for my arthritis,Other garment brace services (i.e. compression gloves),progressive_aug
DNA screening for hereditary conditions,Screening (for DNA/Genetic purposes),partial_turn2
DNA screening for conditions,Screening (for DNA/Genetic purposes),partial_turn2_aug
DNA screening hereditary for conditions,Screening (for DNA/Genetic purposes),partial_turn2_aug
DNA screening for hereditary actually conditions,Screening (for DNA/Genetic purposes),partial_turn2_aug
had speech therapy at the Children's Hospital of Eastern Ontario for my son's articulation disorder,Speech Therapy,brand_specific
had speech therapy at the Children's Hospital of Eastern Ontario for son's articulation disorder,Speech Therapy,brand_specific_aug
had speech therapy at the Children's Hospital of Eastern Ontario for my disorder articulation son's,Speech Therapy,brand_specific_aug
had speech therapy um at the Children's Hospital of Eastern Ontario for my son's articulation disorder,Speech Therapy,brand_specific_aug
I couldn't wait 6 months for a public MRI so I paid out of pocket at a private clinic for my knee scan,MRI (Magnetic Resonance Imaging),storyteller
I couldn't wait 6 for a public MRI so I paid out of pocket at a private clinic for my knee scan,MRI (Magnetic Resonance Imaging),storyteller_aug
I couldn't wait 6 months for a public at so I paid out of pocket MRI a private clinic for my knee scan,MRI (Magnetic Resonance Imaging),storyteller_aug
I couldn't wait 6 months for a actually public MRI so I paid out of pocket at a private clinic for my knee scan,MRI (Magnetic Resonance Imaging),storyteller_aug
"I got the crutch that has a ring around my forearm, not the underarm type",Forearm Crutch (purchase),confused_student
"I the crutch that has a ring around my forearm, not the underarm type",Forearm Crutch (purchase),confused_student_aug
"I got the crutch my has a ring around that forearm, not the underarm type",Forearm Crutch (purchase),confused_student_aug
"I got the crutch that has a ring around my forearm, not the so underarm type",Forearm Crutch (purchase),confused_student_aug
Does it matter if my social worker has a bachelor's vs master's degree? Mine has a BSW,Social Worker (Bachelors),question
Does it matter if my social has a bachelor's vs master's degree? Mine has a BSW,Social Worker (Bachelors),question_aug
BSW it matter if my social worker has a bachelor's vs master's degree? Mine has a Does,Social Worker (Bachelors),question_aug
Does it matter if my social worker has a bachelor's vs master's degree? Mine has a basically BSW,Social Worker (Bachelors),question_aug
genetic DNA screening test,Screening (for DNA/Genetic purposes),terse
DNA genetic screening test,Screening (for DNA/Genetic purposes),terse_aug
genetic just DNA screening test,Screening (for DNA/Genetic purposes),terse_aug
hearing test,Audiometric Exam,vague_turn1
hearing um test,Audiometric Exam,vague_turn1_aug
medical marijuana rx claim,Medical Cannabis,terse
rx marijuana medical claim,Medical Cannabis,terse_aug
medical um marijuana rx claim,Medical Cannabis,terse_aug
homeopath | not naturopath | different treatment | for my fatigue,Homeopathic Treatment,progressive
homeopath | not naturopath | different treatment | for my,Homeopathic Treatment,progressive_aug
homeopath | not naturopath my different treatment | for | fatigue,Homeopathic Treatment,progressive_aug
homeopath | not naturopath actually | different treatment | for my fatigue,Homeopathic Treatment,progressive_aug
the face piece for my cpap,"CPAP, APAP, BIPAP Mask",vague_turn1
the face piece for cpap,"CPAP, APAP, BIPAP Mask",vague_turn1_aug
the face piece my for cpap,"CPAP, APAP, BIPAP Mask",vague_turn1_aug
the face like piece for my cpap,"CPAP, APAP, BIPAP Mask",vague_turn1_aug
I put this under 'Brace Non-custom' but it's actually a custom brace for my left knee,"Brace, left knee (Custom)",wrong_guess
I put this under 'Brace Non-custom' but it's a custom brace for my left knee,"Brace, left knee (Custom)",wrong_guess_aug
I put this under 'Brace Non-custom' but it's actually a custom brace knee my left for,"Brace, left knee (Custom)",wrong_guess_aug
I put this under 'Brace Non-custom' um but it's actually a custom brace for my left knee,"Brace, left knee (Custom)",wrong_guess_aug
What category for a prescription cervical support pillow?,Cervical Pillow,question
What category for a prescription cervical support,Cervical Pillow,question_aug
What category pillow? a prescription cervical support for,Cervical Pillow,question_aug
What category for a prescription cervical support pillow? like,Cervical Pillow,question_aug
knee brace,"Brace, left knee (Custom)",vague_turn1
knee so brace,"Brace, left knee (Custom)",vague_turn1_aug
added a heel lift to my shoe,Other foot care services (i.e. orthopedic shoe modification),partial_turn2
added a lift to my shoe,Other foot care services (i.e. orthopedic shoe modification),partial_turn2_aug
added a to lift heel my shoe,Other foot care services (i.e. orthopedic shoe modification),partial_turn2_aug
added a heel lift to my just shoe,Other foot care services (i.e. orthopedic shoe modification),partial_turn2_aug
emergency visit,Other emergency services,vague_turn1
actually emergency visit,Other emergency services,vague_turn1_aug
part that sends the data,Glucose Monitoring System Transmitter,vague_turn1
that sends the data,Glucose Monitoring System Transmitter,vague_turn1_aug
part the sends that data,Glucose Monitoring System Transmitter,vague_turn1_aug
part that sends the data I think,Glucose Monitoring System Transmitter,vague_turn1_aug
I picked 'Crutches pair' but mine is actually a forearm crutch with an elbow cuff,Forearm Crutch (purchase),wrong_guess
I 'Crutches pair' but mine is actually a forearm crutch with an elbow cuff,Forearm Crutch (purchase),wrong_guess_aug
I picked 'Crutches a but mine is actually pair' forearm crutch with an elbow cuff,Forearm Crutch (purchase),wrong_guess_aug
I picked 'Crutches pair' but mine is actually a forearm crutch with actually an elbow cuff,Forearm Crutch (purchase),wrong_guess_aug
buying a forearm crutch for my spouse who needs long-term mobility support,Forearm Crutch (purchase),parent_or_dependent
buying a forearm crutch for spouse who needs long-term mobility support,Forearm Crutch (purchase),parent_or_dependent_aug
buying a forearm crutch for my spouse who long-term needs mobility support,Forearm Crutch (purchase),parent_or_dependent_aug
buying a forearm crutch for my spouse who needs long-term mobility just support,Forearm Crutch (purchase),parent_or_dependent_aug
"the pen device, reusable with cartridges",Insulin Pen Injector,partial_turn2
"the pen device, reusable with",Insulin Pen Injector,partial_turn2_aug
"pen the device, reusable with cartridges",Insulin Pen Injector,partial_turn2_aug
"the pen device, just reusable with cartridges",Insulin Pen Injector,partial_turn2_aug
MedicAlert ID bracelet,Medic Alert Bracelet,terse
actually MedicAlert ID bracelet,Medic Alert Bracelet,terse_aug
therapeutic not relaxation,Massage,partial_turn2
actually therapeutic not relaxation,Massage,partial_turn2_aug
paramedic fee,Ambulance,vague_turn1
um paramedic fee,Ambulance,vague_turn1_aug
"it's a MANUAL gun not automatic, I don't understand why there are two separate categories for basically the same thing",Insulin Gun (manual),complaint
"it's a MANUAL gun not automatic, I don't understand why there are two separate categories for basically the same",Insulin Gun (manual),complaint_aug
"it's a separate gun not automatic, I don't understand why there are two MANUAL categories for basically the same thing",Insulin Gun (manual),complaint_aug
"it's a so MANUAL gun not automatic, I don't understand why there are two separate categories for basically the same thing",Insulin Gun (manual),complaint_aug
I prefer having control over the injection speed so I use a manual insulin gun where I push the plunger myself,Insulin Gun (manual),storyteller
I prefer having control over the injection so I use a manual insulin gun where I push the plunger myself,Insulin Gun (manual),storyteller_aug
I prefer a control over the injection speed so I use having manual insulin gun where I push the plunger myself,Insulin Gun (manual),storyteller_aug
I prefer having control over the injection speed so I use a manual insulin gun where I push the basically plunger myself,Insulin Gun (manual),storyteller_aug
the beep test,Audiometric Exam,vague_turn1
the beep test um,Audiometric Exam,vague_turn1_aug
custom leg support,"Brace, AFO/KAFO (Custom)",vague_turn1
custom leg just support,"Brace, AFO/KAFO (Custom)",vague_turn1_aug
Submitting for a manually-operated insulin injection gun device for assisted subcutaneous insulin administration,Insulin Gun (manual),detailed_clinical
Submitting for a manually-operated insulin injection gun device for subcutaneous insulin administration,Insulin Gun (manual),detailed_clinical_aug
a for Submitting manually-operated insulin injection gun device for assisted subcutaneous insulin administration,Insulin Gun (manual),detailed_clinical_aug
Submitting for a manually-operated insulin injection gun device for assisted um subcutaneous insulin administration,Insulin Gun (manual),detailed_clinical_aug
my father was hospitalized in Ontario and we need to claim the non-OHIP covered charges,Hospital (within your province),parent_or_dependent
my father was hospitalized in Ontario and need to claim the non-OHIP covered charges,Hospital (within your province),parent_or_dependent_aug
hospitalized father was my in Ontario and we need to claim the non-OHIP covered charges,Hospital (within your province),parent_or_dependent_aug
my father was hospitalized in Ontario and we need I think to claim the non-OHIP covered charges,Hospital (within your province),parent_or_dependent_aug
RMT session | not spa | for my shoulder injury,Massage,progressive
session | not spa | for my shoulder injury,Massage,progressive_aug
RMT session | not spa | for my injury shoulder,Massage,progressive_aug
RMT session | not spa | for my just shoulder injury,Massage,progressive_aug
IgE blood test not skin test,Blood test for Allergies (IG test not eligible),partial_turn2
IgE test not skin test,Blood test for Allergies (IG test not eligible),partial_turn2_aug
IgE skin test not blood test,Blood test for Allergies (IG test not eligible),partial_turn2_aug
IgE blood test not skin basically test,Blood test for Allergies (IG test not eligible),partial_turn2_aug
got Venosan 7002 thigh-high 23-32 mmHg with lace grip from MedEquip,"Compression Stockings, thigh/full (20-29 mmhg)",brand_specific
got Venosan 7002 thigh-high 23-32 with lace grip from MedEquip,"Compression Stockings, thigh/full (20-29 mmhg)",brand_specific_aug
thigh-high Venosan 7002 got 23-32 mmHg with lace grip from MedEquip,"Compression Stockings, thigh/full (20-29 mmhg)",brand_specific_aug
got Venosan basically 7002 thigh-high 23-32 mmHg with lace grip from MedEquip,"Compression Stockings, thigh/full (20-29 mmhg)",brand_specific_aug
humidifier | table top | for my respiratory condition | doctor suggested,Humidifier (Table Top),progressive
humidifier | table top for my respiratory condition | doctor suggested,Humidifier (Table Top),progressive_aug
humidifier | table top | my for respiratory condition | doctor suggested,Humidifier (Table Top),progressive_aug
humidifier | table top | for my respiratory condition | um doctor suggested,Humidifier (Table Top),progressive_aug
full leg compression | thigh high | the firm kind,"Compression Stockings, thigh/full (20-29 mmhg)",progressive
full leg compression | thigh high the firm kind,"Compression Stockings, thigh/full (20-29 mmhg)",progressive_aug
full leg compression kind thigh high | the firm |,"Compression Stockings, thigh/full (20-29 mmhg)",progressive_aug
full leg compression | thigh high | the basically firm kind,"Compression Stockings, thigh/full (20-29 mmhg)",progressive_aug
custom swim plugs,Other hearing services,vague_turn1
basically custom swim plugs,Other hearing services,vague_turn1_aug
My eye exam showed my prescription changed so I picked new frames and got progressive lenses made up,Prescription Glasses,storyteller
My eye exam showed my prescription changed so I picked new frames and got progressive lenses made,Prescription Glasses,storyteller_aug
My eye exam showed my prescription changed so I frames new picked and got progressive lenses made up,Prescription Glasses,storyteller_aug
My eye exam showed my prescription changed so I picked new actually frames and got progressive lenses made up,Prescription Glasses,storyteller_aug
specialist not on the list,Other health specialists,vague_turn1
specialist not the list,Other health specialists,vague_turn1_aug
specialist list on the not,Other health specialists,vague_turn1_aug
specialist not on um the list,Other health specialists,vague_turn1_aug
other health specialist,Other health specialists,vague_turn1
so other health specialist,Other health specialists,vague_turn1_aug
walking sticks | goes under my arms | after my ankle break,"Crutches, pair",progressive
walking sticks goes under my arms | after my ankle break,"Crutches, pair",progressive_aug
walking sticks | goes under my after | arms my ankle break,"Crutches, pair",progressive_aug
walking like sticks | goes under my arms | after my ankle break,"Crutches, pair",progressive_aug
TENS machine,"Stimulator, muscle/nerve (TENS)",vague_turn1
like TENS machine,"Stimulator, muscle/nerve (TENS)",vague_turn1_aug
overnight at the sleep clinic,Sleep Study,partial_turn2
overnight at sleep clinic,Sleep Study,partial_turn2_aug
the at overnight sleep clinic,Sleep Study,partial_turn2_aug
overnight at the sleep so clinic,Sleep Study,partial_turn2_aug
finger prick needles,Lancet,vague_turn1
finger prick just needles,Lancet,vague_turn1_aug
"doctor say I need special shoe made for my foot, not regular shoe from store, custom shoe",Orthopaedic or custom made shoes,esl_speaker
"doctor say I need special shoe made for my foot, not regular shoe from custom shoe",Orthopaedic or custom made shoes,esl_speaker_aug
"doctor say I need special shoe made for my foot, not regular custom from store, shoe shoe",Orthopaedic or custom made shoes,esl_speaker_aug
"doctor say I need special shoe made actually for my foot, not regular shoe from store, custom shoe",Orthopaedic or custom made shoes,esl_speaker_aug
the home device to check my blood pressure,Blood pressure monitor,partial_turn2
the home device to check blood pressure,Blood pressure monitor,partial_turn2_aug
the home device to check pressure blood my,Blood pressure monitor,partial_turn2_aug
the home device to check my blood like pressure,Blood pressure monitor,partial_turn2_aug
blood test for my vitamin D levels,Vitamin D Test,partial_turn2
blood test for my vitamin D,Vitamin D Test,partial_turn2_aug
my test for blood vitamin D levels,Vitamin D Test,partial_turn2_aug
blood so test for my vitamin D levels,Vitamin D Test,partial_turn2_aug
wearable insulin thing,Insulin infusion pump,vague_turn1
um wearable insulin thing,Insulin infusion pump,vague_turn1_aug
right knee support,"Brace, right knee (Custom)",vague_turn1
right just knee support,"Brace, right knee (Custom)",vague_turn1_aug
"leg socks, knee height","Compression Stockings, knee length (15-19 mmhg)",vague_turn1
"leg height knee socks,","Compression Stockings, knee length (15-19 mmhg)",vague_turn1_aug
"leg socks, knee so height","Compression Stockings, knee length (15-19 mmhg)",vague_turn1_aug
"PhD level, does assessments and therapy",Psychologist,partial_turn2
"PhD level, does assessments therapy",Psychologist,partial_turn2_aug
"and level, does assessments PhD therapy",Psychologist,partial_turn2_aug
"PhD level, does assessments and actually therapy",Psychologist,partial_turn2_aug
automatic BP monitor for daily use,Blood pressure monitor,partial_turn2
automatic BP for daily use,Blood pressure monitor,partial_turn2_aug
automatic monitor BP for daily use,Blood pressure monitor,partial_turn2_aug
um automatic BP monitor for daily use,Blood pressure monitor,partial_turn2_aug
not masters level,Social Worker (Bachelors),partial_turn2
not masters basically level,Social Worker (Bachelors),partial_turn2_aug
picked up Bauerfeind VenoTrain micro knee-high 15-20 mmHg from MedPro,"Compression Stockings, knee length (15-19 mmhg)",brand_specific
picked up Bauerfeind VenoTrain micro knee-high 15-20 mmHg MedPro,"Compression Stockings, knee length (15-19 mmhg)",brand_specific_aug
picked up mmHg VenoTrain micro knee-high 15-20 Bauerfeind from MedPro,"Compression Stockings, knee length (15-19 mmhg)",brand_specific_aug
picked up Bauerfeind VenoTrain micro so knee-high 15-20 mmHg from MedPro,"Compression Stockings, knee length (15-19 mmhg)",brand_specific_aug
"forearm type, not the armpit kind",Forearm Crutch (purchase),partial_turn2
forearm not the armpit kind,Forearm Crutch (purchase),partial_turn2_aug
"forearm type, armpit the not kind",Forearm Crutch (purchase),partial_turn2_aug
"forearm just type, not the armpit kind",Forearm Crutch (purchase),partial_turn2_aug
knee socks,"Compression Stockings, knee length (15-19 mmhg)",vague_turn1
knee socks I think,"Compression Stockings, knee length (15-19 mmhg)",vague_turn1_aug
I turned 40 and my doctor recommended I start getting regular mammograms for early detection,Mammogram,storyteller
I turned 40 and my doctor recommended start getting regular mammograms for early detection,Mammogram,storyteller_aug
I turned 40 mammograms my doctor recommended I start getting regular and for early detection,Mammogram,storyteller_aug
I turned 40 and my doctor recommended just I start getting regular mammograms for early detection,Mammogram,storyteller_aug
tooth damaged from a fall,Dental Accident,partial_turn2
tooth from a fall,Dental Accident,partial_turn2_aug
tooth from damaged a fall,Dental Accident,partial_turn2_aug
tooth I think damaged from a fall,Dental Accident,partial_turn2_aug
toilet versa frame safety,Versa Frame (purchase),terse
toilet frame versa safety,Versa Frame (purchase),terse_aug
toilet versa I think frame safety,Versa Frame (purchase),terse_aug
tuberculosis screening injection,TB Test/Mantoux,partial_turn2
basically tuberculosis screening injection,TB Test/Mantoux,partial_turn2_aug
"frames and lenses, prescription",Prescription Glasses,partial_turn2
"lenses, and frames prescription",Prescription Glasses,partial_turn2_aug
"frames and lenses, like prescription",Prescription Glasses,partial_turn2_aug
custom compression stockings claim,"Compression Stockings, custom, any length",terse
stockings compression custom claim,"Compression Stockings, custom, any length",terse_aug
actually custom compression stockings claim,"Compression Stockings, custom, any length",terse_aug
brace | for my right knee | the orthotist took measurements,"Brace, right knee (Custom)",progressive
brace | for my right knee | orthotist took measurements,"Brace, right knee (Custom)",progressive_aug
brace | for my right took | the orthotist knee measurements,"Brace, right knee (Custom)",progressive_aug
brace | for my right um knee | the orthotist took measurements,"Brace, right knee (Custom)",progressive_aug
"my elderly mother needs a shower chair for safety, claiming the purchase",Bath Bench/Chair (purchase),parent_or_dependent
"my elderly mother needs a shower chair for safety, the purchase",Bath Bench/Chair (purchase),parent_or_dependent_aug
"my elderly mother needs for shower chair a safety, claiming the purchase",Bath Bench/Chair (purchase),parent_or_dependent_aug
"my elderly actually mother needs a shower chair for safety, claiming the purchase",Bath Bench/Chair (purchase),parent_or_dependent_aug
Claiming a patient-specific custom-fabricated left knee orthosis with medial-lateral stabilizers for ACL deficiency,"Brace, left knee (Custom)",detailed_clinical
Claiming a patient-specific custom-fabricated left knee orthosis with stabilizers for ACL deficiency,"Brace, left knee (Custom)",detailed_clinical_aug
Claiming a patient-specific custom-fabricated orthosis knee left with medial-lateral stabilizers for ACL deficiency,"Brace, left knee (Custom)",detailed_clinical_aug
Claiming a patient-specific actually custom-fabricated left knee orthosis with medial-lateral stabilizers for ACL deficiency,"Brace, left knee (Custom)",detailed_clinical_aug
Claiming CSA Z94.3 rated prescription polycarbonate safety eyewear with wraparound side shields,Safety Glasses,detailed_clinical
Claiming CSA Z94.3 rated prescription polycarbonate safety eyewear with side shields,Safety Glasses,detailed_clinical_aug
Z94.3 CSA Claiming rated prescription polycarbonate safety eyewear with wraparound side shields,Safety Glasses,detailed_clinical_aug
Claiming CSA Z94.3 rated prescription polycarbonate safety eyewear actually with wraparound side shields,Safety Glasses,detailed_clinical_aug
"the meter itself, not the strips",Blood glucose meter,partial_turn2
"the meter itself, the strips",Blood glucose meter,partial_turn2_aug
"the meter itself, the not strips",Blood glucose meter,partial_turn2_aug
"like the meter itself, not the strips",Blood glucose meter,partial_turn2_aug
very firm compression to the knee,"Compression Stockings, knee length (30 mmhg & over)",partial_turn2
very firm to the knee,"Compression Stockings, knee length (30 mmhg & over)",partial_turn2_aug
very to compression firm the knee,"Compression Stockings, knee length (30 mmhg & over)",partial_turn2_aug
very firm compression basically to the knee,"Compression Stockings, knee length (30 mmhg & over)",partial_turn2_aug
custom orthopaedic shoes,Orthopaedic or custom made shoes,terse
custom orthopaedic shoes so,Orthopaedic or custom made shoes,terse_aug
incontinence supplies,Incontinence Supplies,vague_turn1
incontinence supplies basically,Incontinence Supplies,vague_turn1_aug
small vaporizer for breathing,Vaporizer (table top),partial_turn2
for vaporizer small breathing,Vaporizer (table top),partial_turn2_aug
small um vaporizer for breathing,Vaporizer (table top),partial_turn2_aug
my mother was taken by ambulance to the Civic Hospital and I'm helping her file the claim,Ambulance,parent_or_dependent
my mother was by ambulance to the Civic Hospital and I'm helping her file the claim,Ambulance,parent_or_dependent_aug
my mother was taken by ambulance to the Civic Hospital I'm and helping her file the claim,Ambulance,parent_or_dependent_aug
my mother was taken by ambulance to the I think Civic Hospital and I'm helping her file the claim,Ambulance,parent_or_dependent_aug
chipped tooth | fell and hit my mouth | need dental work,Dental Accident,progressive
chipped tooth | fell and hit my mouth need dental work,Dental Accident,progressive_aug
chipped tooth | and fell hit my mouth | need dental work,Dental Accident,progressive_aug
chipped tooth | fell um and hit my mouth | need dental work,Dental Accident,progressive_aug
shoe inserts,Custom made foot orthotics,vague_turn1
shoe inserts so,Custom made foot orthotics,vague_turn1_aug
the ones I put directly in my eye,Prescription Contacts,partial_turn2
the ones I put directly my eye,Prescription Contacts,partial_turn2_aug
the ones put I directly in my eye,Prescription Contacts,partial_turn2_aug
the ones I put directly in I think my eye,Prescription Contacts,partial_turn2_aug
"I got the walker that you can push and roll around, it has a seat and wheels",Walker - with wheels (purchase),confused_student
"I got the walker that you can push and roll around, it has seat and wheels",Walker - with wheels (purchase),confused_student_aug
"I got the walker that you can push and roll around, wheels has a seat and it",Walker - with wheels (purchase),confused_student_aug
"I got the walker that you can push and roll around, it so has a seat and wheels",Walker - with wheels (purchase),confused_student_aug
"very strong stocking for all my leg from foot to top, 30 mmhg or more, doctor say I must wear","Compression Stockings, thigh/full (30 mmhg & over)",esl_speaker
"very strong stocking for all my leg from foot to top, 30 mmhg or doctor say I must wear","Compression Stockings, thigh/full (30 mmhg & over)",esl_speaker_aug
"very strong stocking for all must leg from foot to top, 30 mmhg or more, doctor say I my wear","Compression Stockings, thigh/full (30 mmhg & over)",esl_speaker_aug
"very strong stocking for like all my leg from foot to top, 30 mmhg or more, doctor say I must wear","Compression Stockings, thigh/full (30 mmhg & over)",esl_speaker_aug
hearing devices,Hearing Aids,vague_turn1
hearing devices I think,Hearing Aids,vague_turn1_aug
four point cane | for my balance issues | bought at shoppers,Quad Cane (purchase),progressive
four cane | for my balance issues | bought at shoppers,Quad Cane (purchase),progressive_aug
four point cane | shoppers my balance issues | bought at for,Quad Cane (purchase),progressive_aug
four point cane | for my balance issues | bought at shoppers I think,Quad Cane (purchase),progressive_aug
physio,Physiotherapy,vague_turn1
physio actually,Physiotherapy,vague_turn1_aug
brace from the knee specialist,"Brace, right knee (Custom)",vague_turn1
brace from the specialist,"Brace, right knee (Custom)",vague_turn1_aug
brace specialist the knee from,"Brace, right knee (Custom)",vague_turn1_aug
brace from the knee specialist I think,"Brace, right knee (Custom)",vague_turn1_aug
the fitter took measurements,"Compression Stockings, custom, any length",partial_turn2
measurements fitter took the,"Compression Stockings, custom, any length",partial_turn2_aug
the um fitter took measurements,"Compression Stockings, custom, any length",partial_turn2_aug
custom insoles,Custom made foot orthotics,vague_turn1
custom I think insoles,Custom made foot orthotics,vague_turn1_aug
bedside toilet pan,Bedpan,partial_turn2
bedside toilet actually pan,Bedpan,partial_turn2_aug
pre-auth dental | submitting estimate | crown work planned,Dental Estimate for Services,progressive
pre-auth dental | submitting estimate | crown planned,Dental Estimate for Services,progressive_aug
pre-auth dental | submitting planned | crown work estimate,Dental Estimate for Services,progressive_aug
pre-auth dental | submitting estimate | crown work actually planned,Dental Estimate for Services,progressive_aug
blood allergy panel test,Blood test for Allergies (IG test not eligible),terse
allergy blood panel test,Blood test for Allergies (IG test not eligible),terse_aug
just blood allergy panel test,Blood test for Allergies (IG test not eligible),terse_aug
vision checkup,Eye Exam,vague_turn1
basically vision checkup,Eye Exam,vague_turn1_aug
safety glasses,Safety Glasses,vague_turn1
actually safety glasses,Safety Glasses,vague_turn1_aug
hearing specialist,Audiologist Services,vague_turn1
hearing um specialist,Audiologist Services,vague_turn1_aug
Filing a claim for bespoke compression hosiery fabricated from patient-specific measurements and cast impressions,"Compression Stockings, custom, any length",detailed_clinical
Filing a claim for bespoke compression hosiery fabricated from patient-specific measurements and cast,"Compression Stockings, custom, any length",detailed_clinical_aug
Filing measurements claim for bespoke compression hosiery fabricated from patient-specific a and cast impressions,"Compression Stockings, custom, any length",detailed_clinical_aug
Filing a claim for bespoke compression hosiery just fabricated from patient-specific measurements and cast impressions,"Compression Stockings, custom, any length",detailed_clinical_aug
got 3M Virtua CCS prescription safety glasses through SafeVision at the university,Safety Glasses,brand_specific
got 3M Virtua CCS prescription glasses through SafeVision at the university,Safety Glasses,brand_specific_aug
got 3M Virtua CCS safety prescription glasses through SafeVision at the university,Safety Glasses,brand_specific_aug
got 3M Virtua CCS prescription like safety glasses through SafeVision at the university,Safety Glasses,brand_specific_aug
lab test blood work other,Other laboratory and diagnostic tests,terse
lab test blood work,Other laboratory and diagnostic tests,terse_aug
lab test other work blood,Other laboratory and diagnostic tests,terse_aug
um lab test blood work other,Other laboratory and diagnostic tests,terse_aug
the allergist put drops on my arm and poked them to see what I'm allergic to,Scratch Test for Allergies,confused_student
the allergist put on my arm and poked them to see what I'm allergic to,Scratch Test for Allergies,confused_student_aug
the allergist put drops on my arm and poked them to I'm what see allergic to,Scratch Test for Allergies,confused_student_aug
the allergist put drops on my like arm and poked them to see what I'm allergic to,Scratch Test for Allergies,confused_student_aug
asthma monitor,Peak Flow Meter,vague_turn1
asthma monitor just,Peak Flow Meter,vague_turn1_aug
masters level social worker,Social Worker (Masters level),partial_turn2
masters worker social level,Social Worker (Masters level),partial_turn2_aug
masters level so social worker,Social Worker (Masters level),partial_turn2_aug
the tubing and insertion sets,Insulin infusion pump supplies,partial_turn2
the tubing and insertion,Insulin infusion pump supplies,partial_turn2_aug
the tubing and sets insertion,Insulin infusion pump supplies,partial_turn2_aug
um the tubing and insertion sets,Insulin infusion pump supplies,partial_turn2_aug
other mental health service claim,Other mental health services,terse
other mental health service,Other mental health services,terse_aug
other mental service health claim,Other mental health services,terse_aug
other mental health service claim I think,Other mental health services,terse_aug
special pillow,Cervical Pillow,vague_turn1
just special pillow,Cervical Pillow,vague_turn1_aug
Where do I file dental work that was needed because of an accident?,Dental Accident,question
Where do I file dental work that was needed because of an,Dental Accident,question_aug
Where do I file dental that work was needed because of an accident?,Dental Accident,question_aug
Where do I file dental work that was needed because like of an accident?,Dental Accident,question_aug
My physiotherapist noticed my arches collapsing and referred me to a pedorthist who scanned my feet and made custom orthotics,Custom made foot orthotics,storyteller
My physiotherapist noticed my arches collapsing and referred me to a pedorthist who scanned my feet and made orthotics,Custom made foot orthotics,storyteller_aug
My physiotherapist who my arches collapsing and referred me to a pedorthist noticed scanned my feet and made custom orthotics,Custom made foot orthotics,storyteller_aug
My physiotherapist I think noticed my arches collapsing and referred me to a pedorthist who scanned my feet and made custom orthotics,Custom made foot orthotics,storyteller_aug
audiogram,Audiometric Exam,vague_turn1
audiogram I think,Audiometric Exam,vague_turn1_aug
home care,In Home Support Services,vague_turn1
home so care,In Home Support Services,vague_turn1_aug
walker with a seat,Walker - with wheels (purchase),vague_turn1
walker with seat a,Walker - with wheels (purchase),vague_turn1_aug
walker with like a seat,Walker - with wheels (purchase),vague_turn1_aug
seeing a registered psychotherapist through Greenspace Mental Health for weekly sessions,Psychotherapist,brand_specific
seeing a registered psychotherapist through Greenspace Mental Health for weekly,Psychotherapist,brand_specific_aug
seeing a registered psychotherapist Mental Greenspace through Health for weekly sessions,Psychotherapist,brand_specific_aug
seeing a registered psychotherapist through Greenspace Mental actually Health for weekly sessions,Psychotherapist,brand_specific_aug
claiming custom ear plugs for my son who is a musician and needs hearing protection,Ear Plugs (custom made),parent_or_dependent
claiming custom ear plugs for my son who is a musician and needs protection,Ear Plugs (custom made),parent_or_dependent_aug
claiming custom ear plugs for and son who is a musician my needs hearing protection,Ear Plugs (custom made),parent_or_dependent_aug
claiming custom ear plugs for my son who is a musician and needs hearing um protection,Ear Plugs (custom made),parent_or_dependent_aug
the bottle type not commode,Urinal (purchase),partial_turn2
the type not commode,Urinal (purchase),partial_turn2_aug
bottle the type not commode,Urinal (purchase),partial_turn2_aug
the just bottle type not commode,Urinal (purchase),partial_turn2_aug
purchased a replacement Dexcom G6 transmitter from my diabetes clinic,Glucose Monitoring System Transmitter,brand_specific
purchased a replacement G6 transmitter from my diabetes clinic,Glucose Monitoring System Transmitter,brand_specific_aug
purchased G6 replacement Dexcom a transmitter from my diabetes clinic,Glucose Monitoring System Transmitter,brand_specific_aug
purchased a replacement I think Dexcom G6 transmitter from my diabetes clinic,Glucose Monitoring System Transmitter,brand_specific_aug
paramedic transport fee,Ambulance,partial_turn2
paramedic transport fee basically,Ambulance,partial_turn2_aug
knee socks | medium firm kind,"Compression Stockings, knee length (15-19 mmhg)",progressive
socks | medium firm kind,"Compression Stockings, knee length (15-19 mmhg)",progressive_aug
medium socks | knee firm kind,"Compression Stockings, knee length (15-19 mmhg)",progressive_aug
knee socks | medium basically firm kind,"Compression Stockings, knee length (15-19 mmhg)",progressive_aug
I bought one of those arm cuffs that measures blood pressure at home,Blood pressure monitor,confused_student
bought one of those arm cuffs that measures blood pressure at home,Blood pressure monitor,confused_student_aug
I bought one of those arm home that measures blood pressure at cuffs,Blood pressure monitor,confused_student_aug
I bought one of those arm cuffs that actually measures blood pressure at home,Blood pressure monitor,confused_student_aug
traditional braces monthly adjustment,Orthodontic Services (Braces - initial and monthly fee),partial_turn2
adjustment braces monthly traditional,Orthodontic Services (Braces - initial and monthly fee),partial_turn2_aug
traditional braces like monthly adjustment,Orthodontic Services (Braces - initial and monthly fee),partial_turn2_aug
Do I pick the right knee custom brace category for a brace molded to my right leg?,"Brace, right knee (Custom)",question
Do I pick the knee custom brace category for a brace molded to my right leg?,"Brace, right knee (Custom)",question_aug
Do I molded the right knee custom brace category for a brace pick to my right leg?,"Brace, right knee (Custom)",question_aug
Do I pick the right knee custom brace category I think for a brace molded to my right leg?,"Brace, right knee (Custom)",question_aug
a brace | just bought it off the shelf at shoppers,Brace (Non-custom),progressive
a brace | bought it off the shelf at shoppers,Brace (Non-custom),progressive_aug
a brace | just the it off bought shelf at shoppers,Brace (Non-custom),progressive_aug
a brace | just bought it off the shelf at I think shoppers,Brace (Non-custom),progressive_aug
ambulance,Ambulance,vague_turn1
like ambulance,Ambulance,vague_turn1_aug
"not store bought, fitted for right knee","Brace, right knee (Custom)",partial_turn2
"not store bought, fitted for right","Brace, right knee (Custom)",partial_turn2_aug
"store not bought, fitted for right knee","Brace, right knee (Custom)",partial_turn2_aug
"just not store bought, fitted for right knee","Brace, right knee (Custom)",partial_turn2_aug
in home support not nursing,In Home Support Services,partial_turn2
in home not nursing,In Home Support Services,partial_turn2_aug
in home not support nursing,In Home Support Services,partial_turn2_aug
in home support actually not nursing,In Home Support Services,partial_turn2_aug
"thigh high, not super tight","Compression Stockings, thigh/full (15-19 mmhg)",partial_turn2
"thigh high, not super","Compression Stockings, thigh/full (15-19 mmhg)",partial_turn2_aug
"thigh high, super not tight","Compression Stockings, thigh/full (15-19 mmhg)",partial_turn2_aug
"thigh just high, not super tight","Compression Stockings, thigh/full (15-19 mmhg)",partial_turn2_aug
"compression socks | knee length | the strongest kind, prescribed after surgery","Compression Stockings, knee length (30 mmhg & over)",progressive
compression socks | knee length | the strongest prescribed after surgery,"Compression Stockings, knee length (30 mmhg & over)",progressive_aug
"compression socks prescribed knee length | the strongest kind, | after surgery","Compression Stockings, knee length (30 mmhg & over)",progressive_aug
"compression socks | knee length | the strongest kind, um prescribed after surgery","Compression Stockings, knee length (30 mmhg & over)",progressive_aug
"I buy electric machine that make my muscle feel better, it send small shock through pad on skin","Stimulator, muscle/nerve (TENS)",esl_speaker
"I buy electric machine that make my muscle feel better, it send small through pad on skin","Stimulator, muscle/nerve (TENS)",esl_speaker_aug
"I buy electric machine that make my muscle feel on it send small shock through pad better, skin","Stimulator, muscle/nerve (TENS)",esl_speaker_aug
"I buy electric machine that make my muscle feel better, it um send small shock through pad on skin","Stimulator, muscle/nerve (TENS)",esl_speaker_aug
What category for sessions with a registered psychotherapist?,Psychotherapist,question
What category for with a registered psychotherapist?,Psychotherapist,question_aug
What sessions for category with a registered psychotherapist?,Psychotherapist,question_aug
What category for sessions so with a registered psychotherapist?,Psychotherapist,question_aug
Claiming a nasal pillow interface mask with adjustable headgear for PAP therapy,"CPAP, APAP, BIPAP Mask",detailed_clinical
Claiming a nasal pillow interface mask adjustable headgear for PAP therapy,"CPAP, APAP, BIPAP Mask",detailed_clinical_aug
Claiming a interface pillow nasal mask with adjustable headgear for PAP therapy,"CPAP, APAP, BIPAP Mask",detailed_clinical_aug
Claiming a nasal pillow basically interface mask with adjustable headgear for PAP therapy,"CPAP, APAP, BIPAP Mask",detailed_clinical_aug
medical cannabis,Medical Cannabis,vague_turn1
like medical cannabis,Medical Cannabis,vague_turn1_aug
insulin pump,Insulin infusion pump,vague_turn1
so insulin pump,Insulin infusion pump,vague_turn1_aug
psychotherapy sessions | registered RP | weekly sessions,Psychotherapist,progressive
psychotherapy sessions | registered | weekly sessions,Psychotherapist,progressive_aug
psychotherapy sessions | registered sessions | weekly RP,Psychotherapist,progressive_aug
just psychotherapy sessions | registered RP | weekly sessions,Psychotherapist,progressive_aug
"I got new glasses with my updated prescription, frames and lenses",Prescription Glasses,confused_student
I got new glasses with my updated frames and lenses,Prescription Glasses,confused_student_aug
"I got new glasses prescription, my updated with frames and lenses",Prescription Glasses,confused_student_aug
"actually I got new glasses with my updated prescription, frames and lenses",Prescription Glasses,confused_student_aug
digital mental health program,Digital Cognitive Behavioural Therapy,vague_turn1
digital program health mental,Digital Cognitive Behavioural Therapy,vague_turn1_aug
digital mental health program I think,Digital Cognitive Behavioural Therapy,vague_turn1_aug
"I switched from glasses to contacts because they're easier for sports, I got a year supply of dailies from my optometrist",Prescription Contacts,storyteller
"switched from glasses to contacts because they're easier for sports, I got a year supply of dailies from my optometrist",Prescription Contacts,storyteller_aug
"I switched from glasses to contacts because they're easier for sports, dailies got a year supply of I from my optometrist",Prescription Contacts,storyteller_aug
"I switched from glasses to contacts um because they're easier for sports, I got a year supply of dailies from my optometrist",Prescription Contacts,storyteller_aug
Claiming psychotherapy sessions with a Registered Psychotherapist licensed by the College of Registered Psychotherapists of Ontario,Psychotherapist,detailed_clinical
Claiming psychotherapy sessions with a Registered Psychotherapist licensed by the College of Registered of Ontario,Psychotherapist,detailed_clinical_aug
Claiming psychotherapy sessions Registered a Registered Psychotherapist licensed by the College of with Psychotherapists of Ontario,Psychotherapist,detailed_clinical_aug
Claiming psychotherapy sessions with a just Registered Psychotherapist licensed by the College of Registered Psychotherapists of Ontario,Psychotherapist,detailed_clinical_aug
osteopath | different from chiro | manual therapy for my back,Osteopath,progressive
osteopath | different from chiro | manual therapy for my,Osteopath,progressive_aug
osteopath | different from chiro | back therapy for my manual,Osteopath,progressive_aug
osteopath | different so from chiro | manual therapy for my back,Osteopath,progressive_aug
the glucose thing,Blood glucose meter,vague_turn1
um the glucose thing,Blood glucose meter,vague_turn1_aug
the adhesive part not the receiver,Glucose Monitoring System Supplies/Sensors,partial_turn2
the adhesive part not the,Glucose Monitoring System Supplies/Sensors,partial_turn2_aug
the the part not adhesive receiver,Glucose Monitoring System Supplies/Sensors,partial_turn2_aug
the adhesive part not the receiver actually,Glucose Monitoring System Supplies/Sensors,partial_turn2_aug
quad cane for extra stability,Quad Cane (purchase),partial_turn2
quad cane for extra,Quad Cane (purchase),partial_turn2_aug
quad cane stability extra for,Quad Cane (purchase),partial_turn2_aug
quad cane for extra stability just,Quad Cane (purchase),partial_turn2_aug
toilet seat riser,Raised Toilet seat (purchase),vague_turn1
toilet seat um riser,Raised Toilet seat (purchase),vague_turn1_aug
the mist machine,Humidifier (Table Top),vague_turn1
the actually mist machine,Humidifier (Table Top),vague_turn1_aug
"full leg, super firm, prescribed","Compression Stockings, thigh/full (30 mmhg & over)",partial_turn2
"leg, super firm, prescribed","Compression Stockings, thigh/full (30 mmhg & over)",partial_turn2_aug
"full prescribed super firm, leg,","Compression Stockings, thigh/full (30 mmhg & over)",partial_turn2_aug
"full leg, basically super firm, prescribed","Compression Stockings, thigh/full (30 mmhg & over)",partial_turn2_aug
they pricked my skin for allergies,Scratch Test for Allergies,partial_turn2
they pricked my skin for,Scratch Test for Allergies,partial_turn2_aug
they pricked my for skin allergies,Scratch Test for Allergies,partial_turn2_aug
they pricked my so skin for allergies,Scratch Test for Allergies,partial_turn2_aug
registered audiologist,Audiologist Services,partial_turn2
registered audiologist like,Audiologist Services,partial_turn2_aug
portable urinal | bedside | the bottle kind,Urinal (purchase),progressive
portable urinal | bedside | the bottle,Urinal (purchase),progressive_aug
portable urinal bedside | | the bottle kind,Urinal (purchase),progressive_aug
I think portable urinal | bedside | the bottle kind,Urinal (purchase),progressive_aug
"I need the tubing and cannula things that go with my insulin pump, not the pump itself",Insulin infusion pump supplies,confused_student
"I the tubing and cannula things that go with my insulin pump, not the pump itself",Insulin infusion pump supplies,confused_student_aug
"cannula need the tubing and I things that go with my insulin pump, not the pump itself",Insulin infusion pump supplies,confused_student_aug
"I need the so tubing and cannula things that go with my insulin pump, not the pump itself",Insulin infusion pump supplies,confused_student_aug
my daughter's podiatrist prescribed custom foot orthotics for her flat feet,Custom made foot orthotics,parent_or_dependent
my daughter's podiatrist prescribed foot orthotics for her flat feet,Custom made foot orthotics,parent_or_dependent_aug
my daughter's for prescribed custom foot orthotics podiatrist her flat feet,Custom made foot orthotics,parent_or_dependent_aug
my daughter's podiatrist prescribed custom foot orthotics for her flat feet basically,Custom made foot orthotics,parent_or_dependent_aug
standard walker without wheels,Walker - non wheeled (purchase),partial_turn2
walker standard without wheels,Walker - non wheeled (purchase),partial_turn2_aug
standard basically walker without wheels,Walker - non wheeled (purchase),partial_turn2_aug
medical grade knee stockings,"Compression Stockings, knee length (30 mmhg & over)",vague_turn1
stockings grade knee medical,"Compression Stockings, knee length (30 mmhg & over)",vague_turn1_aug
medical grade um knee stockings,"Compression Stockings, knee length (30 mmhg & over)",vague_turn1_aug
shoe modification | added a lift | for my leg length difference,Other foot care services (i.e. orthopedic shoe modification),progressive
shoe modification | added lift | for my leg length difference,Other foot care services (i.e. orthopedic shoe modification),progressive_aug
shoe modification | added a for | lift my leg length difference,Other foot care services (i.e. orthopedic shoe modification),progressive_aug
shoe modification | added a lift | just for my leg length difference,Other foot care services (i.e. orthopedic shoe modification),progressive_aug
bed rails | attaches to side | for my mom who falls out,Bed Rails (purchase),progressive
bed rails | attaches to side | for my mom who falls,Bed Rails (purchase),progressive_aug
side rails | attaches to bed | for my mom who falls out,Bed Rails (purchase),progressive_aug
bed actually rails | attaches to side | for my mom who falls out,Bed Rails (purchase),progressive_aug
"I go to eye doctor for check, she look in my eye and test if I can see good",Eye Exam,esl_speaker
"I go to eye for check, she look in my eye and test if I can see good",Eye Exam,esl_speaker_aug
"I look to eye doctor for check, she go in my eye and test if I can see good",Eye Exam,esl_speaker_aug
"I go to eye doctor for check, she look in my eye basically and test if I can see good",Eye Exam,esl_speaker_aug
"prescribed after my blood clot, knee high","Compression Stockings, knee length (30 mmhg & over)",partial_turn2
prescribed after my blood knee high,"Compression Stockings, knee length (30 mmhg & over)",partial_turn2_aug
"prescribed blood my after clot, knee high","Compression Stockings, knee length (30 mmhg & over)",partial_turn2_aug
"prescribed after my actually blood clot, knee high","Compression Stockings, knee length (30 mmhg & over)",partial_turn2_aug
elevated toilet,Raised Toilet seat (purchase),vague_turn1
elevated actually toilet,Raised Toilet seat (purchase),vague_turn1_aug
registered psychotherapist,Psychotherapist,partial_turn2
registered actually psychotherapist,Psychotherapist,partial_turn2_aug
"hard plastic, custom made for my leg","Brace, AFO/KAFO (Custom)",partial_turn2
"plastic, custom made for my leg","Brace, AFO/KAFO (Custom)",partial_turn2_aug
"my plastic, custom made for hard leg","Brace, AFO/KAFO (Custom)",partial_turn2_aug
"hard plastic, custom um made for my leg","Brace, AFO/KAFO (Custom)",partial_turn2_aug
What category for an insulin pump that I wear on my body for continuous delivery?,Insulin infusion pump,question
What category for an insulin pump that I wear on my body continuous delivery?,Insulin infusion pump,question_aug
What category for I insulin pump that an wear on my body for continuous delivery?,Insulin infusion pump,question_aug
What I think category for an insulin pump that I wear on my body for continuous delivery?,Insulin infusion pump,question_aug
custom fitted by the podiatrist,Custom made foot orthotics,partial_turn2
custom fitted by podiatrist,Custom made foot orthotics,partial_turn2_aug
fitted custom by the podiatrist,Custom made foot orthotics,partial_turn2_aug
custom fitted by um the podiatrist,Custom made foot orthotics,partial_turn2_aug
naturopath,Naturopathic Treatment,vague_turn1
naturopath so,Naturopathic Treatment,vague_turn1_aug
I got the injector device that does the shot automatically when you push a button,Insulin Gun (automatic),confused_student
I got injector device that does the shot automatically when you push a button,Insulin Gun (automatic),confused_student_aug
I got the injector device that does the shot automatically you when push a button,Insulin Gun (automatic),confused_student_aug
I just got the injector device that does the shot automatically when you push a button,Insulin Gun (automatic),confused_student_aug
taking my elderly father for chiropody foot care appointments every month for his diabetic feet,Chiropody (Foot Care) Treatment,parent_or_dependent
taking my elderly father for chiropody foot care appointments every month for his diabetic,Chiropody (Foot Care) Treatment,parent_or_dependent_aug
taking my elderly father for chiropody foot care feet every month for his diabetic appointments,Chiropody (Foot Care) Treatment,parent_or_dependent_aug
taking my elderly so father for chiropody foot care appointments every month for his diabetic feet,Chiropody (Foot Care) Treatment,parent_or_dependent_aug
specialized lab work,Other laboratory and diagnostic tests,partial_turn2
specialized lab work just,Other laboratory and diagnostic tests,partial_turn2_aug
the machine part of my sleep therapy,"CPAP, APAP, BIPAP Machine",partial_turn2
the machine of my sleep therapy,"CPAP, APAP, BIPAP Machine",partial_turn2_aug
the part machine of my sleep therapy,"CPAP, APAP, BIPAP Machine",partial_turn2_aug
actually the machine part of my sleep therapy,"CPAP, APAP, BIPAP Machine",partial_turn2_aug
"standard kind, picked my size",Standard foot orthotics or shoe inserts,partial_turn2
standard picked my size,Standard foot orthotics or shoe inserts,partial_turn2_aug
"kind, standard picked my size",Standard foot orthotics or shoe inserts,partial_turn2_aug
"standard kind, picked my size um",Standard foot orthotics or shoe inserts,partial_turn2_aug
cast from the fracture clinic,"Cast, fiberglass",partial_turn2
cast from fracture clinic,"Cast, fiberglass",partial_turn2_aug
from cast the fracture clinic,"Cast, fiberglass",partial_turn2_aug
cast from like the fracture clinic,"Cast, fiberglass",partial_turn2_aug
lancets blood sugar testing,Lancet,terse
blood lancets sugar testing,Lancet,terse_aug
lancets basically blood sugar testing,Lancet,terse_aug
sports rehab,Athletic Therapy,vague_turn1
like sports rehab,Athletic Therapy,vague_turn1_aug
mobility walker for my mom,Walker - with wheels (purchase),vague_turn1
mobility walker for mom,Walker - with wheels (purchase),vague_turn1_aug
mobility mom for my walker,Walker - with wheels (purchase),vague_turn1_aug
mobility walker actually for my mom,Walker - with wheels (purchase),vague_turn1_aug
"I keep going back and forth between like 5 categories, these are just footless compression tights!","Compression Calf Sleeves/Tights (footless), any length",complaint
"I keep back and forth between like 5 categories, these are just footless compression tights!","Compression Calf Sleeves/Tights (footless), any length",complaint_aug
"I keep like back and forth between going 5 categories, these are just footless compression tights!","Compression Calf Sleeves/Tights (footless), any length",complaint_aug
"I keep going back and forth between like 5 categories, these are just footless compression basically tights!","Compression Calf Sleeves/Tights (footless), any length",complaint_aug
the unit itself not the accessories,"CPAP, APAP, BIPAP Machine",partial_turn2
the unit itself not the,"CPAP, APAP, BIPAP Machine",partial_turn2_aug
the unit the not itself accessories,"CPAP, APAP, BIPAP Machine",partial_turn2_aug
the unit itself not the accessories just,"CPAP, APAP, BIPAP Machine",partial_turn2_aug
RMT massage session,Massage,terse
basically RMT massage session,Massage,terse_aug
acupuncture,Acupuncture,vague_turn1
acupuncture just,Acupuncture,vague_turn1_aug
"the pump, not the pens or guns",Insulin infusion pump,partial_turn2
the not the pens or guns,Insulin infusion pump,partial_turn2_aug
"the pump, not the or pens guns",Insulin infusion pump,partial_turn2_aug
"the I think pump, not the pens or guns",Insulin infusion pump,partial_turn2_aug
podiatrist visit treatment,Podiatry Treatment,terse
podiatrist visit treatment I think,Podiatry Treatment,terse_aug
the needle thing for insulin,Insulin Gun (manual),vague_turn1
the needle for insulin,Insulin Gun (manual),vague_turn1_aug
the needle insulin for thing,Insulin Gun (manual),vague_turn1_aug
the needle thing just for insulin,Insulin Gun (manual),vague_turn1_aug
left knee thing,"Brace, left knee (Custom)",vague_turn1
left basically knee thing,"Brace, left knee (Custom)",vague_turn1_aug
the socks that go to my knee,"Compression Stockings, knee length (15-19 mmhg)",vague_turn1
the socks that go to knee,"Compression Stockings, knee length (15-19 mmhg)",vague_turn1_aug
the socks go that to my knee,"Compression Stockings, knee length (15-19 mmhg)",vague_turn1_aug
the socks so that go to my knee,"Compression Stockings, knee length (15-19 mmhg)",vague_turn1_aug
"just regular prescription glasses, not safety glasses or contacts, just normal glasses with my prescription",Prescription Glasses,complaint
"just regular prescription glasses, not safety glasses or contacts, just normal glasses with my",Prescription Glasses,complaint_aug
"or regular prescription glasses, not safety glasses just contacts, just normal glasses with my prescription",Prescription Glasses,complaint_aug
"just regular prescription glasses, not safety glasses or contacts, just normal glasses with my like prescription",Prescription Glasses,complaint_aug
Which category for hearing-related services that aren't exams or new hearing aids?,Other hearing services,question
Which category for hearing-related that aren't exams or new hearing aids?,Other hearing services,question_aug
Which category for hearing-related services that aren't or exams new hearing aids?,Other hearing services,question_aug
Which category for like hearing-related services that aren't exams or new hearing aids?,Other hearing services,question_aug
my daughter needs a Mantoux TB test for her university residence requirement,TB Test/Mantoux,parent_or_dependent
my daughter a Mantoux TB test for her university residence requirement,TB Test/Mantoux,parent_or_dependent_aug
my daughter needs a Mantoux her test for TB university residence requirement,TB Test/Mantoux,parent_or_dependent_aug
my daughter needs a Mantoux just TB test for her university residence requirement,TB Test/Mantoux,parent_or_dependent_aug
glasses for my job,Safety Glasses,vague_turn1
glasses job my for,Safety Glasses,vague_turn1_aug
glasses for my job actually,Safety Glasses,vague_turn1_aug
rehab appointment,Physiotherapy,vague_turn1
rehab appointment I think,Physiotherapy,vague_turn1_aug
"my wife sees a homeopath for her seasonal allergies, claiming the sessions",Homeopathic Treatment,parent_or_dependent
"my sees a homeopath for her seasonal allergies, claiming the sessions",Homeopathic Treatment,parent_or_dependent_aug
"my wife allergies, a homeopath for her seasonal sees claiming the sessions",Homeopathic Treatment,parent_or_dependent_aug
"my wife sees a homeopath for her so seasonal allergies, claiming the sessions",Homeopathic Treatment,parent_or_dependent_aug
my son broke his arm at the playground and had a fiberglass cast put on at CHEO,"Cast, fiberglass",parent_or_dependent
my son broke his arm at the playground had a fiberglass cast put on at CHEO,"Cast, fiberglass",parent_or_dependent_aug
my son broke his arm at the playground and had a on cast put fiberglass at CHEO,"Cast, fiberglass",parent_or_dependent_aug
actually my son broke his arm at the playground and had a fiberglass cast put on at CHEO,"Cast, fiberglass",parent_or_dependent_aug
aerochamber | plastic chamber | for my asthma inhaler,Aerochamber,progressive
aerochamber | plastic chamber | for my asthma,Aerochamber,progressive_aug
aerochamber | my chamber | for plastic asthma inhaler,Aerochamber,progressive_aug
like aerochamber | plastic chamber | for my asthma inhaler,Aerochamber,progressive_aug
the scope procedure,Colonoscopy,vague_turn1
the scope actually procedure,Colonoscopy,vague_turn1_aug
physio | rehab exercises and manual therapy,Physiotherapy,progressive
physio | rehab exercises manual therapy,Physiotherapy,progressive_aug
physio rehab | exercises and manual therapy,Physiotherapy,progressive_aug
physio just | rehab exercises and manual therapy,Physiotherapy,progressive_aug
diabetic finger stick supplies,Lancet,partial_turn2
supplies finger stick diabetic,Lancet,partial_turn2_aug
diabetic finger stick supplies just,Lancet,partial_turn2_aug
My supervisor said I need safety glasses in the chemistry lab so I got prescription ones made with impact-resistant lenses,Safety Glasses,storyteller
My supervisor said I need safety glasses in the chemistry lab so I got prescription made with impact-resistant lenses,Safety Glasses,storyteller_aug
My supervisor said I with safety glasses in the chemistry lab so I got prescription ones made need impact-resistant lenses,Safety Glasses,storyteller_aug
My supervisor said I need safety glasses in the chemistry lab so I got prescription ones made with impact-resistant so lenses,Safety Glasses,storyteller_aug
"I bought some light squeezy socks for flying, the pressure is really low like 10 or something","Compression Stockings, any length (up to 14 mmhg)",confused_student
"I bought some light squeezy socks for flying, the pressure really low like 10 or something","Compression Stockings, any length (up to 14 mmhg)",confused_student_aug
"I bought some light squeezy socks for flying, the pressure like really low is 10 or something","Compression Stockings, any length (up to 14 mmhg)",confused_student_aug
"I bought some basically light squeezy socks for flying, the pressure is really low like 10 or something","Compression Stockings, any length (up to 14 mmhg)",confused_student_aug
"insulin device | automatic, fires itself",Insulin Gun (automatic),progressive
"insulin device | automatic, itself",Insulin Gun (automatic),progressive_aug
"itself device | automatic, fires insulin",Insulin Gun (automatic),progressive_aug
"actually insulin device | automatic, fires itself",Insulin Gun (automatic),progressive_aug
"I go to pharmacy and buy medicine doctor give prescription for, the pill I take every day",Drug,esl_speaker
"I go to pharmacy buy medicine doctor give prescription for, the pill I take every day",Drug,esl_speaker_aug
"I buy to pharmacy and go medicine doctor give prescription for, the pill I take every day",Drug,esl_speaker_aug
"I go to pharmacy and buy basically medicine doctor give prescription for, the pill I take every day",Drug,esl_speaker_aug
"Which category for a replacement CPAP mask, not the machine itself?","CPAP, APAP, BIPAP Mask",question
"Which category for a replacement CPAP mask, the machine itself?","CPAP, APAP, BIPAP Mask",question_aug
"Which a for category replacement CPAP mask, not the machine itself?","CPAP, APAP, BIPAP Mask",question_aug
"like Which category for a replacement CPAP mask, not the machine itself?","CPAP, APAP, BIPAP Mask",question_aug
full leg stockings,"Compression Stockings, thigh/full (20-29 mmhg)",vague_turn1
full leg stockings just,"Compression Stockings, thigh/full (20-29 mmhg)",vague_turn1_aug
my child sees a play therapist for emotional regulation and I can't find the right category,Other mental health services,parent_or_dependent
my child sees a play therapist for emotional regulation and I can't find the right,Other mental health services,parent_or_dependent_aug
regulation child sees a play therapist for emotional my and I can't find the right category,Other mental health services,parent_or_dependent_aug
my child sees a play therapist for emotional regulation and I I think can't find the right category,Other mental health services,parent_or_dependent_aug
had my cleaning and a filling done at Pretoria Bridge Dental,Dental Services,brand_specific
had my cleaning and a filling done at Pretoria Dental,Dental Services,brand_specific_aug
my had cleaning and a filling done at Pretoria Bridge Dental,Dental Services,brand_specific_aug
had my cleaning just and a filling done at Pretoria Bridge Dental,Dental Services,brand_specific_aug
Filing claim for bilateral knee-length graduated compression stockings rated 20-30 mmHg prescribed for post-thrombotic syndrome,"Compression Stockings, knee length (20-29 mmhg)",detailed_clinical
Filing claim for bilateral knee-length graduated compression rated 20-30 mmHg prescribed for post-thrombotic syndrome,"Compression Stockings, knee length (20-29 mmhg)",detailed_clinical_aug
Filing claim for bilateral knee-length graduated compression stockings rated 20-30 mmHg prescribed for syndrome post-thrombotic,"Compression Stockings, knee length (20-29 mmhg)",detailed_clinical_aug
Filing claim um for bilateral knee-length graduated compression stockings rated 20-30 mmHg prescribed for post-thrombotic syndrome,"Compression Stockings, knee length (20-29 mmhg)",detailed_clinical_aug
"Where do I claim the actual CPAP machine, not the mask or accessories?","CPAP, APAP, BIPAP Machine",question
"Where do I claim the actual CPAP machine, not the mask or","CPAP, APAP, BIPAP Machine",question_aug
"mask do I claim the actual CPAP machine, not the Where or accessories?","CPAP, APAP, BIPAP Machine",question_aug
"Where do I claim the like actual CPAP machine, not the mask or accessories?","CPAP, APAP, BIPAP Machine",question_aug
ordered Medtronic Quick-set infusion sets and reservoir refills from Diabetes Express,Insulin infusion pump supplies,brand_specific
ordered Medtronic Quick-set infusion sets and refills from Diabetes Express,Insulin infusion pump supplies,brand_specific_aug
and Medtronic Quick-set infusion sets ordered reservoir refills from Diabetes Express,Insulin infusion pump supplies,brand_specific_aug
ordered Medtronic Quick-set infusion sets and reservoir refills from so Diabetes Express,Insulin infusion pump supplies,brand_specific_aug
custom shoes,Orthopaedic or custom made shoes,vague_turn1
custom shoes basically,Orthopaedic or custom made shoes,vague_turn1_aug
taking my kids for their regular dental cleanings and need to submit the receipts,Dental Services,parent_or_dependent
taking my kids for their regular dental cleanings and need to the receipts,Dental Services,parent_or_dependent_aug
taking their kids for my regular dental cleanings and need to submit the receipts,Dental Services,parent_or_dependent_aug
taking I think my kids for their regular dental cleanings and need to submit the receipts,Dental Services,parent_or_dependent_aug
blood test for allergies,Blood test for Allergies (IG test not eligible),vague_turn1
allergies test for blood,Blood test for Allergies (IG test not eligible),vague_turn1_aug
blood like test for allergies,Blood test for Allergies (IG test not eligible),vague_turn1_aug
"the lab charged me just for taking the blood, separate from the actual test",Blood Withdrawal Fee,confused_student
"the lab charged me just for the blood, separate from the actual test",Blood Withdrawal Fee,confused_student_aug
"the lab charged test just for taking the blood, separate from the actual me",Blood Withdrawal Fee,confused_student_aug
"the lab charged me just for taking the just blood, separate from the actual test",Blood Withdrawal Fee,confused_student_aug
dental records,Other Orthodontic/Dental Services (i.e. orthodontic records),vague_turn1
like dental records,Other Orthodontic/Dental Services (i.e. orthodontic records),vague_turn1_aug
personal support worker,In Home Support Services,vague_turn1
personal like support worker,In Home Support Services,vague_turn1_aug
home support,In Home Support Services,vague_turn1
home support like,In Home Support Services,vague_turn1_aug
CGM | the screen/receiver | not the sensor that sticks on my arm,Glucose Monitoring System Receiver,progressive
CGM | the screen/receiver | not sensor that sticks on my arm,Glucose Monitoring System Receiver,progressive_aug
CGM my the screen/receiver | not the sensor that sticks on | arm,Glucose Monitoring System Receiver,progressive_aug
CGM | the screen/receiver | not the sensor that sticks on my just arm,Glucose Monitoring System Receiver,progressive_aug
pre-authorization,Estimate/Pre-Authorization,vague_turn1
pre-authorization just,Estimate/Pre-Authorization,vague_turn1_aug
the machine that reads the blood,Blood glucose meter,partial_turn2
the machine that the blood,Blood glucose meter,partial_turn2_aug
the machine that blood the reads,Blood glucose meter,partial_turn2_aug
I think the machine that reads the blood,Blood glucose meter,partial_turn2_aug
"What category for a TENS unit device itself, not the replacement pads?","Stimulator, muscle/nerve (TENS)",question
"What category a TENS unit device itself, not the replacement pads?","Stimulator, muscle/nerve (TENS)",question_aug
"What category for a TENS unit not itself, device the replacement pads?","Stimulator, muscle/nerve (TENS)",question_aug
"What category for a TENS unit device itself, so not the replacement pads?","Stimulator, muscle/nerve (TENS)",question_aug
home care aide services,In Home Support Services,terse
home aide care services,In Home Support Services,terse_aug
home care aide services um,In Home Support Services,terse_aug
TENS accessories,"Stimulator, supplies",vague_turn1
TENS so accessories,"Stimulator, supplies",vague_turn1_aug
Where do I claim a reusable cold therapy product like a gel ice pack?,Cold Therapy - Re-usable Items (purchase),question
Where do I claim a reusable cold therapy like a gel ice pack?,Cold Therapy - Re-usable Items (purchase),question_aug
Where do I claim a pack? cold therapy product like a gel ice reusable,Cold Therapy - Re-usable Items (purchase),question_aug
Where do I claim a reusable actually cold therapy product like a gel ice pack?,Cold Therapy - Re-usable Items (purchase),question_aug
safety bars for the bed | for my elderly parent,Bed Rails (purchase),progressive
safety bars for the bed | my elderly parent,Bed Rails (purchase),progressive_aug
safety bars for | bed the for my elderly parent,Bed Rails (purchase),progressive_aug
safety bars for the bed | for my elderly like parent,Bed Rails (purchase),progressive_aug
audiologist | professional hearing assessment | not just the beep test,Audiologist Services,progressive
audiologist | professional assessment | not just the beep test,Audiologist Services,progressive_aug
audiologist | professional hearing assessment | the just not beep test,Audiologist Services,progressive_aug
audiologist | professional hearing assessment | not just the beep test so,Audiologist Services,progressive_aug
chiro back adjustment,Chiropractic,terse
chiro back um adjustment,Chiropractic,terse_aug
annual mammogram screening,Mammogram,partial_turn2
annual mammogram screening um,Mammogram,partial_turn2_aug
"the standard kind, goes under the arms","Crutches, pair",partial_turn2
"standard kind, goes under the arms","Crutches, pair",partial_turn2_aug
"the standard kind, goes under the arms","Crutches, pair",partial_turn2_aug
"the standard kind, goes like under the arms","Crutches, pair",partial_turn2_aug
social worker visits,Social Worker (Bachelors),vague_turn1
like social worker visits,Social Worker (Bachelors),vague_turn1_aug
I've been getting weekly acupuncture for my stress headaches and it's actually been helping a lot,Acupuncture,storyteller
I've been getting weekly for my stress headaches and it's actually been helping a lot,Acupuncture,storyteller_aug
and been getting weekly acupuncture for my stress headaches I've it's actually been helping a lot,Acupuncture,storyteller_aug
I've been getting weekly acupuncture for my stress headaches I think and it's actually been helping a lot,Acupuncture,storyteller_aug
special eye test | for my glaucoma risk | ordered by optometrist,Diagnostic Vision Test,progressive
special eye test for my glaucoma risk | ordered by optometrist,Diagnostic Vision Test,progressive_aug
my eye test | for special glaucoma risk | ordered by optometrist,Diagnostic Vision Test,progressive_aug
special eye test | for my glaucoma risk | ordered by optometrist actually,Diagnostic Vision Test,progressive_aug
alcohol prep pads diabetes,Alcohol swabs,terse
alcohol prep diabetes pads,Alcohol swabs,terse_aug
alcohol prep pads diabetes like,Alcohol swabs,terse_aug
prevents falling out at night,Bed Rails (purchase),partial_turn2
prevents falling out at,Bed Rails (purchase),partial_turn2_aug
prevents night out at falling,Bed Rails (purchase),partial_turn2_aug
basically prevents falling out at night,Bed Rails (purchase),partial_turn2_aug
the actual meter not the supplies,Blood glucose meter,partial_turn2
the actual meter the supplies,Blood glucose meter,partial_turn2_aug
the meter actual not the supplies,Blood glucose meter,partial_turn2_aug
the so actual meter not the supplies,Blood glucose meter,partial_turn2_aug
hearing specialist | audiologist visit | comprehensive evaluation,Audiologist Services,progressive
hearing specialist | audiologist visit comprehensive evaluation,Audiologist Services,progressive_aug
hearing audiologist | specialist visit | comprehensive evaluation,Audiologist Services,progressive_aug
hearing specialist | audiologist actually visit | comprehensive evaluation,Audiologist Services,progressive_aug
bedpan,Bedpan,vague_turn1
bedpan basically,Bedpan,vague_turn1_aug
normal crutches not the forearm kind,"Crutches, pair",partial_turn2
normal crutches not the kind,"Crutches, pair",partial_turn2_aug
normal crutches not forearm the kind,"Crutches, pair",partial_turn2_aug
normal just crutches not the forearm kind,"Crutches, pair",partial_turn2_aug
I submitted under 'CPAP Supplies' but it's the machine itself,"CPAP, APAP, BIPAP Machine",wrong_guess
I under 'CPAP Supplies' but it's the machine itself,"CPAP, APAP, BIPAP Machine",wrong_guess_aug
I submitted under 'CPAP Supplies' the it's but machine itself,"CPAP, APAP, BIPAP Machine",wrong_guess_aug
I submitted um under 'CPAP Supplies' but it's the machine itself,"CPAP, APAP, BIPAP Machine",wrong_guess_aug
incontinence products for my father,Incontinence Supplies,partial_turn2
incontinence products for my,Incontinence Supplies,partial_turn2_aug
for products incontinence my father,Incontinence Supplies,partial_turn2_aug
just incontinence products for my father,Incontinence Supplies,partial_turn2_aug
cast | fiberglass | put on at the fracture clinic for my break,"Cast, fiberglass",progressive
cast | fiberglass | put on at the fracture clinic for my,"Cast, fiberglass",progressive_aug
cast | fiberglass | put on clinic the fracture at for my break,"Cast, fiberglass",progressive_aug
cast actually | fiberglass | put on at the fracture clinic for my break,"Cast, fiberglass",progressive_aug
fitted at the hearing clinic,Hearing Aids,partial_turn2
at the hearing clinic,Hearing Aids,partial_turn2_aug
fitted at clinic hearing the,Hearing Aids,partial_turn2_aug
fitted at the um hearing clinic,Hearing Aids,partial_turn2_aug
I submitted under 'Psychotherapist' but my therapist is actually a Canadian Certified Clinical Counsellor,Clinical Counsellor,wrong_guess
I submitted under 'Psychotherapist' but my therapist is actually a Canadian Certified Clinical,Clinical Counsellor,wrong_guess_aug
I Clinical under 'Psychotherapist' but my therapist is actually a Canadian Certified submitted Counsellor,Clinical Counsellor,wrong_guess_aug
I submitted under just 'Psychotherapist' but my therapist is actually a Canadian Certified Clinical Counsellor,Clinical Counsellor,wrong_guess_aug
Where do I claim a pair of standard underarm crutches?,"Crutches, pair",question
Where do I claim a pair of standard underarm,"Crutches, pair",question_aug
of do I claim a pair Where standard underarm crutches?,"Crutches, pair",question_aug
so Where do I claim a pair of standard underarm crutches?,"Crutches, pair",question_aug
"My grandma had knee surgery and the hospital gave her a standard walker with rubber feet, no wheels, and I paid for it",Walker - non wheeled (purchase),storyteller
"My grandma had knee surgery and the hospital gave her a standard walker with rubber feet, wheels, and I paid for it",Walker - non wheeled (purchase),storyteller_aug
"My a had knee surgery and the hospital gave her grandma standard walker with rubber feet, no wheels, and I paid for it",Walker - non wheeled (purchase),storyteller_aug
"My grandma had knee surgery and the hospital gave her a standard walker with rubber feet, no like wheels, and I paid for it",Walker - non wheeled (purchase),storyteller_aug
had Sigvaris custom compression stockings made at Orthomed in Ottawa,"Compression Stockings, custom, any length",brand_specific
had Sigvaris compression stockings made at Orthomed in Ottawa,"Compression Stockings, custom, any length",brand_specific_aug
had Sigvaris custom compression stockings in at Orthomed made Ottawa,"Compression Stockings, custom, any length",brand_specific_aug
had Sigvaris custom I think compression stockings made at Orthomed in Ottawa,"Compression Stockings, custom, any length",brand_specific_aug
mental health appointment,Other mental health services,vague_turn1
just mental health appointment,Other mental health services,vague_turn1_aug
diagnostic eye thing,Diagnostic Vision Test,vague_turn1
diagnostic eye thing um,Diagnostic Vision Test,vague_turn1_aug
Filing for orthoptic vision therapy sessions to treat binocular vision dysfunction and convergence insufficiency,Other vision services (i.e. safety glasses),detailed_clinical
Filing for orthoptic vision therapy sessions to treat binocular vision dysfunction and insufficiency,Other vision services (i.e. safety glasses),detailed_clinical_aug
Filing for orthoptic vision therapy sessions to treat binocular insufficiency dysfunction and convergence vision,Other vision services (i.e. safety glasses),detailed_clinical_aug
Filing for orthoptic vision therapy sessions to treat basically binocular vision dysfunction and convergence insufficiency,Other vision services (i.e. safety glasses),detailed_clinical_aug
I've had ongoing right knee problems from an old meniscus tear so my surgeon sent me to get a custom brace made for my right side,"Brace, right knee (Custom)",storyteller
I've had ongoing right knee problems from old meniscus tear so my surgeon sent me to get a custom brace made for my right side,"Brace, right knee (Custom)",storyteller_aug
I've had ongoing right knee problems from an old surgeon tear so my meniscus sent me to get a custom brace made for my right side,"Brace, right knee (Custom)",storyteller_aug
I've had ongoing right knee problems from an old meniscus tear so my surgeon sent me to get a custom brace made for my right um side,"Brace, right knee (Custom)",storyteller_aug
insulin pen device claim,Insulin Pen Injector,terse
pen insulin device claim,Insulin Pen Injector,terse_aug
insulin pen basically device claim,Insulin Pen Injector,terse_aug
pre-approval,Estimate/Pre-Authorization,vague_turn1
pre-approval like,Estimate/Pre-Authorization,vague_turn1_aug
homeopath not naturopath,Homeopathic Treatment,partial_turn2
like homeopath not naturopath,Homeopathic Treatment,partial_turn2_aug
"I go to social worker for counselling, she have bachelor degree in social work, BSW",Social Worker (Bachelors),esl_speaker
"I go to social worker for she have bachelor degree in social work, BSW",Social Worker (Bachelors),esl_speaker_aug
"I worker to social go for counselling, she have bachelor degree in social work, BSW",Social Worker (Bachelors),esl_speaker_aug
"I go to social worker for counselling, she have bachelor degree in like social work, BSW",Social Worker (Bachelors),esl_speaker_aug
walking aid | four legs no wheels | for my dad after surgery,Walker - non wheeled (purchase),progressive
walking aid | four legs no | for my dad after surgery,Walker - non wheeled (purchase),progressive_aug
walking aid | four legs no wheels | for my dad surgery after,Walker - non wheeled (purchase),progressive_aug
walking aid actually | four legs no wheels | for my dad after surgery,Walker - non wheeled (purchase),progressive_aug
Where do I claim replacement supplies for my insulin pump like infusion sets?,Insulin infusion pump supplies,question
Where do claim replacement supplies for my insulin pump like infusion sets?,Insulin infusion pump supplies,question_aug
Where do I claim replacement supplies for insulin my pump like infusion sets?,Insulin infusion pump supplies,question_aug
Where do I um claim replacement supplies for my insulin pump like infusion sets?,Insulin infusion pump supplies,question_aug
"I buy insole from pharmacy for my shoe, it is not custom, just regular insole from shelf",Standard foot orthotics or shoe inserts,esl_speaker
"I buy insole from pharmacy for my shoe, it is not custom, regular insole from shelf",Standard foot orthotics or shoe inserts,esl_speaker_aug
"I buy insole from pharmacy for shoe, my it is not custom, just regular insole from shelf",Standard foot orthotics or shoe inserts,esl_speaker_aug
"I buy insole from pharmacy for my basically shoe, it is not custom, just regular insole from shelf",Standard foot orthotics or shoe inserts,esl_speaker_aug
"my therapist is a social worker with a graduate degree, I think a masters in social work",Social Worker (Masters level),confused_student
"my therapist is a social worker with a degree, I think a masters in social work",Social Worker (Masters level),confused_student_aug
"my therapist is a social worker with a graduate degree, masters think a I in social work",Social Worker (Masters level),confused_student_aug
"my therapist basically is a social worker with a graduate degree, I think a masters in social work",Social Worker (Masters level),confused_student_aug
CSA safety glasses prescription,Safety Glasses,terse
CSA prescription glasses safety,Safety Glasses,terse_aug
CSA safety so glasses prescription,Safety Glasses,terse_aug
glucometer purchase,Blood glucose meter,terse
so glucometer purchase,Blood glucose meter,terse_aug
dental cleaning filling claim,Dental Services,terse
dental cleaning claim filling,Dental Services,terse_aug
actually dental cleaning filling claim,Dental Services,terse_aug
Where do I file physiotherapy treatment sessions?,Physiotherapy,question
Where do file physiotherapy treatment sessions?,Physiotherapy,question_aug
Where I do file physiotherapy treatment sessions?,Physiotherapy,question_aug
Where do I file physiotherapy treatment sessions? like,Physiotherapy,question_aug
wore a monitor all day,Ambulatory Blood Pressure Test,vague_turn1
wore monitor all day,Ambulatory Blood Pressure Test,vague_turn1_aug
all a monitor wore day,Ambulatory Blood Pressure Test,vague_turn1_aug
wore I think a monitor all day,Ambulatory Blood Pressure Test,vague_turn1_aug
"compression socks | knee length | medium pressure, doctor recommended","Compression Stockings, knee length (15-19 mmhg)",progressive
"compression socks | knee length medium pressure, doctor recommended","Compression Stockings, knee length (15-19 mmhg)",progressive_aug
"compression | socks knee length | medium pressure, doctor recommended","Compression Stockings, knee length (15-19 mmhg)",progressive_aug
"compression just socks | knee length | medium pressure, doctor recommended","Compression Stockings, knee length (15-19 mmhg)",progressive_aug
Claiming a musculoskeletal diagnostic ultrasound of the right shoulder for rotator cuff evaluation,Ultrasound,detailed_clinical
a musculoskeletal diagnostic ultrasound of the right shoulder for rotator cuff evaluation,Ultrasound,detailed_clinical_aug
Claiming a musculoskeletal for ultrasound of the right shoulder diagnostic rotator cuff evaluation,Ultrasound,detailed_clinical_aug
Claiming a actually musculoskeletal diagnostic ultrasound of the right shoulder for rotator cuff evaluation,Ultrasound,detailed_clinical_aug
replacement parts | for my cpap | the consumables not the main unit,"CPAP, APAP, BIPAP Supplies",progressive
replacement parts | for cpap | the consumables not the main unit,"CPAP, APAP, BIPAP Supplies",progressive_aug
cpap parts | for my replacement | the consumables not the main unit,"CPAP, APAP, BIPAP Supplies",progressive_aug
replacement parts | for my cpap | the consumables not the actually main unit,"CPAP, APAP, BIPAP Supplies",progressive_aug
ear protection | custom fitted | for my music work,Ear Plugs (custom made),progressive
ear | custom fitted | for my music work,Ear Plugs (custom made),progressive_aug
ear protection | custom my | for fitted music work,Ear Plugs (custom made),progressive_aug
ear protection | custom fitted | for basically my music work,Ear Plugs (custom made),progressive_aug
Where do I submit for thigh-length compression stockings at 30 mmHg or above?,"Compression Stockings, thigh/full (30 mmhg & over)",question
Where do I submit for compression stockings at 30 mmHg or above?,"Compression Stockings, thigh/full (30 mmhg & over)",question_aug
Where do I or for thigh-length compression stockings at 30 mmHg submit above?,"Compression Stockings, thigh/full (30 mmhg & over)",question_aug
Where do I submit for thigh-length compression stockings I think at 30 mmHg or above?,"Compression Stockings, thigh/full (30 mmhg & over)",question_aug
chiro | spinal adjustments for my back,Chiropractic,progressive
chiro spinal adjustments for my back,Chiropractic,progressive_aug
chiro | spinal adjustments back my for,Chiropractic,progressive_aug
chiro | spinal adjustments like for my back,Chiropractic,progressive_aug
nursing home permanent resident,Nursing Home and Long Term Care,partial_turn2
nursing home resident permanent,Nursing Home and Long Term Care,partial_turn2_aug
nursing just home permanent resident,Nursing Home and Long Term Care,partial_turn2_aug
"my orthodontist took x-rays and impressions before starting treatment, it's separate from the braces",Other Orthodontic/Dental Services (i.e. orthodontic records),confused_student
"my orthodontist took x-rays and impressions before starting treatment, it's separate the braces",Other Orthodontic/Dental Services (i.e. orthodontic records),confused_student_aug
"separate orthodontist took x-rays and impressions before starting treatment, it's my from the braces",Other Orthodontic/Dental Services (i.e. orthodontic records),confused_student_aug
"my orthodontist took x-rays and impressions like before starting treatment, it's separate from the braces",Other Orthodontic/Dental Services (i.e. orthodontic records),confused_student_aug
"I see a doctor who does therapy, not a medical doctor but has a PhD in psychology",Psychologist,confused_student
"I see a doctor who does therapy, not a medical doctor but has a PhD in",Psychologist,confused_student_aug
"I a a doctor who does therapy, not see medical doctor but has a PhD in psychology",Psychologist,confused_student_aug
"I see a doctor who basically does therapy, not a medical doctor but has a PhD in psychology",Psychologist,confused_student_aug
"thigh high, really hard to get on","Compression Stockings, thigh/full (30 mmhg & over)",partial_turn2
"thigh high, hard to get on","Compression Stockings, thigh/full (30 mmhg & over)",partial_turn2_aug
"thigh get really hard to high, on","Compression Stockings, thigh/full (30 mmhg & over)",partial_turn2_aug
"thigh high, really hard basically to get on","Compression Stockings, thigh/full (30 mmhg & over)",partial_turn2_aug
"this is NOT a regular eye exam, it's a diagnostic test the specialist ordered, different thing entirely",Diagnostic Vision Test,complaint
"this is NOT a regular eye exam, it's a diagnostic test the specialist ordered, thing entirely",Diagnostic Vision Test,complaint_aug
"NOT is this a regular eye exam, it's a diagnostic test the specialist ordered, different thing entirely",Diagnostic Vision Test,complaint_aug
"this is NOT a regular eye exam, it's a diagnostic test the just specialist ordered, different thing entirely",Diagnostic Vision Test,complaint_aug
custom right knee support | specialist fitted it | post surgery,"Brace, right knee (Custom)",progressive
custom right knee support specialist fitted it | post surgery,"Brace, right knee (Custom)",progressive_aug
custom right knee support | surgery fitted it | post specialist,"Brace, right knee (Custom)",progressive_aug
custom basically right knee support | specialist fitted it | post surgery,"Brace, right knee (Custom)",progressive_aug
monthly sensor things,Glucose Monitoring System Supplies/Sensors,vague_turn1
monthly sensor actually things,Glucose Monitoring System Supplies/Sensors,vague_turn1_aug
replacement pads,"Stimulator, supplies",vague_turn1
replacement pads um,"Stimulator, supplies",vague_turn1_aug
seeing someone for my mental health,Psychologist,vague_turn1
seeing for my mental health,Psychologist,vague_turn1_aug
seeing someone for mental my health,Psychologist,vague_turn1_aug
seeing someone for my mental basically health,Psychologist,vague_turn1_aug
grab bars | permanently installed | for my fall risk parent,Grab Bar/Bath Bar - permanent fixtures (purchase),progressive
grab bars | permanently installed for my fall risk parent,Grab Bar/Bath Bar - permanent fixtures (purchase),progressive_aug
grab bars | permanently installed | for risk fall my parent,Grab Bar/Bath Bar - permanent fixtures (purchase),progressive_aug
grab bars | permanently installed | for my basically fall risk parent,Grab Bar/Bath Bar - permanent fixtures (purchase),progressive_aug
Where do I submit my pharmacy receipt for a prescription drug?,Drug,question
Where do submit my pharmacy receipt for a prescription drug?,Drug,question_aug
Where do I a my pharmacy receipt for submit prescription drug?,Drug,question_aug
Where do I submit my pharmacy receipt like for a prescription drug?,Drug,question_aug
psychotherapist not psychologist,Psychotherapist,partial_turn2
basically psychotherapist not psychologist,Psychotherapist,partial_turn2_aug
had a custom Fillauer AFO fabricated at Ottawa Orthotics clinic,"Brace, AFO/KAFO (Custom)",brand_specific
had a custom AFO fabricated at Ottawa Orthotics clinic,"Brace, AFO/KAFO (Custom)",brand_specific_aug
had a custom Fillauer Orthotics fabricated at Ottawa AFO clinic,"Brace, AFO/KAFO (Custom)",brand_specific_aug
had a custom Fillauer AFO um fabricated at Ottawa Orthotics clinic,"Brace, AFO/KAFO (Custom)",brand_specific_aug
vision visit | just the examination fee,Eye Exam,progressive
vision visit | the examination fee,Eye Exam,progressive_aug
vision examination | just the visit fee,Eye Exam,progressive_aug
so vision visit | just the examination fee,Eye Exam,progressive_aug
"full length, quite tight","Compression Stockings, thigh/full (20-29 mmhg)",partial_turn2
"full quite length, tight","Compression Stockings, thigh/full (20-29 mmhg)",partial_turn2_aug
"full length, I think quite tight","Compression Stockings, thigh/full (20-29 mmhg)",partial_turn2_aug
dental visit,Dental Services,vague_turn1
dental visit so,Dental Services,vague_turn1_aug
therapy | group sessions | not individual psychologist,Other mental health services,progressive
| group sessions | not individual psychologist,Other mental health services,progressive_aug
therapy | group | sessions not individual psychologist,Other mental health services,progressive_aug
like therapy | group sessions | not individual psychologist,Other mental health services,progressive_aug
Claiming a multi-point traditional Chinese acupuncture session performed by a licensed R.Ac for myofascial pain syndrome,Acupuncture,detailed_clinical
Claiming a multi-point traditional Chinese acupuncture session performed a licensed R.Ac for myofascial pain syndrome,Acupuncture,detailed_clinical_aug
Claiming a performed traditional Chinese acupuncture session multi-point by a licensed R.Ac for myofascial pain syndrome,Acupuncture,detailed_clinical_aug
Claiming a multi-point traditional Chinese acupuncture session performed by a um licensed R.Ac for myofascial pain syndrome,Acupuncture,detailed_clinical_aug
seeing a counsellor,Clinical Counsellor,vague_turn1
seeing basically a counsellor,Clinical Counsellor,vague_turn1_aug
diagnostic test for my eye condition,Diagnostic Vision Test,partial_turn2
diagnostic test for my eye,Diagnostic Vision Test,partial_turn2_aug
diagnostic test for eye my condition,Diagnostic Vision Test,partial_turn2_aug
diagnostic test for my eye like condition,Diagnostic Vision Test,partial_turn2_aug
I think this claim is supposed to go through my provincial plan first?,Provincial Replacement Plan,confused_student
I think this claim is supposed to go through my plan first?,Provincial Replacement Plan,confused_student_aug
I think this provincial is supposed to go through my claim plan first?,Provincial Replacement Plan,confused_student_aug
I think this claim is supposed I think to go through my provincial plan first?,Provincial Replacement Plan,confused_student_aug
chiropody foot care visit,Chiropody (Foot Care) Treatment,terse
chiropody visit care foot,Chiropody (Foot Care) Treatment,terse_aug
chiropody foot like care visit,Chiropody (Foot Care) Treatment,terse_aug
Where do I claim a raised toilet seat I bought for post-surgery recovery?,Raised Toilet seat (purchase),question
Where do I claim a toilet seat I bought for post-surgery recovery?,Raised Toilet seat (purchase),question_aug
Where do I claim a raised toilet I seat bought for post-surgery recovery?,Raised Toilet seat (purchase),question_aug
Where do I think I claim a raised toilet seat I bought for post-surgery recovery?,Raised Toilet seat (purchase),question_aug
shoe modification,Other foot care services (i.e. orthopedic shoe modification),vague_turn1
shoe modification I think,Other foot care services (i.e. orthopedic shoe modification),vague_turn1_aug
those little wet pad things I use before I prick my finger for blood sugar,Alcohol swabs,confused_student
those little wet pad things I use before I my finger for blood sugar,Alcohol swabs,confused_student_aug
those little wet pad things I use before my prick I finger for blood sugar,Alcohol swabs,confused_student_aug
those little wet pad things I actually use before I prick my finger for blood sugar,Alcohol swabs,confused_student_aug
"automatic, fires itself",Insulin Gun (automatic),partial_turn2
"automatic, so fires itself",Insulin Gun (automatic),partial_turn2_aug
"I need buy more sensor patch for glucose machine, the one you stick on arm",Glucose Monitoring System Supplies/Sensors,esl_speaker
"I need buy more sensor patch for glucose machine, the one stick on arm",Glucose Monitoring System Supplies/Sensors,esl_speaker_aug
"I need buy more sensor patch for glucose you the one machine, stick on arm",Glucose Monitoring System Supplies/Sensors,esl_speaker_aug
"I need buy more um sensor patch for glucose machine, the one you stick on arm",Glucose Monitoring System Supplies/Sensors,esl_speaker_aug
vision therapy,Other vision services (i.e. safety glasses),vague_turn1
just vision therapy,Other vision services (i.e. safety glasses),vague_turn1_aug
claiming insulin pump supplies for my daughter - new infusion sets and reservoirs,Insulin infusion pump supplies,parent_or_dependent
claiming insulin pump supplies for my daughter - new sets and reservoirs,Insulin infusion pump supplies,parent_or_dependent_aug
claiming insulin my supplies for pump daughter - new infusion sets and reservoirs,Insulin infusion pump supplies,parent_or_dependent_aug
claiming like insulin pump supplies for my daughter - new infusion sets and reservoirs,Insulin infusion pump supplies,parent_or_dependent_aug
speech therapy | SLP | for my child's stutter,Speech Therapy,progressive
speech therapy | SLP | for my child's,Speech Therapy,progressive_aug
speech | therapy SLP | for my child's stutter,Speech Therapy,progressive_aug
speech therapy | SLP | actually for my child's stutter,Speech Therapy,progressive_aug
eye training for convergence,Other vision services (i.e. safety glasses),partial_turn2
eye for training convergence,Other vision services (i.e. safety glasses),partial_turn2_aug
actually eye training for convergence,Other vision services (i.e. safety glasses),partial_turn2_aug
I went in that big tube machine that takes pictures of the inside of your body,MRI (Magnetic Resonance Imaging),confused_student
I went in that big tube machine that takes pictures the inside of your body,MRI (Magnetic Resonance Imaging),confused_student_aug
I went in that big tube of that takes pictures of the inside machine your body,MRI (Magnetic Resonance Imaging),confused_student_aug
I went in that big tube machine that takes um pictures of the inside of your body,MRI (Magnetic Resonance Imaging),confused_student_aug
contact lenses | daily wear | prescription needed,Prescription Contacts,progressive
contact lenses | daily | prescription needed,Prescription Contacts,progressive_aug
contact lenses prescription daily wear | | needed,Prescription Contacts,progressive_aug
contact lenses | basically daily wear | prescription needed,Prescription Contacts,progressive_aug
wig,Wig,vague_turn1
I think wig,Wig,vague_turn1_aug
ND treating my hormonal issues,Naturopathic Treatment,partial_turn2
treating my hormonal issues,Naturopathic Treatment,partial_turn2_aug
ND treating issues hormonal my,Naturopathic Treatment,partial_turn2_aug
ND treating my hormonal like issues,Naturopathic Treatment,partial_turn2_aug
very tight knee socks,"Compression Stockings, knee length (30 mmhg & over)",vague_turn1
very knee tight socks,"Compression Stockings, knee length (30 mmhg & over)",vague_turn1_aug
very I think tight knee socks,"Compression Stockings, knee length (30 mmhg & over)",vague_turn1_aug
"I got a little steam machine that puts warm moisture in the air, helps with congestion",Vaporizer (table top),confused_student
"got a little steam machine that puts warm moisture in the air, helps with congestion",Vaporizer (table top),confused_student_aug
"I the a little steam machine that puts warm moisture in got air, helps with congestion",Vaporizer (table top),confused_student_aug
"I got a little steam machine that puts warm moisture in the air, helps with I think congestion",Vaporizer (table top),confused_student_aug
audiologist made them,Ear Plugs (custom made),partial_turn2
audiologist made them just,Ear Plugs (custom made),partial_turn2_aug
"the receiver, the screen part",Glucose Monitoring System Receiver,partial_turn2
"the receiver, screen part",Glucose Monitoring System Receiver,partial_turn2_aug
"the screen the receiver, part",Glucose Monitoring System Receiver,partial_turn2_aug
"the receiver, the um screen part",Glucose Monitoring System Receiver,partial_turn2_aug
I need more of those sticky pad things for my shock machine,"Stimulator, supplies",confused_student
I need of those sticky pad things for my shock machine,"Stimulator, supplies",confused_student_aug
I need of more those sticky pad things for my shock machine,"Stimulator, supplies",confused_student_aug
I need more basically of those sticky pad things for my shock machine,"Stimulator, supplies",confused_student_aug
mental health | seeing a psych | she has her PhD and is registered,Psychologist,progressive
mental health | seeing a psych she has her PhD and is registered,Psychologist,progressive_aug
is health | seeing a psych | she has her PhD and mental registered,Psychologist,progressive_aug
mental health | seeing a psych | she has her PhD and is registered so,Psychologist,progressive_aug
is there really a difference between custom and non-custom in the dropdown? mine is just from shoppers,Brace (Non-custom),complaint
is there really a difference between custom and non-custom in the dropdown? mine just from shoppers,Brace (Non-custom),complaint_aug
is there really a difference between and custom non-custom in the dropdown? mine is just from shoppers,Brace (Non-custom),complaint_aug
is there really a difference between basically custom and non-custom in the dropdown? mine is just from shoppers,Brace (Non-custom),complaint_aug
MSW sessions,Social Worker (Masters level),vague_turn1
um MSW sessions,Social Worker (Masters level),vague_turn1_aug
glasses | safety kind required for work,Safety Glasses,progressive
glasses | safety kind required for,Safety Glasses,progressive_aug
glasses | safety required kind for work,Safety Glasses,progressive_aug
glasses | safety kind required actually for work,Safety Glasses,progressive_aug
elbow crutches,Forearm Crutch (purchase),vague_turn1
elbow I think crutches,Forearm Crutch (purchase),vague_turn1_aug
bathroom safety bars,Grab Bar/Bath Bar - permanent fixtures (purchase),vague_turn1
bathroom safety bars um,Grab Bar/Bath Bar - permanent fixtures (purchase),vague_turn1_aug
sleep test | spent the night at clinic | for diagnosis,Sleep Study,progressive
test | spent the night at clinic | for diagnosis,Sleep Study,progressive_aug
sleep test | spent the night for clinic | at diagnosis,Sleep Study,progressive_aug
sleep test | spent the night at clinic | for diagnosis so,Sleep Study,progressive_aug
naturopathic doctor ND designation,Naturopathic Treatment,partial_turn2
naturopathic doctor designation ND,Naturopathic Treatment,partial_turn2_aug
naturopathic doctor ND designation like,Naturopathic Treatment,partial_turn2_aug
claiming psychotherapy sessions for my spouse with a registered psychotherapist for workplace burnout,Psychotherapist,parent_or_dependent
claiming psychotherapy sessions for my spouse with a psychotherapist for workplace burnout,Psychotherapist,parent_or_dependent_aug
claiming psychotherapy sessions for my spouse with a for psychotherapist registered workplace burnout,Psychotherapist,parent_or_dependent_aug
claiming psychotherapy sessions for my spouse with a registered psychotherapist for actually workplace burnout,Psychotherapist,parent_or_dependent_aug
my gynecologist ordered a CA-125 test because of a cyst they found on my ovary during ultrasound,CA-125 (Cancer Antigen) Test,storyteller
my ordered a CA-125 test because of a cyst they found on my ovary during ultrasound,CA-125 (Cancer Antigen) Test,storyteller_aug
my gynecologist ordered ultrasound CA-125 test because of a cyst they found on my ovary during a,CA-125 (Cancer Antigen) Test,storyteller_aug
my gynecologist ordered a CA-125 test because of a cyst they found on my um ovary during ultrasound,CA-125 (Cancer Antigen) Test,storyteller_aug
hearing aids,Hearing Aids,vague_turn1
I think hearing aids,Hearing Aids,vague_turn1_aug
pre-approval | not actual claim | before my surgery,Estimate/Pre-Authorization,progressive
pre-approval | not actual claim | before my,Estimate/Pre-Authorization,progressive_aug
pre-approval | not actual claim | surgery my before,Estimate/Pre-Authorization,progressive_aug
like pre-approval | not actual claim | before my surgery,Estimate/Pre-Authorization,progressive_aug
mobility aid for my dad,Walker - non wheeled (purchase),vague_turn1
mobility aid for dad,Walker - non wheeled (purchase),vague_turn1_aug
dad aid for my mobility,Walker - non wheeled (purchase),vague_turn1_aug
mobility so aid for my dad,Walker - non wheeled (purchase),vague_turn1_aug
"knee support | regular kind, not custom fitted",Brace (Non-custom),progressive
"knee support | regular kind, not custom",Brace (Non-custom),progressive_aug
"knee support custom regular kind, not | fitted",Brace (Non-custom),progressive_aug
"knee support | regular um kind, not custom fitted",Brace (Non-custom),progressive_aug
misc medical item claim,Other medical items,terse
misc claim item medical,Other medical items,terse_aug
misc medical like item claim,Other medical items,terse_aug
attaches to my inhaler,Aerochamber,partial_turn2
my to attaches inhaler,Aerochamber,partial_turn2_aug
attaches to my inhaler I think,Aerochamber,partial_turn2_aug
knee support thing,Brace (Non-custom),vague_turn1
knee support thing actually,Brace (Non-custom),vague_turn1_aug
CGM | monthly sensors | the round stickers that monitor my sugar,Glucose Monitoring System Supplies/Sensors,progressive
CGM | monthly sensors | the round stickers that monitor sugar,Glucose Monitoring System Supplies/Sensors,progressive_aug
CGM stickers monthly sensors | the round | that monitor my sugar,Glucose Monitoring System Supplies/Sensors,progressive_aug
CGM | monthly sensors | the round stickers that monitor my like sugar,Glucose Monitoring System Supplies/Sensors,progressive_aug
"they put a lift in my existing shoe to make one side higher, is that a modification?",Other foot care services (i.e. orthopedic shoe modification),confused_student
"they put a in my existing shoe to make one side higher, is that a modification?",Other foot care services (i.e. orthopedic shoe modification),confused_student_aug
"they put a lift my in existing shoe to make one side higher, is that a modification?",Other foot care services (i.e. orthopedic shoe modification),confused_student_aug
"they put a lift in my existing shoe to make one side um higher, is that a modification?",Other foot care services (i.e. orthopedic shoe modification),confused_student_aug
purchased a Jon Renau human hair wig from Continental Hair in Toronto,Wig,brand_specific
purchased a Jon Renau human wig from Continental Hair in Toronto,Wig,brand_specific_aug
from a Jon Renau human hair wig purchased Continental Hair in Toronto,Wig,brand_specific_aug
purchased a um Jon Renau human hair wig from Continental Hair in Toronto,Wig,brand_specific_aug
bought a raised toilet seat for my father after his hip replacement surgery,Raised Toilet seat (purchase),parent_or_dependent
bought a raised toilet seat for my father after hip replacement surgery,Raised Toilet seat (purchase),parent_or_dependent_aug
bought a raised replacement seat for my father after his hip toilet surgery,Raised Toilet seat (purchase),parent_or_dependent_aug
bought a raised toilet seat for my basically father after his hip replacement surgery,Raised Toilet seat (purchase),parent_or_dependent_aug
wheels so I can move it room to room,Wheeled Commode (purchase),partial_turn2
wheels so I can it room to room,Wheeled Commode (purchase),partial_turn2_aug
wheels so it can move I room to room,Wheeled Commode (purchase),partial_turn2_aug
wheels basically so I can move it room to room,Wheeled Commode (purchase),partial_turn2_aug
orthoptic treatment,Other vision services (i.e. safety glasses),partial_turn2
just orthoptic treatment,Other vision services (i.e. safety glasses),partial_turn2_aug
"these are CUSTOM orthotics, not the $30 insoles from Shoppers, they were made from a 3D scan of my feet",Custom made foot orthotics,complaint
"these are CUSTOM orthotics, not the $30 insoles from Shoppers, they were made from 3D scan of my feet",Custom made foot orthotics,complaint_aug
"these are were orthotics, not the $30 insoles from Shoppers, they CUSTOM made from a 3D scan of my feet",Custom made foot orthotics,complaint_aug
"these are CUSTOM orthotics, not the $30 insoles from Shoppers, they were made from a 3D just scan of my feet",Custom made foot orthotics,complaint_aug
"province paid some, claiming the balance",Provincial Replacement Plan,partial_turn2
"province paid some, the balance",Provincial Replacement Plan,partial_turn2_aug
"province paid some, claiming balance the",Provincial Replacement Plan,partial_turn2_aug
"province paid some, claiming I think the balance",Provincial Replacement Plan,partial_turn2_aug
"I went to someone who put tiny needles all over my back, is that acupuncture?",Acupuncture,confused_student
"I went to someone who put needles all over my back, is that acupuncture?",Acupuncture,confused_student_aug
"I went to someone who put all needles tiny over my back, is that acupuncture?",Acupuncture,confused_student_aug
"I actually went to someone who put tiny needles all over my back, is that acupuncture?",Acupuncture,confused_student_aug
Where do I submit claims for nursing home or long-term care facility costs?,Nursing Home and Long Term Care,question
Where do submit claims for nursing home or long-term care facility costs?,Nursing Home and Long Term Care,question_aug
Where do I submit claims long-term nursing home or for care facility costs?,Nursing Home and Long Term Care,question_aug
Where do I submit claims for nursing home or long-term care facility costs? just,Nursing Home and Long Term Care,question_aug
insulin pump device,Insulin infusion pump,terse
insulin I think pump device,Insulin infusion pump,terse_aug
long term care | facility | medical portion of fees,Nursing Home and Long Term Care,progressive
long term | facility | medical portion of fees,Nursing Home and Long Term Care,progressive_aug
care term long | facility | medical portion of fees,Nursing Home and Long Term Care,progressive_aug
long term care | facility | so medical portion of fees,Nursing Home and Long Term Care,progressive_aug
the shower chair so I don't fall,Bath Bench/Chair (purchase),partial_turn2
the shower so I don't fall,Bath Bench/Chair (purchase),partial_turn2_aug
the shower chair don't I so fall,Bath Bench/Chair (purchase),partial_turn2_aug
the shower chair so just I don't fall,Bath Bench/Chair (purchase),partial_turn2_aug
TENS electrode pads refill,"Stimulator, supplies",terse
electrode TENS pads refill,"Stimulator, supplies",terse_aug
TENS I think electrode pads refill,"Stimulator, supplies",terse_aug
my diabetic father uses an insulin pen and needs to claim the device cost,Insulin Pen Injector,parent_or_dependent
diabetic father uses an insulin pen and needs to claim the device cost,Insulin Pen Injector,parent_or_dependent_aug
my diabetic father uses an insulin pen and needs device claim the to cost,Insulin Pen Injector,parent_or_dependent_aug
my diabetic father uses basically an insulin pen and needs to claim the device cost,Insulin Pen Injector,parent_or_dependent_aug
bachelor level social worker,Social Worker (Bachelors),partial_turn2
bachelor worker social level,Social Worker (Bachelors),partial_turn2_aug
bachelor level social like worker,Social Worker (Bachelors),partial_turn2_aug
"I bought one of those bags you microwave and put on your sore neck, it's reusable",Heat Therapy - Re-usable items (purchase),confused_student
"bought one of those bags you microwave and put on your sore neck, it's reusable",Heat Therapy - Re-usable items (purchase),confused_student_aug
"I bought one reusable those bags you microwave and put on your sore neck, it's of",Heat Therapy - Re-usable items (purchase),confused_student_aug
"I bought one of those bags like you microwave and put on your sore neck, it's reusable",Heat Therapy - Re-usable items (purchase),confused_student_aug
leg compression | not off the shelf | fitted by the orthotics place,"Compression Stockings, custom, any length",progressive
leg compression | not off the shelf | fitted by orthotics place,"Compression Stockings, custom, any length",progressive_aug
leg compression | not off the shelf place fitted by the orthotics |,"Compression Stockings, custom, any length",progressive_aug
leg compression | not off the um shelf | fitted by the orthotics place,"Compression Stockings, custom, any length",progressive_aug
cane,"Cane, standard",vague_turn1
like cane,"Cane, standard",vague_turn1_aug
four point cane not regular,Quad Cane (purchase),partial_turn2
four point cane not,Quad Cane (purchase),partial_turn2_aug
point four cane not regular,Quad Cane (purchase),partial_turn2_aug
four point cane not so regular,Quad Cane (purchase),partial_turn2_aug
dietitian sessions for my condition,Dietitian Services,partial_turn2
dietitian sessions for my,Dietitian Services,partial_turn2_aug
dietitian condition for my sessions,Dietitian Services,partial_turn2_aug
I think dietitian sessions for my condition,Dietitian Services,partial_turn2_aug
"not the gun or pump, the pen",Insulin Pen Injector,partial_turn2
"not gun or pump, the pen",Insulin Pen Injector,partial_turn2_aug
"the the gun or pump, not pen",Insulin Pen Injector,partial_turn2_aug
"not the gun or pump, basically the pen",Insulin Pen Injector,partial_turn2_aug
"sleep machine | the actual device, not the mask or tube","CPAP, APAP, BIPAP Machine",progressive
"sleep machine the actual device, not the mask or tube","CPAP, APAP, BIPAP Machine",progressive_aug
"or machine | the actual device, not the mask sleep tube","CPAP, APAP, BIPAP Machine",progressive_aug
"sleep machine | the actual device, not the mask so or tube","CPAP, APAP, BIPAP Machine",progressive_aug
firm leg socks,"Compression Stockings, knee length (20-29 mmhg)",vague_turn1
firm leg basically socks,"Compression Stockings, knee length (20-29 mmhg)",vague_turn1_aug
"doctor say I need strong sock for knee, 25 mmhg, I buy from pharmacy","Compression Stockings, knee length (20-29 mmhg)",esl_speaker
"say I need strong sock for knee, 25 mmhg, I buy from pharmacy","Compression Stockings, knee length (20-29 mmhg)",esl_speaker_aug
"doctor for I need strong sock say knee, 25 mmhg, I buy from pharmacy","Compression Stockings, knee length (20-29 mmhg)",esl_speaker_aug
"doctor say I think I need strong sock for knee, 25 mmhg, I buy from pharmacy","Compression Stockings, knee length (20-29 mmhg)",esl_speaker_aug
"doctor send me to place where they scan foot and make special insole only for me, custom",Custom made foot orthotics,esl_speaker
"doctor send me to place where they scan foot make special insole only for me, custom",Custom made foot orthotics,esl_speaker_aug
"doctor send me to place for they scan foot and make special insole only where me, custom",Custom made foot orthotics,esl_speaker_aug
"doctor send me to place where they scan foot and make basically special insole only for me, custom",Custom made foot orthotics,esl_speaker_aug
"I filed under 'CPAP Machine' but I only bought a new mask, the machine was already claimed","CPAP, APAP, BIPAP Mask",wrong_guess
"I filed 'CPAP Machine' but I only bought a new mask, the machine was already claimed","CPAP, APAP, BIPAP Mask",wrong_guess_aug
"I filed under 'CPAP Machine' but I only bought new a mask, the machine was already claimed","CPAP, APAP, BIPAP Mask",wrong_guess_aug
"I filed under 'CPAP Machine' but I only bought a new um mask, the machine was already claimed","CPAP, APAP, BIPAP Mask",wrong_guess_aug
"this isn't a regular brace, it's a custom AFO that was molded to my leg, the categories are so confusing","Brace, AFO/KAFO (Custom)",complaint
"this isn't regular brace, it's a custom AFO that was molded to my leg, the categories are so confusing","Brace, AFO/KAFO (Custom)",complaint_aug
"this isn't a regular brace, it's a custom AFO that was molded to are leg, the categories my so confusing","Brace, AFO/KAFO (Custom)",complaint_aug
"this isn't so a regular brace, it's a custom AFO that was molded to my leg, the categories are so confusing","Brace, AFO/KAFO (Custom)",complaint_aug
I need crutches long-term for my disability so my physio recommended forearm crutches that wrap around my arm instead of going under my armpit,Forearm Crutch (purchase),storyteller
I need crutches long-term for my disability so my physio recommended forearm crutches that wrap my arm instead of going under my armpit,Forearm Crutch (purchase),storyteller_aug
I need crutches for long-term my disability so my physio recommended forearm crutches that wrap around my arm instead of going under my armpit,Forearm Crutch (purchase),storyteller_aug
I need crutches long-term for my disability so my physio recommended forearm crutches that wrap around my arm instead of going under actually my armpit,Forearm Crutch (purchase),storyteller_aug
the device attached to me,Insulin infusion pump,vague_turn1
the device to me,Insulin infusion pump,vague_turn1_aug
the device to attached me,Insulin infusion pump,vague_turn1_aug
the device attached to I think me,Insulin infusion pump,vague_turn1_aug
the devices in my ears,Hearing Aids,partial_turn2
the in my ears,Hearing Aids,partial_turn2_aug
ears devices in my the,Hearing Aids,partial_turn2_aug
like the devices in my ears,Hearing Aids,partial_turn2_aug
sleep apnea thing | the machine itself | just got diagnosed,"CPAP, APAP, BIPAP Machine",progressive
sleep apnea thing | the machine itself | just got,"CPAP, APAP, BIPAP Machine",progressive_aug
sleep just thing | the machine itself | apnea got diagnosed,"CPAP, APAP, BIPAP Machine",progressive_aug
sleep apnea thing | the machine itself just | just got diagnosed,"CPAP, APAP, BIPAP Machine",progressive_aug
"my doctor ordered a blood test to check my prostate, the PSA number",PSA Test (Prostate Specific Antigen),confused_student
"my doctor ordered a blood test to check my prostate, the number",PSA Test (Prostate Specific Antigen),confused_student_aug
"my doctor ordered a blood test to check my PSA the prostate, number",PSA Test (Prostate Specific Antigen),confused_student_aug
"my doctor ordered a um blood test to check my prostate, the PSA number",PSA Test (Prostate Specific Antigen),confused_student_aug
blood pressure thing | home monitor | doctor wants me tracking daily,Blood pressure monitor,progressive
blood pressure thing | home monitor | doctor wants tracking daily,Blood pressure monitor,progressive_aug
blood pressure thing | monitor home | doctor wants me tracking daily,Blood pressure monitor,progressive_aug
blood pressure thing | home monitor | doctor like wants me tracking daily,Blood pressure monitor,progressive_aug
"it's a FOREARM crutch, not a regular underarm one, the cuff goes around my forearm",Forearm Crutch (purchase),complaint
"it's a FOREARM crutch, not a regular underarm one, cuff goes around my forearm",Forearm Crutch (purchase),complaint_aug
"it's a a crutch, not FOREARM regular underarm one, the cuff goes around my forearm",Forearm Crutch (purchase),complaint_aug
"it's a FOREARM crutch, not a regular underarm one, the cuff goes around my forearm like",Forearm Crutch (purchase),complaint_aug
Submitting for a 24-hour ambulatory blood pressure monitoring study for white coat hypertension evaluation,Ambulatory Blood Pressure Test,detailed_clinical
Submitting for a 24-hour ambulatory blood pressure monitoring study for white hypertension evaluation,Ambulatory Blood Pressure Test,detailed_clinical_aug
Submitting for a 24-hour ambulatory blood pressure white study for monitoring coat hypertension evaluation,Ambulatory Blood Pressure Test,detailed_clinical_aug
Submitting for a 24-hour ambulatory blood pressure actually monitoring study for white coat hypertension evaluation,Ambulatory Blood Pressure Test,detailed_clinical_aug
My old CPAP mask was leaking air around the seal so I went to the sleep store and got a new full-face mask that fits better,"CPAP, APAP, BIPAP Mask",storyteller
My old CPAP mask was air around the seal so I went to the sleep store and got a new full-face mask that fits better,"CPAP, APAP, BIPAP Mask",storyteller_aug
My old CPAP mask was leaking air a the seal so I went to the sleep store and got around new full-face mask that fits better,"CPAP, APAP, BIPAP Mask",storyteller_aug
My old CPAP mask was leaking air around the seal so I went to the sleep store and got a new full-face so mask that fits better,"CPAP, APAP, BIPAP Mask",storyteller_aug
"getting a replacement CPAP nasal mask for my wife, her old one cracked","CPAP, APAP, BIPAP Mask",parent_or_dependent
"getting a replacement nasal mask for my wife, her old one cracked","CPAP, APAP, BIPAP Mask",parent_or_dependent_aug
"a getting replacement CPAP nasal mask for my wife, her old one cracked","CPAP, APAP, BIPAP Mask",parent_or_dependent_aug
"um getting a replacement CPAP nasal mask for my wife, her old one cracked","CPAP, APAP, BIPAP Mask",parent_or_dependent_aug
custom orthotics rx,Custom made foot orthotics,terse
just custom orthotics rx,Custom made foot orthotics,terse_aug
safety bars in bathroom for my mom,Grab Bar/Bath Bar - permanent fixtures (purchase),partial_turn2
safety bars in bathroom for my,Grab Bar/Bath Bar - permanent fixtures (purchase),partial_turn2_aug
safety for in bathroom bars my mom,Grab Bar/Bath Bar - permanent fixtures (purchase),partial_turn2_aug
safety bars in bathroom for my um mom,Grab Bar/Bath Bar - permanent fixtures (purchase),partial_turn2_aug
"just the exam, no glasses",Eye Exam,partial_turn2
"the exam, no glasses",Eye Exam,partial_turn2_aug
"just the glasses no exam,",Eye Exam,partial_turn2_aug
"just the exam, no actually glasses",Eye Exam,partial_turn2_aug
I was admitted to The Ottawa Hospital Civic Campus for three days after surgery,Hospital (within your province),storyteller
I was admitted to The Ottawa Hospital Civic Campus for days after surgery,Hospital (within your province),storyteller_aug
to was admitted I The Ottawa Hospital Civic Campus for three days after surgery,Hospital (within your province),storyteller_aug
I was admitted to The Ottawa Hospital Civic Campus for I think three days after surgery,Hospital (within your province),storyteller_aug
treatment plan before work begins,Dental Estimate for Services,partial_turn2
treatment plan work begins,Dental Estimate for Services,partial_turn2_aug
before plan treatment work begins,Dental Estimate for Services,partial_turn2_aug
treatment plan so before work begins,Dental Estimate for Services,partial_turn2_aug
Submitting a comprehensive dental treatment plan estimate for prior authorization of recommended restorative procedures,Dental Estimate for Services,detailed_clinical
Submitting a comprehensive dental treatment plan estimate for authorization of recommended restorative procedures,Dental Estimate for Services,detailed_clinical_aug
Submitting a comprehensive dental treatment prior estimate for plan authorization of recommended restorative procedures,Dental Estimate for Services,detailed_clinical_aug
Submitting a comprehensive dental treatment plan estimate for prior authorization of recommended basically restorative procedures,Dental Estimate for Services,detailed_clinical_aug
stationary bedside commode,Stationary Commode (purchase),terse
just stationary bedside commode,Stationary Commode (purchase),terse_aug
the bags for my stoma,Ostomy,partial_turn2
the bags my stoma,Ostomy,partial_turn2_aug
the bags my for stoma,Ostomy,partial_turn2_aug
the bags for my stoma like,Ostomy,partial_turn2_aug
Submitting for thigh-length graduated compression hosiery rated 15-20 mmHg with silicone grip band,"Compression Stockings, thigh/full (15-19 mmhg)",detailed_clinical
Submitting for thigh-length graduated compression hosiery rated 15-20 mmHg silicone grip band,"Compression Stockings, thigh/full (15-19 mmhg)",detailed_clinical_aug
thigh-length for Submitting graduated compression hosiery rated 15-20 mmHg with silicone grip band,"Compression Stockings, thigh/full (15-19 mmhg)",detailed_clinical_aug
Submitting for thigh-length so graduated compression hosiery rated 15-20 mmHg with silicone grip band,"Compression Stockings, thigh/full (15-19 mmhg)",detailed_clinical_aug
I think these go under 'Other garment brace services' but they're actually footless compression tights,"Compression Calf Sleeves/Tights (footless), any length",wrong_guess
I think these go under 'Other garment brace services' but they're actually footless tights,"Compression Calf Sleeves/Tights (footless), any length",wrong_guess_aug
I think these go under they're garment brace services' but 'Other actually footless compression tights,"Compression Calf Sleeves/Tights (footless), any length",wrong_guess_aug
I think these go under 'Other garment brace services' but they're actually footless compression tights um,"Compression Calf Sleeves/Tights (footless), any length",wrong_guess_aug
"really hard to put on, very tight","Compression Stockings, knee length (30 mmhg & over)",partial_turn2
"really hard to put on, very","Compression Stockings, knee length (30 mmhg & over)",partial_turn2_aug
"very hard to put on, really tight","Compression Stockings, knee length (30 mmhg & over)",partial_turn2_aug
"really hard um to put on, very tight","Compression Stockings, knee length (30 mmhg & over)",partial_turn2_aug
mental health | app based CBT | doctor subscribed me,Digital Cognitive Behavioural Therapy,progressive
mental health app based CBT | doctor subscribed me,Digital Cognitive Behavioural Therapy,progressive_aug
mental health | app based CBT | subscribed doctor me,Digital Cognitive Behavioural Therapy,progressive_aug
mental health | app based um CBT | doctor subscribed me,Digital Cognitive Behavioural Therapy,progressive_aug
reusable heat pack not single use,Heat Therapy - Re-usable items (purchase),partial_turn2
reusable heat pack single use,Heat Therapy - Re-usable items (purchase),partial_turn2_aug
use heat pack not single reusable,Heat Therapy - Re-usable items (purchase),partial_turn2_aug
reusable heat pack not single use like,Heat Therapy - Re-usable items (purchase),partial_turn2_aug
"prescription lenses, need them to see",Prescription Glasses,partial_turn2
"prescription lenses, them to see",Prescription Glasses,partial_turn2_aug
"prescription lenses, to them need see",Prescription Glasses,partial_turn2_aug
"prescription lenses, need them like to see",Prescription Glasses,partial_turn2_aug
"I buy walker for walk, it have no wheel, you must lift and move, metal frame",Walker - non wheeled (purchase),esl_speaker
"buy walker for walk, it have no wheel, you must lift and move, metal frame",Walker - non wheeled (purchase),esl_speaker_aug
"I buy walker for walk, it you no wheel, have must lift and move, metal frame",Walker - non wheeled (purchase),esl_speaker_aug
"I buy walker for walk, it have no wheel, you actually must lift and move, metal frame",Walker - non wheeled (purchase),esl_speaker_aug
"I buy small device that send sugar number to phone, it connect to sensor, it is transmitter part",Glucose Monitoring System Transmitter,esl_speaker
"I buy small device that send sugar number to phone, it to sensor, it is transmitter part",Glucose Monitoring System Transmitter,esl_speaker_aug
"I buy that device small send sugar number to phone, it connect to sensor, it is transmitter part",Glucose Monitoring System Transmitter,esl_speaker_aug
"I buy small device that send sugar number actually to phone, it connect to sensor, it is transmitter part",Glucose Monitoring System Transmitter,esl_speaker_aug
"I have insulin gun but it is not automatic, I must push by myself with hand",Insulin Gun (manual),esl_speaker
"have insulin gun but it is not automatic, I must push by myself with hand",Insulin Gun (manual),esl_speaker_aug
"I have insulin gun but it must not automatic, I is push by myself with hand",Insulin Gun (manual),esl_speaker_aug
"I have insulin gun but like it is not automatic, I must push by myself with hand",Insulin Gun (manual),esl_speaker_aug
vitamin D blood test level,Vitamin D Test,terse
vitamin D blood test,Vitamin D Test,terse_aug
vitamin test blood D level,Vitamin D Test,terse_aug
vitamin D blood test basically level,Vitamin D Test,terse_aug
hearing aid purchase claim,Hearing Aids,terse
hearing aid claim purchase,Hearing Aids,terse_aug
hearing aid just purchase claim,Hearing Aids,terse_aug
"not a raised seat, the safety frame",Versa Frame (purchase),partial_turn2
"a raised seat, the safety frame",Versa Frame (purchase),partial_turn2_aug
"not a seat, raised the safety frame",Versa Frame (purchase),partial_turn2_aug
"not um a raised seat, the safety frame",Versa Frame (purchase),partial_turn2_aug
"MRI | done privately, paid out of pocket",MRI (Magnetic Resonance Imaging),progressive
MRI | done paid out of pocket,MRI (Magnetic Resonance Imaging),progressive_aug
"MRI | done out paid privately, of pocket",MRI (Magnetic Resonance Imaging),progressive_aug
"MRI | done privately, I think paid out of pocket",MRI (Magnetic Resonance Imaging),progressive_aug
"sensors, need replacing every two weeks",Glucose Monitoring System Supplies/Sensors,partial_turn2
"sensors, need replacing every weeks",Glucose Monitoring System Supplies/Sensors,partial_turn2_aug
"sensors, replacing need every two weeks",Glucose Monitoring System Supplies/Sensors,partial_turn2_aug
"so sensors, need replacing every two weeks",Glucose Monitoring System Supplies/Sensors,partial_turn2_aug
cpap stuff,"CPAP, APAP, BIPAP Supplies",vague_turn1
actually cpap stuff,"CPAP, APAP, BIPAP Supplies",vague_turn1_aug
Filing for the initial placement fee and monthly adjustment charges for fixed ceramic orthodontic brackets,Orthodontic Services (Braces - initial and monthly fee),detailed_clinical
Filing for the placement fee and monthly adjustment charges for fixed ceramic orthodontic brackets,Orthodontic Services (Braces - initial and monthly fee),detailed_clinical_aug
Filing brackets the initial placement fee and monthly adjustment charges for fixed ceramic orthodontic for,Orthodontic Services (Braces - initial and monthly fee),detailed_clinical_aug
Filing for the initial placement fee and monthly adjustment charges for fixed ceramic orthodontic like brackets,Orthodontic Services (Braces - initial and monthly fee),detailed_clinical_aug
TB test,TB Test/Mantoux,vague_turn1
actually TB test,TB Test/Mantoux,vague_turn1_aug
I did a sleep study and they said I have sleep apnea so I just bought my own CPAP machine from the sleep clinic,"CPAP, APAP, BIPAP Machine",storyteller
I did a sleep study and they said I have sleep apnea so I just my own CPAP machine from the sleep clinic,"CPAP, APAP, BIPAP Machine",storyteller_aug
I did a sleep my and they said I have sleep apnea so I just bought study own CPAP machine from the sleep clinic,"CPAP, APAP, BIPAP Machine",storyteller_aug
I did a sleep study and so they said I have sleep apnea so I just bought my own CPAP machine from the sleep clinic,"CPAP, APAP, BIPAP Machine",storyteller_aug
colonoscopy | scope procedure | gastroenterologist did it,Colonoscopy,progressive
colonoscopy | scope procedure | gastroenterologist did,Colonoscopy,progressive_aug
colonoscopy | scope procedure did gastroenterologist | it,Colonoscopy,progressive_aug
colonoscopy | scope procedure | I think gastroenterologist did it,Colonoscopy,progressive_aug
vitamin blood test,Vitamin D Test,vague_turn1
actually vitamin blood test,Vitamin D Test,vague_turn1_aug
allergy blood test,Blood test for Allergies (IG test not eligible),vague_turn1
allergy I think blood test,Blood test for Allergies (IG test not eligible),vague_turn1_aug
after provincial plan paid their part,Provincial Replacement Plan,partial_turn2
after provincial plan paid their,Provincial Replacement Plan,partial_turn2_aug
paid provincial plan after their part,Provincial Replacement Plan,partial_turn2_aug
after provincial plan just paid their part,Provincial Replacement Plan,partial_turn2_aug
Where do I claim a bedpan for home recovery?,Bedpan,question
Where do I claim a bedpan for home,Bedpan,question_aug
do Where I claim a bedpan for home recovery?,Bedpan,question_aug
Where do I claim basically a bedpan for home recovery?,Bedpan,question_aug
my husband had a private MRI for his shoulder injury and I need to submit the receipt,MRI (Magnetic Resonance Imaging),parent_or_dependent
my husband a private MRI for his shoulder injury and I need to submit the receipt,MRI (Magnetic Resonance Imaging),parent_or_dependent_aug
my husband had a private MRI for his shoulder injury submit I need to and the receipt,MRI (Magnetic Resonance Imaging),parent_or_dependent_aug
my basically husband had a private MRI for his shoulder injury and I need to submit the receipt,MRI (Magnetic Resonance Imaging),parent_or_dependent_aug
the steam device,Vaporizer (table top),vague_turn1
the steam basically device,Vaporizer (table top),vague_turn1_aug
it's the screen thingy that shows my sugar levels from the sensor on my arm,Glucose Monitoring System Receiver,confused_student
it's the screen thingy that shows my sugar levels the sensor on my arm,Glucose Monitoring System Receiver,confused_student_aug
it's the screen thingy on shows my sugar levels from the sensor that my arm,Glucose Monitoring System Receiver,confused_student_aug
it's the screen thingy that shows so my sugar levels from the sensor on my arm,Glucose Monitoring System Receiver,confused_student_aug
pre-approval dental,Dental Estimate for Services,vague_turn1
I think pre-approval dental,Dental Estimate for Services,vague_turn1_aug
compression socks for my knee area,"Compression Stockings, knee length (15-19 mmhg)",vague_turn1
compression socks my knee area,"Compression Stockings, knee length (15-19 mmhg)",vague_turn1_aug
compression socks knee my for area,"Compression Stockings, knee length (15-19 mmhg)",vague_turn1_aug
compression socks actually for my knee area,"Compression Stockings, knee length (15-19 mmhg)",vague_turn1_aug
basic walker no wheels,Walker - non wheeled (purchase),terse
basic walker wheels no,Walker - non wheeled (purchase),terse_aug
so basic walker no wheels,Walker - non wheeled (purchase),terse_aug
I saw someone called an athletic therapist at the sports medicine place,Athletic Therapy,confused_student
I saw called an athletic therapist at the sports medicine place,Athletic Therapy,confused_student_aug
I saw an called someone athletic therapist at the sports medicine place,Athletic Therapy,confused_student_aug
I basically saw someone called an athletic therapist at the sports medicine place,Athletic Therapy,confused_student_aug
the colored hard cast,"Cast, fiberglass",partial_turn2
cast colored hard the,"Cast, fiberglass",partial_turn2_aug
the colored hard cast so,"Cast, fiberglass",partial_turn2_aug
"knee socks | really hard to put on, very tight","Compression Stockings, knee length (30 mmhg & over)",progressive
"knee socks | really hard to put on, tight","Compression Stockings, knee length (30 mmhg & over)",progressive_aug
"knee socks | really to hard put on, very tight","Compression Stockings, knee length (30 mmhg & over)",progressive_aug
"knee socks just | really hard to put on, very tight","Compression Stockings, knee length (30 mmhg & over)",progressive_aug
Where do I file for compression stockings that were custom made to my measurements?,"Compression Stockings, custom, any length",question
Where do I file for compression stockings that were custom made to measurements?,"Compression Stockings, custom, any length",question_aug
Where do I file custom compression stockings that were for made to my measurements?,"Compression Stockings, custom, any length",question_aug
Where do I I think file for compression stockings that were custom made to my measurements?,"Compression Stockings, custom, any length",question_aug
teeth thing | regular dental | not an accident or braces,Dental Services,progressive
teeth | regular dental | not an accident or braces,Dental Services,progressive_aug
teeth thing | regular or | not an accident dental braces,Dental Services,progressive_aug
teeth thing | regular dental like | not an accident or braces,Dental Services,progressive_aug
medical bracelet,Medic Alert Bracelet,vague_turn1
medical basically bracelet,Medic Alert Bracelet,vague_turn1_aug
crutches | the standard underarm kind,"Crutches, pair",progressive
crutches the standard underarm kind,"Crutches, pair",progressive_aug
standard | the crutches underarm kind,"Crutches, pair",progressive_aug
crutches | the standard underarm basically kind,"Crutches, pair",progressive_aug
I was at a remote hiking site and needed emergency helicopter medical transport to hospital,Other emergency services,storyteller
I at a remote hiking site and needed emergency helicopter medical transport to hospital,Other emergency services,storyteller_aug
site was at a remote hiking I and needed emergency helicopter medical transport to hospital,Other emergency services,storyteller_aug
I was um at a remote hiking site and needed emergency helicopter medical transport to hospital,Other emergency services,storyteller_aug
app based therapy doctor suggested,Digital Cognitive Behavioural Therapy,partial_turn2
app based therapy suggested,Digital Cognitive Behavioural Therapy,partial_turn2_aug
app doctor therapy based suggested,Digital Cognitive Behavioural Therapy,partial_turn2_aug
app based therapy doctor so suggested,Digital Cognitive Behavioural Therapy,partial_turn2_aug
grab bars installed in the tub,Grab Bar/Bath Bar - permanent fixtures (purchase),partial_turn2
grab bars in the tub,Grab Bar/Bath Bar - permanent fixtures (purchase),partial_turn2_aug
grab installed bars in the tub,Grab Bar/Bath Bar - permanent fixtures (purchase),partial_turn2_aug
grab bars installed in the actually tub,Grab Bar/Bath Bar - permanent fixtures (purchase),partial_turn2_aug
chiropody and podiatry both treat feet so what's the difference? my receipt says chiropody treatment,Chiropody (Foot Care) Treatment,complaint
chiropody and podiatry both treat feet so what's the difference? receipt says chiropody treatment,Chiropody (Foot Care) Treatment,complaint_aug
chiropody and podiatry both treat feet so what's says difference? my receipt the chiropody treatment,Chiropody (Foot Care) Treatment,complaint_aug
chiropody and actually podiatry both treat feet so what's the difference? my receipt says chiropody treatment,Chiropody (Foot Care) Treatment,complaint_aug
claiming my daughter's orthodontic records including panoramic x-ray and photos taken before braces,Other Orthodontic/Dental Services (i.e. orthodontic records),parent_or_dependent
claiming my daughter's orthodontic records including panoramic x-ray and photos taken before,Other Orthodontic/Dental Services (i.e. orthodontic records),parent_or_dependent_aug
claiming my daughter's orthodontic records including panoramic photos and x-ray taken before braces,Other Orthodontic/Dental Services (i.e. orthodontic records),parent_or_dependent_aug
claiming my basically daughter's orthodontic records including panoramic x-ray and photos taken before braces,Other Orthodontic/Dental Services (i.e. orthodontic records),parent_or_dependent_aug
x-ray,X-Ray,vague_turn1
x-ray basically,X-Ray,vague_turn1_aug
my doctor wants to get something pre-approved by insurance before the procedure,Estimate/Pre-Authorization,confused_student
my doctor wants to get something pre-approved insurance before the procedure,Estimate/Pre-Authorization,confused_student_aug
my doctor wants to the something pre-approved by insurance before get procedure,Estimate/Pre-Authorization,confused_student_aug
my doctor wants to get something pre-approved by insurance before just the procedure,Estimate/Pre-Authorization,confused_student_aug
gastroenterologist did the scope,Colonoscopy,partial_turn2
gastroenterologist scope the did,Colonoscopy,partial_turn2_aug
gastroenterologist I think did the scope,Colonoscopy,partial_turn2_aug
BP monitor | strapped on for a full day | cardiologist ordered,Ambulatory Blood Pressure Test,progressive
BP monitor strapped on for a full day | cardiologist ordered,Ambulatory Blood Pressure Test,progressive_aug
BP monitor | strapped | for a full day on cardiologist ordered,Ambulatory Blood Pressure Test,progressive_aug
BP monitor | strapped on um for a full day | cardiologist ordered,Ambulatory Blood Pressure Test,progressive_aug
Where do I claim the separate fee they charge just for drawing blood?,Blood Withdrawal Fee,question
Where do claim the separate fee they charge just for drawing blood?,Blood Withdrawal Fee,question_aug
Where do I claim the separate fee they charge just drawing for blood?,Blood Withdrawal Fee,question_aug
Where do I claim the actually separate fee they charge just for drawing blood?,Blood Withdrawal Fee,question_aug
therapist,Psychologist,vague_turn1
therapist um,Psychologist,vague_turn1_aug
wheeled commode chair rolling,Wheeled Commode (purchase),terse
rolling commode chair wheeled,Wheeled Commode (purchase),terse_aug
um wheeled commode chair rolling,Wheeled Commode (purchase),terse_aug
the seat for the shower,Bath Bench/Chair (purchase),vague_turn1
seat for the shower,Bath Bench/Chair (purchase),vague_turn1_aug
the seat the for shower,Bath Bench/Chair (purchase),vague_turn1_aug
the seat for actually the shower,Bath Bench/Chair (purchase),vague_turn1_aug
my son needs to submit a claim for his footless compression calf sleeves for track,"Compression Calf Sleeves/Tights (footless), any length",parent_or_dependent
my son to submit a claim for his footless compression calf sleeves for track,"Compression Calf Sleeves/Tights (footless), any length",parent_or_dependent_aug
my son needs to sleeves a claim for his footless compression calf submit for track,"Compression Calf Sleeves/Tights (footless), any length",parent_or_dependent_aug
my son needs to submit a claim for his footless compression like calf sleeves for track,"Compression Calf Sleeves/Tights (footless), any length",parent_or_dependent_aug
ultrasound | paid privately | at imaging clinic | couldn't wait,Ultrasound,progressive
ultrasound | paid privately | at imaging clinic | wait,Ultrasound,progressive_aug
ultrasound | | privately | at imaging clinic paid couldn't wait,Ultrasound,progressive_aug
ultrasound um | paid privately | at imaging clinic | couldn't wait,Ultrasound,progressive_aug
"I just grabbed a wrist thing from the drugstore, it's not custom or anything",Brace (Non-custom),confused_student
"I just grabbed a wrist thing from the drugstore, it's not custom or",Brace (Non-custom),confused_student_aug
"I just grabbed a wrist thing from the drugstore, it's not or custom anything",Brace (Non-custom),confused_student_aug
"I so just grabbed a wrist thing from the drugstore, it's not custom or anything",Brace (Non-custom),confused_student_aug
quad cane,Quad Cane (purchase),vague_turn1
quad cane just,Quad Cane (purchase),vague_turn1_aug
the hard cast,"Cast, fiberglass",vague_turn1
actually the hard cast,"Cast, fiberglass",vague_turn1_aug
mental health thing,Other mental health services,vague_turn1
mental health like thing,Other mental health services,vague_turn1_aug
emergency | not ambulance or hospital | urgent care clinic,Other emergency services,progressive
emergency | not ambulance or hospital | care clinic,Other emergency services,progressive_aug
emergency | not ambulance or hospital clinic urgent care |,Other emergency services,progressive_aug
emergency | not like ambulance or hospital | urgent care clinic,Other emergency services,progressive_aug
phlebotomy fee separate from tests,Blood Withdrawal Fee,partial_turn2
phlebotomy separate from tests,Blood Withdrawal Fee,partial_turn2_aug
phlebotomy tests separate from fee,Blood Withdrawal Fee,partial_turn2_aug
phlebotomy fee separate um from tests,Blood Withdrawal Fee,partial_turn2_aug
leg brace,"Brace, AFO/KAFO (Custom)",vague_turn1
so leg brace,"Brace, AFO/KAFO (Custom)",vague_turn1_aug
"glasses | prescription lenses, need them to see",Prescription Glasses,progressive
glasses | prescription need them to see,Prescription Glasses,progressive_aug
"glasses | prescription lenses, need them see to",Prescription Glasses,progressive_aug
"glasses | prescription lenses, need them like to see",Prescription Glasses,progressive_aug
made from a mold of my leg,"Compression Stockings, custom, any length",partial_turn2
made from a mold of my,"Compression Stockings, custom, any length",partial_turn2_aug
made from of mold a my leg,"Compression Stockings, custom, any length",partial_turn2_aug
made from a I think mold of my leg,"Compression Stockings, custom, any length",partial_turn2_aug
purchased a FreeStyle Libre 2 reader device from the pharmacy,Glucose Monitoring System Receiver,brand_specific
purchased FreeStyle Libre 2 reader device from the pharmacy,Glucose Monitoring System Receiver,brand_specific_aug
purchased a FreeStyle Libre 2 reader device pharmacy the from,Glucose Monitoring System Receiver,brand_specific_aug
purchased like a FreeStyle Libre 2 reader device from the pharmacy,Glucose Monitoring System Receiver,brand_specific_aug
speech pathologist | sessions | for my language recovery after stroke,Speech Therapy,progressive
speech pathologist | sessions | for my language recovery stroke,Speech Therapy,progressive_aug
speech pathologist | sessions | language my for recovery after stroke,Speech Therapy,progressive_aug
speech pathologist | sessions | for my language basically recovery after stroke,Speech Therapy,progressive_aug
rehab exercises and manual therapy,Physiotherapy,partial_turn2
rehab exercises and therapy,Physiotherapy,partial_turn2_aug
rehab and exercises manual therapy,Physiotherapy,partial_turn2_aug
rehab exercises and basically manual therapy,Physiotherapy,partial_turn2_aug
breast pump | electric | for going back to work,Breast Pump (purchase),progressive
breast pump | electric | for going back to,Breast Pump (purchase),progressive_aug
breast going | electric | for pump back to work,Breast Pump (purchase),progressive_aug
breast pump | electric | um for going back to work,Breast Pump (purchase),progressive_aug
protective eyewear | prescription lenses | employer requires them,Safety Glasses,progressive
eyewear | prescription lenses | employer requires them,Safety Glasses,progressive_aug
protective prescription | eyewear lenses | employer requires them,Safety Glasses,progressive_aug
protective eyewear like | prescription lenses | employer requires them,Safety Glasses,progressive_aug
the gel and wand scan,Ultrasound,partial_turn2
gel and wand scan,Ultrasound,partial_turn2_aug
the scan and wand gel,Ultrasound,partial_turn2_aug
the gel and like wand scan,Ultrasound,partial_turn2_aug
"I got compression gloves for my arthritis, they're not stockings or a regular brace",Other garment brace services (i.e. compression gloves),confused_student
"I got compression gloves my arthritis, they're not stockings or a regular brace",Other garment brace services (i.e. compression gloves),confused_student_aug
"I got compression gloves for my stockings they're not arthritis, or a regular brace",Other garment brace services (i.e. compression gloves),confused_student_aug
"I got compression gloves for my arthritis, they're not um stockings or a regular brace",Other garment brace services (i.e. compression gloves),confused_student_aug
"someone came to my house to help me with stuff after my surgery, like a home nurse",In Home Support Services,confused_student
"someone came to my house to me with stuff after my surgery, like a home nurse",In Home Support Services,confused_student_aug
"someone came to my house to after me with stuff help my surgery, like a home nurse",In Home Support Services,confused_student_aug
"someone came to my house to help me with like stuff after my surgery, like a home nurse",In Home Support Services,confused_student_aug
chiropodist not podiatrist,Chiropody (Foot Care) Treatment,partial_turn2
chiropodist not um podiatrist,Chiropody (Foot Care) Treatment,partial_turn2_aug
a brace,Brace (Non-custom),vague_turn1
a brace so,Brace (Non-custom),vague_turn1_aug
breast pump electric purchase,Breast Pump (purchase),terse
electric pump breast purchase,Breast Pump (purchase),terse_aug
like breast pump electric purchase,Breast Pump (purchase),terse_aug
What category for adult incontinence products?,Incontinence Supplies,question
What category for adult products?,Incontinence Supplies,question_aug
What adult for category incontinence products?,Incontinence Supplies,question_aug
What category for adult incontinence products? so,Incontinence Supplies,question_aug
"the dropdown has like seven compression stocking options and mine are just mild ones under 14 mmhg, which one??","Compression Stockings, any length (up to 14 mmhg)",complaint
"the has like seven compression stocking options and mine are just mild ones under 14 mmhg, which one??","Compression Stockings, any length (up to 14 mmhg)",complaint_aug
"the dropdown has like seven compression stocking options and mine are which mild ones under 14 mmhg, just one??","Compression Stockings, any length (up to 14 mmhg)",complaint_aug
"the basically dropdown has like seven compression stocking options and mine are just mild ones under 14 mmhg, which one??","Compression Stockings, any length (up to 14 mmhg)",complaint_aug
"I filed under 'Chiropody Foot Care Treatment' but my receipt says podiatrist, not chiropodist",Podiatry Treatment,wrong_guess
I filed under 'Chiropody Foot Care Treatment' but my receipt says not chiropodist,Podiatry Treatment,wrong_guess_aug
"I filed under 'Chiropody Foot my Treatment' but Care receipt says podiatrist, not chiropodist",Podiatry Treatment,wrong_guess_aug
"I actually filed under 'Chiropody Foot Care Treatment' but my receipt says podiatrist, not chiropodist",Podiatry Treatment,wrong_guess_aug
private ultrasound paid out of pocket,Ultrasound,partial_turn2
private ultrasound out of pocket,Ultrasound,partial_turn2_aug
ultrasound private paid out of pocket,Ultrasound,partial_turn2_aug
private ultrasound paid just out of pocket,Ultrasound,partial_turn2_aug
forearm support crutches,Forearm Crutch (purchase),vague_turn1
forearm support crutches just,Forearm Crutch (purchase),vague_turn1_aug
I chose 'Compression Stockings knee length 15-19' but mine are actually only 12 mmhg,"Compression Stockings, any length (up to 14 mmhg)",wrong_guess
I chose 'Compression Stockings knee 15-19' but mine are actually only 12 mmhg,"Compression Stockings, any length (up to 14 mmhg)",wrong_guess_aug
I chose 'Compression Stockings knee length only but mine are actually 15-19' 12 mmhg,"Compression Stockings, any length (up to 14 mmhg)",wrong_guess_aug
I chose 'Compression Stockings knee length um 15-19' but mine are actually only 12 mmhg,"Compression Stockings, any length (up to 14 mmhg)",wrong_guess_aug
"I need IV stand for home, for medicine that go in my vein, I buy the metal stand with hook",IV Stand (purchase),esl_speaker
"I need IV stand for home, for medicine that go in my vein, buy the metal stand with hook",IV Stand (purchase),esl_speaker_aug
"I need IV stand for home, stand medicine that go in my vein, I buy the metal for with hook",IV Stand (purchase),esl_speaker_aug
"I need IV stand for um home, for medicine that go in my vein, I buy the metal stand with hook",IV Stand (purchase),esl_speaker_aug
aerochamber spacer puffer,Aerochamber,terse
aerochamber I think spacer puffer,Aerochamber,terse_aug
blood pressure thing | wore it all day and night | 24 hour test,Ambulatory Blood Pressure Test,progressive
blood pressure thing | wore it all day night | 24 hour test,Ambulatory Blood Pressure Test,progressive_aug
blood pressure thing | wore all it day and night | 24 hour test,Ambulatory Blood Pressure Test,progressive_aug
blood pressure thing | wore it all day and night | 24 hour um test,Ambulatory Blood Pressure Test,progressive_aug
PSA prostate blood test,PSA Test (Prostate Specific Antigen),terse
PSA test blood prostate,PSA Test (Prostate Specific Antigen),terse_aug
PSA I think prostate blood test,PSA Test (Prostate Specific Antigen),terse_aug
buying a transport wheelchair for my mother so we can take her to appointments easily,Transport Wheelchair,parent_or_dependent
a transport wheelchair for my mother so we can take her to appointments easily,Transport Wheelchair,parent_or_dependent_aug
buying take transport wheelchair for my mother so we can a her to appointments easily,Transport Wheelchair,parent_or_dependent_aug
I think buying a transport wheelchair for my mother so we can take her to appointments easily,Transport Wheelchair,parent_or_dependent_aug
Claiming single-vision CR-39 lenses with anti-reflective coating and titanium frames fitted to prescription,Prescription Glasses,detailed_clinical
Claiming single-vision CR-39 lenses with anti-reflective coating and titanium frames fitted prescription,Prescription Glasses,detailed_clinical_aug
Claiming single-vision CR-39 lenses with anti-reflective coating fitted titanium frames and to prescription,Prescription Glasses,detailed_clinical_aug
Claiming single-vision CR-39 lenses with anti-reflective I think coating and titanium frames fitted to prescription,Prescription Glasses,detailed_clinical_aug
compression arm sleeve,Other garment brace services (i.e. compression gloves),vague_turn1
I think compression arm sleeve,Other garment brace services (i.e. compression gloves),vague_turn1_aug
compression gloves,Other garment brace services (i.e. compression gloves),vague_turn1
compression gloves actually,Other garment brace services (i.e. compression gloves),vague_turn1_aug
mammogram | annual | breast cancer screening | paid privately,Mammogram,progressive
mammogram | annual | breast cancer | paid privately,Mammogram,progressive_aug
mammogram | annual | breast cancer | screening paid privately,Mammogram,progressive_aug
mammogram | annual | breast cancer screening | paid I think privately,Mammogram,progressive_aug
inhaler thing | the spacer that attaches to my puffer,Aerochamber,progressive
inhaler thing | the spacer that attaches my puffer,Aerochamber,progressive_aug
inhaler thing | the spacer that my to attaches puffer,Aerochamber,progressive_aug
inhaler thing | the spacer that attaches to actually my puffer,Aerochamber,progressive_aug
accident tooth,Dental Accident,vague_turn1
accident um tooth,Dental Accident,vague_turn1_aug
Claiming bilateral weight-bearing anteroposterior and lateral radiographic imaging of the knees,X-Ray,detailed_clinical
Claiming bilateral weight-bearing anteroposterior and radiographic imaging of the knees,X-Ray,detailed_clinical_aug
Claiming bilateral anteroposterior weight-bearing and lateral radiographic imaging of the knees,X-Ray,detailed_clinical_aug
Claiming bilateral weight-bearing anteroposterior and lateral like radiographic imaging of the knees,X-Ray,detailed_clinical_aug
MSW not BSW,Social Worker (Masters level),partial_turn2
like MSW not BSW,Social Worker (Masters level),partial_turn2_aug
"there's automatic and manual insulin guns plus pens and pumps, mine is the automatic GUN not a pen",Insulin Gun (automatic),complaint
"there's automatic and manual insulin guns plus pens and pumps, mine is the automatic GUN a pen",Insulin Gun (automatic),complaint_aug
"there's automatic and manual insulin guns plus a and pumps, mine is the automatic GUN not pens pen",Insulin Gun (automatic),complaint_aug
"there's automatic and manual insulin guns plus pens um and pumps, mine is the automatic GUN not a pen",Insulin Gun (automatic),complaint_aug
"I picked up medicine the doctor prescribed, just regular pills from the pharmacy",Drug,confused_student
"I picked up medicine the doctor prescribed, just pills from the pharmacy",Drug,confused_student_aug
"I picked up medicine the pills prescribed, just regular doctor from the pharmacy",Drug,confused_student_aug
"basically I picked up medicine the doctor prescribed, just regular pills from the pharmacy",Drug,confused_student_aug
"TENS unit, the machine itself","Stimulator, muscle/nerve (TENS)",partial_turn2
"TENS unit, the machine","Stimulator, muscle/nerve (TENS)",partial_turn2_aug
"TENS unit, machine the itself","Stimulator, muscle/nerve (TENS)",partial_turn2_aug
"like TENS unit, the machine itself","Stimulator, muscle/nerve (TENS)",partial_turn2_aug
had my annual eye exam at FYidoctors location in Rideau Centre,Eye Exam,brand_specific
had my annual eye exam at FYidoctors in Rideau Centre,Eye Exam,brand_specific_aug
had annual my eye exam at FYidoctors location in Rideau Centre,Eye Exam,brand_specific_aug
had my annual eye exam at FYidoctors location in Rideau Centre just,Eye Exam,brand_specific_aug
"Where do I claim a lab test that doesn't match allergy, vitamin D, PSA, or other specific categories?",Other laboratory and diagnostic tests,question
"Where do I claim a lab test that doesn't match allergy, vitamin D, PSA, or other categories?",Other laboratory and diagnostic tests,question_aug
"Where do I claim a lab test that or match allergy, vitamin D, PSA, doesn't other specific categories?",Other laboratory and diagnostic tests,question_aug
"Where do I claim a lab test that doesn't match allergy, vitamin D, PSA, or other basically specific categories?",Other laboratory and diagnostic tests,question_aug
"I went to someone who checked my hearing and adjusted my hearing aids, she's an audiologist",Audiologist Services,confused_student
"I went someone who checked my hearing and adjusted my hearing aids, she's an audiologist",Audiologist Services,confused_student_aug
"I went to someone who checked my audiologist and adjusted my hearing aids, she's an hearing",Audiologist Services,confused_student_aug
"I went just to someone who checked my hearing and adjusted my hearing aids, she's an audiologist",Audiologist Services,confused_student_aug
specialist,Other health specialists,vague_turn1
specialist like,Other health specialists,vague_turn1_aug
"not stockings, the compression gloves",Other garment brace services (i.e. compression gloves),partial_turn2
"stockings, the compression gloves",Other garment brace services (i.e. compression gloves),partial_turn2_aug
"the stockings, not compression gloves",Other garment brace services (i.e. compression gloves),partial_turn2_aug
"not stockings, the um compression gloves",Other garment brace services (i.e. compression gloves),partial_turn2_aug
crutches after my injury,"Crutches, pair",vague_turn1
crutches after injury my,"Crutches, pair",vague_turn1_aug
crutches after um my injury,"Crutches, pair",vague_turn1_aug
home asthma monitoring device,Peak Flow Meter,partial_turn2
home monitoring asthma device,Peak Flow Meter,partial_turn2_aug
home asthma I think monitoring device,Peak Flow Meter,partial_turn2_aug
"I bought new hoses and filter things for my breathing machine, not the machine or mask","CPAP, APAP, BIPAP Supplies",confused_student
"I new hoses and filter things for my breathing machine, not the machine or mask","CPAP, APAP, BIPAP Supplies",confused_student_aug
"I bought new hoses and filter things for my not machine, breathing the machine or mask","CPAP, APAP, BIPAP Supplies",confused_student_aug
"I bought new hoses and filter things for basically my breathing machine, not the machine or mask","CPAP, APAP, BIPAP Supplies",confused_student_aug
private scan,MRI (Magnetic Resonance Imaging),vague_turn1
private scan um,MRI (Magnetic Resonance Imaging),vague_turn1_aug
bath seat | so I can sit while showering | for my balance issues,Bath Bench/Chair (purchase),progressive
bath seat | so I can sit while showering for my balance issues,Bath Bench/Chair (purchase),progressive_aug
bath seat | so I can sit while showering | for my balance issues,Bath Bench/Chair (purchase),progressive_aug
just bath seat | so I can sit while showering | for my balance issues,Bath Bench/Chair (purchase),progressive_aug
the pump for milk,Breast Pump (purchase),vague_turn1
the pump milk for,Breast Pump (purchase),vague_turn1_aug
the pump for milk basically,Breast Pump (purchase),vague_turn1_aug
arch support | not fitted | just picked size from the rack,Standard foot orthotics or shoe inserts,progressive
arch support | not | just picked size from the rack,Standard foot orthotics or shoe inserts,progressive_aug
arch picked | not fitted | just support size from the rack,Standard foot orthotics or shoe inserts,progressive_aug
arch support like | not fitted | just picked size from the rack,Standard foot orthotics or shoe inserts,progressive_aug
mastectomy bra prosthetic,Mastectomy bra,terse
actually mastectomy bra prosthetic,Mastectomy bra,terse_aug
ear wax removal | at hearing clinic | not hearing aids,Other hearing services,progressive
ear wax removal | hearing clinic | not hearing aids,Other hearing services,progressive_aug
ear wax at | removal hearing clinic | not hearing aids,Other hearing services,progressive_aug
ear wax removal | at hearing clinic | not so hearing aids,Other hearing services,progressive_aug
"I went to the dentist for a regular cleaning and checkup, basic stuff",Dental Services,confused_student
"I went to the for a regular cleaning and checkup, basic stuff",Dental Services,confused_student_aug
"dentist went to the I for a regular cleaning and checkup, basic stuff",Dental Services,confused_student_aug
"I went to the dentist for a regular cleaning and checkup, basically basic stuff",Dental Services,confused_student_aug
I've had heel pain for months so I saw a podiatrist who diagnosed plantar fasciitis and did some manual therapy,Podiatry Treatment,storyteller
I've had heel pain for months so I saw a podiatrist who diagnosed plantar fasciitis and did some manual,Podiatry Treatment,storyteller_aug
I've had heel pain for manual so I saw a podiatrist who diagnosed plantar fasciitis and did some months therapy,Podiatry Treatment,storyteller_aug
I've had heel pain just for months so I saw a podiatrist who diagnosed plantar fasciitis and did some manual therapy,Podiatry Treatment,storyteller_aug
safety frames with my prescription lenses,Safety Glasses,partial_turn2
safety frames with prescription lenses,Safety Glasses,partial_turn2_aug
safety with frames my prescription lenses,Safety Glasses,partial_turn2_aug
safety frames actually with my prescription lenses,Safety Glasses,partial_turn2_aug
the pads for incontinence,Incontinence Supplies,vague_turn1
the incontinence for pads,Incontinence Supplies,vague_turn1_aug
the actually pads for incontinence,Incontinence Supplies,vague_turn1_aug
it's the little piece that clips onto the sensor and sends data to my phone wirelessly,Glucose Monitoring System Transmitter,confused_student
it's little piece that clips onto the sensor and sends data to my phone wirelessly,Glucose Monitoring System Transmitter,confused_student_aug
it's sends little piece that clips onto the sensor and the data to my phone wirelessly,Glucose Monitoring System Transmitter,confused_student_aug
it's the little piece like that clips onto the sensor and sends data to my phone wirelessly,Glucose Monitoring System Transmitter,confused_student_aug
MRI scan private clinic,MRI (Magnetic Resonance Imaging),terse
MRI clinic private scan,MRI (Magnetic Resonance Imaging),terse_aug
MRI scan private actually clinic,MRI (Magnetic Resonance Imaging),terse_aug
ostomy | colostomy bags and supplies | monthly claim,Ostomy,progressive
ostomy | colostomy bags and supplies monthly claim,Ostomy,progressive_aug
ostomy | colostomy monthly and supplies | bags claim,Ostomy,progressive_aug
ostomy | I think colostomy bags and supplies | monthly claim,Ostomy,progressive_aug
Claiming a comprehensive pharmacogenomic panel and BRCA1/BRCA2 mutation screening,Screening (for DNA/Genetic purposes),detailed_clinical
Claiming a comprehensive pharmacogenomic panel BRCA1/BRCA2 mutation screening,Screening (for DNA/Genetic purposes),detailed_clinical_aug
panel a comprehensive pharmacogenomic Claiming and BRCA1/BRCA2 mutation screening,Screening (for DNA/Genetic purposes),detailed_clinical_aug
Claiming basically a comprehensive pharmacogenomic panel and BRCA1/BRCA2 mutation screening,Screening (for DNA/Genetic purposes),detailed_clinical_aug
"I see homeopath doctor, she give me small medicine and ask many question about my health",Homeopathic Treatment,esl_speaker
"I see homeopath doctor, she me small medicine and ask many question about my health",Homeopathic Treatment,esl_speaker_aug
"I see homeopath doctor, she give my small medicine and ask many question about me health",Homeopathic Treatment,esl_speaker_aug
"I see homeopath doctor, she give me small medicine and ask many question about my so health",Homeopathic Treatment,esl_speaker_aug
Which category for a treatment appointment with a licensed podiatrist?,Podiatry Treatment,question
Which category for a treatment appointment with licensed podiatrist?,Podiatry Treatment,question_aug
Which category for licensed treatment appointment with a a podiatrist?,Podiatry Treatment,question_aug
Which category for a treatment appointment just with a licensed podiatrist?,Podiatry Treatment,question_aug
dental estimate,Dental Estimate for Services,vague_turn1
dental estimate um,Dental Estimate for Services,vague_turn1_aug
Submitting receipt for bilateral below-knee support hosiery rated 8-14 mmHg for venous insufficiency prophylaxis,"Compression Stockings, any length (up to 14 mmhg)",detailed_clinical
Submitting receipt for bilateral below-knee support hosiery 8-14 mmHg for venous insufficiency prophylaxis,"Compression Stockings, any length (up to 14 mmhg)",detailed_clinical_aug
Submitting receipt below-knee bilateral for support hosiery rated 8-14 mmHg for venous insufficiency prophylaxis,"Compression Stockings, any length (up to 14 mmhg)",detailed_clinical_aug
Submitting receipt for bilateral below-knee support hosiery rated actually 8-14 mmHg for venous insufficiency prophylaxis,"Compression Stockings, any length (up to 14 mmhg)",detailed_clinical_aug
"Where do I submit a vision-related claim that doesn't fit glasses, contacts, or eye exams?",Other vision services (i.e. safety glasses),question
"Where do I submit a vision-related that doesn't fit glasses, contacts, or eye exams?",Other vision services (i.e. safety glasses),question_aug
"a do I submit Where vision-related claim that doesn't fit glasses, contacts, or eye exams?",Other vision services (i.e. safety glasses),question_aug
"Where do I submit a vision-related claim that doesn't fit glasses, contacts, or eye um exams?",Other vision services (i.e. safety glasses),question_aug
measured and made specifically for my right knee,"Brace, right knee (Custom)",partial_turn2
measured and made specifically for right knee,"Brace, right knee (Custom)",partial_turn2_aug
knee and made specifically for my right measured,"Brace, right knee (Custom)",partial_turn2_aug
measured and made specifically for my right knee just,"Brace, right knee (Custom)",partial_turn2_aug
"Claiming graduated compression calf sleeves, open-toe design, 15-20 mmHg, bilateral","Compression Calf Sleeves/Tights (footless), any length",detailed_clinical
"Claiming graduated compression calf sleeves, design, 15-20 mmHg, bilateral","Compression Calf Sleeves/Tights (footless), any length",detailed_clinical_aug
"Claiming graduated compression calf design, open-toe sleeves, 15-20 mmHg, bilateral","Compression Calf Sleeves/Tights (footless), any length",detailed_clinical_aug
"Claiming graduated compression calf sleeves, so open-toe design, 15-20 mmHg, bilateral","Compression Calf Sleeves/Tights (footless), any length",detailed_clinical_aug
medical compression garment,Other garment brace services (i.e. compression gloves),partial_turn2
medical compression actually garment,Other garment brace services (i.e. compression gloves),partial_turn2_aug
got new prescription glasses with Essilor Varilux progressive lenses at Hakim Optical,Prescription Glasses,brand_specific
got prescription glasses with Essilor Varilux progressive lenses at Hakim Optical,Prescription Glasses,brand_specific_aug
got new prescription glasses Hakim Essilor Varilux progressive lenses at with Optical,Prescription Glasses,brand_specific_aug
got new prescription glasses with Essilor Varilux progressive lenses um at Hakim Optical,Prescription Glasses,brand_specific_aug
had shoe modifications done at Aetrex-certified pedorthist at BioPed clinic,Other foot care services (i.e. orthopedic shoe modification),brand_specific
had shoe modifications done at Aetrex-certified pedorthist BioPed clinic,Other foot care services (i.e. orthopedic shoe modification),brand_specific_aug
had shoe modifications clinic at Aetrex-certified pedorthist at BioPed done,Other foot care services (i.e. orthopedic shoe modification),brand_specific_aug
had shoe modifications done at Aetrex-certified pedorthist at so BioPed clinic,Other foot care services (i.e. orthopedic shoe modification),brand_specific_aug
braces initial fee and monthly,Orthodontic Services (Braces - initial and monthly fee),partial_turn2
braces fee and monthly,Orthodontic Services (Braces - initial and monthly fee),partial_turn2_aug
fee initial braces and monthly,Orthodontic Services (Braces - initial and monthly fee),partial_turn2_aug
braces initial fee and monthly basically,Orthodontic Services (Braces - initial and monthly fee),partial_turn2_aug
the handheld device,Blood glucose meter,partial_turn2
basically the handheld device,Blood glucose meter,partial_turn2_aug
"mild support, wore them on the plane","Compression Stockings, any length (up to 14 mmhg)",partial_turn2
"mild support, wore on the plane","Compression Stockings, any length (up to 14 mmhg)",partial_turn2_aug
"on support, wore them mild the plane","Compression Stockings, any length (up to 14 mmhg)",partial_turn2_aug
"mild just support, wore them on the plane","Compression Stockings, any length (up to 14 mmhg)",partial_turn2_aug
"this is an ONLINE CBT program not an in-person therapist visit, none of the mental health practitioner categories fit",Digital Cognitive Behavioural Therapy,complaint
"this is an ONLINE CBT program not an in-person therapist visit, none of the health practitioner categories fit",Digital Cognitive Behavioural Therapy,complaint_aug
"this is an ONLINE CBT program not none in-person therapist visit, an of the mental health practitioner categories fit",Digital Cognitive Behavioural Therapy,complaint_aug
"this is an ONLINE CBT program not an in-person so therapist visit, none of the mental health practitioner categories fit",Digital Cognitive Behavioural Therapy,complaint_aug
claiming an insulin infusion pump for my teenage daughter who was recently diagnosed with type 1 diabetes,Insulin infusion pump,parent_or_dependent
claiming an insulin infusion pump for teenage daughter who was recently diagnosed with type 1 diabetes,Insulin infusion pump,parent_or_dependent_aug
an claiming insulin infusion pump for my teenage daughter who was recently diagnosed with type 1 diabetes,Insulin infusion pump,parent_or_dependent_aug
claiming an basically insulin infusion pump for my teenage daughter who was recently diagnosed with type 1 diabetes,Insulin infusion pump,parent_or_dependent_aug
"I went to someone who cut my toenails and scraped the hard skin off my feet, is that a chiropodist?",Chiropody (Foot Care) Treatment,confused_student
"I went to someone who cut my toenails and scraped the hard skin off my feet, is that a",Chiropody (Foot Care) Treatment,confused_student_aug
"I went to my who cut someone toenails and scraped the hard skin off my feet, is that a chiropodist?",Chiropody (Foot Care) Treatment,confused_student_aug
"I went to basically someone who cut my toenails and scraped the hard skin off my feet, is that a chiropodist?",Chiropody (Foot Care) Treatment,confused_student_aug
doctor prescribed cannabis for pain,Medical Cannabis,partial_turn2
doctor prescribed cannabis for,Medical Cannabis,partial_turn2_aug
doctor for cannabis prescribed pain,Medical Cannabis,partial_turn2_aug
doctor prescribed cannabis for pain actually,Medical Cannabis,partial_turn2_aug
supplies for my pump not the pump itself,Insulin infusion pump supplies,partial_turn2
supplies for pump not the pump itself,Insulin infusion pump supplies,partial_turn2_aug
supplies the my pump not for pump itself,Insulin infusion pump supplies,partial_turn2_aug
supplies for so my pump not the pump itself,Insulin infusion pump supplies,partial_turn2_aug
folding chair someone else pushes,Transport Wheelchair,partial_turn2
folding chair else pushes,Transport Wheelchair,partial_turn2_aug
else chair someone folding pushes,Transport Wheelchair,partial_turn2_aug
folding chair someone else pushes um,Transport Wheelchair,partial_turn2_aug
the brace person made one specifically for my right knee after my injury,"Brace, right knee (Custom)",confused_student
the brace person made specifically for my right knee after my injury,"Brace, right knee (Custom)",confused_student_aug
the brace person made one specifically injury my right knee after my for,"Brace, right knee (Custom)",confused_student_aug
the brace person made one specifically for my right knee after just my injury,"Brace, right knee (Custom)",confused_student_aug
store bought ankle brace,Brace (Non-custom),terse
store ankle bought brace,Brace (Non-custom),terse_aug
store actually bought ankle brace,Brace (Non-custom),terse_aug
my mother had a hip replacement and needs a home care worker to come help her bathe and get dressed,In Home Support Services,parent_or_dependent
my mother a hip replacement and needs a home care worker to come help her bathe and get dressed,In Home Support Services,parent_or_dependent_aug
my a had a hip replacement and needs mother home care worker to come help her bathe and get dressed,In Home Support Services,parent_or_dependent_aug
my mother had a hip replacement and needs a home care worker um to come help her bathe and get dressed,In Home Support Services,parent_or_dependent_aug
I submitted under 'Social Worker Masters level' but my social worker actually has a BSW not an MSW,Social Worker (Bachelors),wrong_guess
I submitted under 'Social Worker Masters level' but my social actually has a BSW not an MSW,Social Worker (Bachelors),wrong_guess_aug
I my under 'Social Worker Masters level' but submitted social worker actually has a BSW not an MSW,Social Worker (Bachelors),wrong_guess_aug
I submitted under 'Social Worker Masters level' but I think my social worker actually has a BSW not an MSW,Social Worker (Bachelors),wrong_guess_aug
"this isn't a new custom shoe and it's not orthotics, they MODIFIED my existing shoes, which category is that?",Other foot care services (i.e. orthopedic shoe modification),complaint
"this isn't a new custom shoe and it's not orthotics, they MODIFIED my existing which category is that?",Other foot care services (i.e. orthopedic shoe modification),complaint_aug
"this isn't which new custom shoe and it's not orthotics, they MODIFIED my existing shoes, a category is that?",Other foot care services (i.e. orthopedic shoe modification),complaint_aug
"this isn't a new custom shoe like and it's not orthotics, they MODIFIED my existing shoes, which category is that?",Other foot care services (i.e. orthopedic shoe modification),complaint_aug
"I buy the tube and filter for CPAP machine, not machine and not mask, just parts","CPAP, APAP, BIPAP Supplies",esl_speaker
"I buy the tube and filter for CPAP machine, not machine and mask, just parts","CPAP, APAP, BIPAP Supplies",esl_speaker_aug
"I buy the tube and machine for CPAP machine, not filter and not mask, just parts","CPAP, APAP, BIPAP Supplies",esl_speaker_aug
"I buy the tube and filter for CPAP machine, not machine and not mask, just basically parts","CPAP, APAP, BIPAP Supplies",esl_speaker_aug
Which category for the wireless transmitter part of my glucose monitoring system?,Glucose Monitoring System Transmitter,question
Which category the wireless transmitter part of my glucose monitoring system?,Glucose Monitoring System Transmitter,question_aug
Which category for the wireless transmitter my of part glucose monitoring system?,Glucose Monitoring System Transmitter,question_aug
Which category for like the wireless transmitter part of my glucose monitoring system?,Glucose Monitoring System Transmitter,question_aug
electrode pads,"Stimulator, supplies",vague_turn1
electrode pads basically,"Stimulator, supplies",vague_turn1_aug
used in bed when I couldn't walk,Bedpan,partial_turn2
used in bed I couldn't walk,Bedpan,partial_turn2_aug
used in couldn't when I bed walk,Bedpan,partial_turn2_aug
used basically in bed when I couldn't walk,Bedpan,partial_turn2_aug
Where do I file for replacement electrode pads and wires for my TENS unit?,"Stimulator, supplies",question
Where I file for replacement electrode pads and wires for my TENS unit?,"Stimulator, supplies",question_aug
Where wires I file for replacement electrode pads and do for my TENS unit?,"Stimulator, supplies",question_aug
Where do I file for replacement electrode pads and wires for so my TENS unit?,"Stimulator, supplies",question_aug
Which category for a commode without wheels?,Stationary Commode (purchase),question
Which category for a commode without,Stationary Commode (purchase),question_aug
a category for Which commode without wheels?,Stationary Commode (purchase),question_aug
Which category for a commode without wheels? I think,Stationary Commode (purchase),question_aug
chiropractor | not massage | back and neck treatment,Chiropractic,progressive
| not massage | back and neck treatment,Chiropractic,progressive_aug
and | not massage | back chiropractor neck treatment,Chiropractic,progressive_aug
chiropractor | not massage I think | back and neck treatment,Chiropractic,progressive_aug
acupuncturist treatment,Acupuncture,partial_turn2
acupuncturist treatment so,Acupuncture,partial_turn2_aug
"social worker | bachelor level, BSW",Social Worker (Bachelors),progressive
"social worker | level, BSW",Social Worker (Bachelors),progressive_aug
"level, worker | bachelor social BSW",Social Worker (Bachelors),progressive_aug
"social worker | bachelor just level, BSW",Social Worker (Bachelors),progressive_aug
got a custom Ossur Rebound right knee brace fitted at the sports medicine clinic,"Brace, right knee (Custom)",brand_specific
got a custom Ossur Rebound right knee brace fitted at the sports clinic,"Brace, right knee (Custom)",brand_specific_aug
got a custom Ossur Rebound right knee clinic fitted at the sports medicine brace,"Brace, right knee (Custom)",brand_specific_aug
got a custom Ossur Rebound right um knee brace fitted at the sports medicine clinic,"Brace, right knee (Custom)",brand_specific_aug
Which category for a massage therapy session with a registered massage therapist?,Massage,question
Which category for a massage therapy session with a registered massage,Massage,question_aug
Which a for a massage therapy session with category registered massage therapist?,Massage,question_aug
Which category for basically a massage therapy session with a registered massage therapist?,Massage,question_aug
sessions with my RCC clinical counsellor through the Onyx Therapy Group,Clinical Counsellor,brand_specific
sessions with my RCC clinical counsellor the Onyx Therapy Group,Clinical Counsellor,brand_specific_aug
sessions the my RCC clinical counsellor through with Onyx Therapy Group,Clinical Counsellor,brand_specific_aug
sessions with my RCC clinical counsellor through the Onyx like Therapy Group,Clinical Counsellor,brand_specific_aug
CGM screen,Glucose Monitoring System Receiver,vague_turn1
CGM so screen,Glucose Monitoring System Receiver,vague_turn1_aug
special stockings | they measured my legs and made them to fit,"Compression Stockings, custom, any length",progressive
special stockings | they measured my legs and made them fit,"Compression Stockings, custom, any length",progressive_aug
special stockings | they legs my measured and made them to fit,"Compression Stockings, custom, any length",progressive_aug
just special stockings | they measured my legs and made them to fit,"Compression Stockings, custom, any length",progressive_aug
my son needs to claim his custom left knee brace after his hockey injury,"Brace, left knee (Custom)",parent_or_dependent
my son needs to claim his custom left knee brace his hockey injury,"Brace, left knee (Custom)",parent_or_dependent_aug
my his needs to claim son custom left knee brace after his hockey injury,"Brace, left knee (Custom)",parent_or_dependent_aug
my son needs to claim his custom left actually knee brace after his hockey injury,"Brace, left knee (Custom)",parent_or_dependent_aug
I bought those little needle things that prick your finger for blood sugar testing,Lancet,confused_student
I bought those little needle that prick your finger for blood sugar testing,Lancet,confused_student_aug
I prick those little needle things that bought your finger for blood sugar testing,Lancet,confused_student_aug
I bought those little needle things that prick your finger for blood actually sugar testing,Lancet,confused_student_aug
allergy test | blood drawn not skin prick | IgE panel,Blood test for Allergies (IG test not eligible),progressive
allergy test | blood not skin prick | IgE panel,Blood test for Allergies (IG test not eligible),progressive_aug
allergy test | panel drawn not skin prick | IgE blood,Blood test for Allergies (IG test not eligible),progressive_aug
allergy test like | blood drawn not skin prick | IgE panel,Blood test for Allergies (IG test not eligible),progressive_aug
brace from the orthotist,"Brace, AFO/KAFO (Custom)",vague_turn1
from brace the orthotist,"Brace, AFO/KAFO (Custom)",vague_turn1_aug
brace so from the orthotist,"Brace, AFO/KAFO (Custom)",vague_turn1_aug
special pillow | cervical | for my neck pain after whiplash,Cervical Pillow,progressive
special pillow | cervical | for neck pain after whiplash,Cervical Pillow,progressive_aug
special for | cervical | pillow my neck pain after whiplash,Cervical Pillow,progressive_aug
special pillow | cervical | for my basically neck pain after whiplash,Cervical Pillow,progressive_aug
meds,Drug,vague_turn1
meds just,Drug,vague_turn1_aug
Claiming a pair of standard axillary crutches with padded handgrips and underarm cushions,"Crutches, pair",detailed_clinical
Claiming a pair standard axillary crutches with padded handgrips and underarm cushions,"Crutches, pair",detailed_clinical_aug
pair a Claiming of standard axillary crutches with padded handgrips and underarm cushions,"Crutches, pair",detailed_clinical_aug
Claiming a pair basically of standard axillary crutches with padded handgrips and underarm cushions,"Crutches, pair",detailed_clinical_aug
Which category for permanent grab bars I had installed in my bathroom?,Grab Bar/Bath Bar - permanent fixtures (purchase),question
Which category for permanent grab bars I had installed in my,Grab Bar/Bath Bar - permanent fixtures (purchase),question_aug
Which category for in grab bars I had installed permanent my bathroom?,Grab Bar/Bath Bar - permanent fixtures (purchase),question_aug
Which category for permanent grab bars I um had installed in my bathroom?,Grab Bar/Bath Bar - permanent fixtures (purchase),question_aug
diagnostic not the standard ones,Other laboratory and diagnostic tests,partial_turn2
not the standard ones,Other laboratory and diagnostic tests,partial_turn2_aug
diagnostic not ones standard the,Other laboratory and diagnostic tests,partial_turn2_aug
diagnostic not the like standard ones,Other laboratory and diagnostic tests,partial_turn2_aug
my child sees an occupational therapist for fine motor skill development and sensory processing,Occupational Therapy,parent_or_dependent
my child sees an occupational therapist for fine motor skill development and sensory,Occupational Therapy,parent_or_dependent_aug
my child sees an occupational therapist for sensory motor skill development and fine processing,Occupational Therapy,parent_or_dependent_aug
basically my child sees an occupational therapist for fine motor skill development and sensory processing,Occupational Therapy,parent_or_dependent_aug
audiologist,Audiologist Services,vague_turn1
audiologist basically,Audiologist Services,vague_turn1_aug
"goes up to my knee, pretty firm","Compression Stockings, knee length (20-29 mmhg)",partial_turn2
"goes up my knee, pretty firm","Compression Stockings, knee length (20-29 mmhg)",partial_turn2_aug
"goes up to my knee, firm pretty","Compression Stockings, knee length (20-29 mmhg)",partial_turn2_aug
"um goes up to my knee, pretty firm","Compression Stockings, knee length (20-29 mmhg)",partial_turn2_aug
"full leg compression | thigh high | the strongest kind, for my lymphedema","Compression Stockings, thigh/full (30 mmhg & over)",progressive
"full compression | thigh high | the strongest kind, for my lymphedema","Compression Stockings, thigh/full (30 mmhg & over)",progressive_aug
"full leg compression for thigh high | the strongest kind, | my lymphedema","Compression Stockings, thigh/full (30 mmhg & over)",progressive_aug
"full leg compression | thigh high | the strongest kind, like for my lymphedema","Compression Stockings, thigh/full (30 mmhg & over)",progressive_aug
"I go to audiologist, she check hearing and help with my hearing machine",Audiologist Services,esl_speaker
"I go to audiologist, she check hearing help with my hearing machine",Audiologist Services,esl_speaker_aug
"I go to audiologist, she check hearing and my with help hearing machine",Audiologist Services,esl_speaker_aug
"I go just to audiologist, she check hearing and help with my hearing machine",Audiologist Services,esl_speaker_aug
transport wheelchair not self propelled,Transport Wheelchair,partial_turn2
transport wheelchair not self,Transport Wheelchair,partial_turn2_aug
wheelchair transport not self propelled,Transport Wheelchair,partial_turn2_aug
just transport wheelchair not self propelled,Transport Wheelchair,partial_turn2_aug
"the doctor make special brace for my foot and ankle, it is custom only for me, go from foot to below knee","Brace, AFO/KAFO (Custom)",esl_speaker
"the doctor make special for my foot and ankle, it is custom only for me, go from foot to below knee","Brace, AFO/KAFO (Custom)",esl_speaker_aug
"the doctor make special brace for my foot and ankle, it is custom only for below go from foot to me, knee","Brace, AFO/KAFO (Custom)",esl_speaker_aug
"um the doctor make special brace for my foot and ankle, it is custom only for me, go from foot to below knee","Brace, AFO/KAFO (Custom)",esl_speaker_aug
Which category for a skin prick or scratch test for allergies?,Scratch Test for Allergies,question
Which category for a skin prick or scratch test allergies?,Scratch Test for Allergies,question_aug
a category for Which skin prick or scratch test for allergies?,Scratch Test for Allergies,question_aug
Which category for a skin prick or scratch test for allergies? just,Scratch Test for Allergies,question_aug
walking cane,"Cane, standard",vague_turn1
basically walking cane,"Cane, standard",vague_turn1_aug
Where do I claim services from a certified audiologist?,Audiologist Services,question
Where do claim services from a certified audiologist?,Audiologist Services,question_aug
services do I claim Where from a certified audiologist?,Audiologist Services,question_aug
Where um do I claim services from a certified audiologist?,Audiologist Services,question_aug
"I'm diabetic so my doctor said I need regular foot care from a chiropodist, she trimmed my nails and treated a callus",Chiropody (Foot Care) Treatment,storyteller
"I'm diabetic so my doctor said I need regular foot care from a chiropodist, she trimmed my nails and a callus",Chiropody (Foot Care) Treatment,storyteller_aug
"I'm diabetic so my doctor and I need regular foot care from a chiropodist, she trimmed my nails said treated a callus",Chiropody (Foot Care) Treatment,storyteller_aug
"I'm diabetic actually so my doctor said I need regular foot care from a chiropodist, she trimmed my nails and treated a callus",Chiropody (Foot Care) Treatment,storyteller_aug
attaches to existing toilet,Raised Toilet seat (purchase),partial_turn2
toilet to existing attaches,Raised Toilet seat (purchase),partial_turn2_aug
attaches to existing like toilet,Raised Toilet seat (purchase),partial_turn2_aug
How do I submit a claim under the provincial replacement plan?,Provincial Replacement Plan,question
How do I submit a claim under the provincial plan?,Provincial Replacement Plan,question_aug
How submit I do a claim under the provincial replacement plan?,Provincial Replacement Plan,question_aug
How do I um submit a claim under the provincial replacement plan?,Provincial Replacement Plan,question_aug
for taking to appointments,Transport Wheelchair,partial_turn2
for taking appointments to,Transport Wheelchair,partial_turn2_aug
for taking to so appointments,Transport Wheelchair,partial_turn2_aug
I buy the knee sock with compression number 15 to 19 for my leg problem,"Compression Stockings, knee length (15-19 mmhg)",esl_speaker
I the knee sock with compression number 15 to 19 for my leg problem,"Compression Stockings, knee length (15-19 mmhg)",esl_speaker_aug
I buy the knee sock with compression number 15 19 to for my leg problem,"Compression Stockings, knee length (15-19 mmhg)",esl_speaker_aug
I buy the knee so sock with compression number 15 to 19 for my leg problem,"Compression Stockings, knee length (15-19 mmhg)",esl_speaker_aug
the ones fitted at the clinic,"Compression Stockings, custom, any length",vague_turn1
the fitted at the clinic,"Compression Stockings, custom, any length",vague_turn1_aug
the ones fitted at the clinic,"Compression Stockings, custom, any length",vague_turn1_aug
the so ones fitted at the clinic,"Compression Stockings, custom, any length",vague_turn1_aug
walker | has wheels and a seat,Walker - with wheels (purchase),progressive
| has wheels and a seat,Walker - with wheels (purchase),progressive_aug
has | walker wheels and a seat,Walker - with wheels (purchase),progressive_aug
walker | actually has wheels and a seat,Walker - with wheels (purchase),progressive_aug
Claiming specific IgE serum allergy testing panel for environmental and food allergen identification,Blood test for Allergies (IG test not eligible),detailed_clinical
Claiming specific IgE serum allergy testing for environmental and food allergen identification,Blood test for Allergies (IG test not eligible),detailed_clinical_aug
Claiming specific allergen serum allergy testing panel for environmental and food IgE identification,Blood test for Allergies (IG test not eligible),detailed_clinical_aug
Claiming specific IgE serum allergy like testing panel for environmental and food allergen identification,Blood test for Allergies (IG test not eligible),detailed_clinical_aug
rolling commode,Wheeled Commode (purchase),vague_turn1
um rolling commode,Wheeled Commode (purchase),vague_turn1_aug
"sends data to the receiver, it's separate from the sensor",Glucose Monitoring System Transmitter,partial_turn2
"sends data to receiver, it's separate from the sensor",Glucose Monitoring System Transmitter,partial_turn2_aug
"sensor data to the receiver, it's separate from the sends",Glucose Monitoring System Transmitter,partial_turn2_aug
"sends data basically to the receiver, it's separate from the sensor",Glucose Monitoring System Transmitter,partial_turn2_aug
had a full hearing evaluation with an audiologist at the Ottawa Audiology Clinic,Audiologist Services,brand_specific
had a full hearing evaluation with an audiologist at the Ottawa Audiology,Audiologist Services,brand_specific_aug
had a full hearing evaluation with an audiologist at Ottawa the Audiology Clinic,Audiologist Services,brand_specific_aug
had a full hearing evaluation with actually an audiologist at the Ottawa Audiology Clinic,Audiologist Services,brand_specific_aug
vitamin D test | blood drawn | doctor suspected deficiency,Vitamin D Test,progressive
vitamin D | blood drawn | doctor suspected deficiency,Vitamin D Test,progressive_aug
doctor D test | blood drawn | vitamin suspected deficiency,Vitamin D Test,progressive_aug
vitamin basically D test | blood drawn | doctor suspected deficiency,Vitamin D Test,progressive_aug
they put me in a soundproof room and played beeps to test my hearing,Audiometric Exam,confused_student
put me in a soundproof room and played beeps to test my hearing,Audiometric Exam,confused_student_aug
they me put in a soundproof room and played beeps to test my hearing,Audiometric Exam,confused_student_aug
they put me in a soundproof room and played beeps to just test my hearing,Audiometric Exam,confused_student_aug
I was just diagnosed with diabetes and my pharmacist helped me pick out a basic blood sugar meter that uses finger pricks,Blood glucose meter,storyteller
I was just diagnosed with diabetes and my pharmacist helped me pick out a basic blood sugar meter uses finger pricks,Blood glucose meter,storyteller_aug
I was just diagnosed with diabetes and my pharmacist a me pick out helped basic blood sugar meter that uses finger pricks,Blood glucose meter,storyteller_aug
I was just diagnosed with diabetes and my pharmacist helped me pick out a basic blood sugar meter that uses finger pricks actually,Blood glucose meter,storyteller_aug
cast,"Cast, fiberglass",vague_turn1
cast just,"Cast, fiberglass",vague_turn1_aug
osteopathic treatment | not chiropractic | for my hip pain,Osteopath,progressive
osteopathic treatment not chiropractic | for my hip pain,Osteopath,progressive_aug
osteopathic treatment not | chiropractic | for my hip pain,Osteopath,progressive_aug
osteopathic treatment | not chiropractic | for my hip pain so,Osteopath,progressive_aug
What's the right category for knee-length compression stockings at 30 mmHg or higher?,"Compression Stockings, knee length (30 mmhg & over)",question
What's the right category for knee-length compression stockings 30 mmHg or higher?,"Compression Stockings, knee length (30 mmhg & over)",question_aug
What's the right category for knee-length stockings compression at 30 mmHg or higher?,"Compression Stockings, knee length (30 mmhg & over)",question_aug
What's the right I think category for knee-length compression stockings at 30 mmHg or higher?,"Compression Stockings, knee length (30 mmhg & over)",question_aug
ear cleaning at hearing clinic,Other hearing services,partial_turn2
ear cleaning at hearing,Other hearing services,partial_turn2_aug
cleaning ear at hearing clinic,Other hearing services,partial_turn2_aug
ear cleaning at hearing clinic um,Other hearing services,partial_turn2_aug
toilet seat riser | attaches to toilet | after my hip replacement,Raised Toilet seat (purchase),progressive
toilet seat riser | attaches to toilet | after hip replacement,Raised Toilet seat (purchase),progressive_aug
toilet hip riser | attaches to toilet | after my seat replacement,Raised Toilet seat (purchase),progressive_aug
toilet seat riser | attaches to toilet | after my hip replacement so,Raised Toilet seat (purchase),progressive_aug
cold therapy wrap,Cold Therapy - Re-usable Items (purchase),partial_turn2
cold therapy um wrap,Cold Therapy - Re-usable Items (purchase),partial_turn2_aug
the medela pump,Breast Pump (purchase),partial_turn2
like the medela pump,Breast Pump (purchase),partial_turn2_aug
has her MSW,Social Worker (Masters level),partial_turn2
has I think her MSW,Social Worker (Masters level),partial_turn2_aug
I went to someone who cracked my back and adjusted my spine,Chiropractic,confused_student
I to someone who cracked my back and adjusted my spine,Chiropractic,confused_student_aug
I and to someone who cracked my back went adjusted my spine,Chiropractic,confused_student_aug
I went to someone who cracked my back and so adjusted my spine,Chiropractic,confused_student_aug
rolling toilet chair,Wheeled Commode (purchase),partial_turn2
rolling um toilet chair,Wheeled Commode (purchase),partial_turn2_aug
mammogram,Mammogram,vague_turn1
so mammogram,Mammogram,vague_turn1_aug
authorized cannabis | doctor gave me the authorization | licensed producer,Medical Cannabis,progressive
cannabis | doctor gave me the authorization | licensed producer,Medical Cannabis,progressive_aug
authorized doctor | cannabis gave me the authorization | licensed producer,Medical Cannabis,progressive_aug
authorized cannabis just | doctor gave me the authorization | licensed producer,Medical Cannabis,progressive_aug
getting thigh-high 15 mmhg compression stockings for my pregnant wife,"Compression Stockings, thigh/full (15-19 mmhg)",parent_or_dependent
getting thigh-high 15 mmhg compression stockings for pregnant wife,"Compression Stockings, thigh/full (15-19 mmhg)",parent_or_dependent_aug
getting thigh-high my mmhg compression stockings for 15 pregnant wife,"Compression Stockings, thigh/full (15-19 mmhg)",parent_or_dependent_aug
getting thigh-high just 15 mmhg compression stockings for my pregnant wife,"Compression Stockings, thigh/full (15-19 mmhg)",parent_or_dependent_aug
physio appointment | injury recovery | post surgical rehab,Physiotherapy,progressive
appointment | injury recovery | post surgical rehab,Physiotherapy,progressive_aug
| appointment | injury recovery physio post surgical rehab,Physiotherapy,progressive_aug
physio appointment | injury I think recovery | post surgical rehab,Physiotherapy,progressive_aug
"the armpit ones, a pair","Crutches, pair",partial_turn2
"the armpit ones, pair","Crutches, pair",partial_turn2_aug
"the armpit pair a ones,","Crutches, pair",partial_turn2_aug
"the armpit ones, a actually pair","Crutches, pair",partial_turn2_aug
"footless, just goes up the leg","Compression Calf Sleeves/Tights (footless), any length",partial_turn2
"footless, just goes the leg","Compression Calf Sleeves/Tights (footless), any length",partial_turn2_aug
"leg just goes up the footless,","Compression Calf Sleeves/Tights (footless), any length",partial_turn2_aug
"footless, just goes up the basically leg","Compression Calf Sleeves/Tights (footless), any length",partial_turn2_aug
safety rails for the mattress,Bed Rails (purchase),partial_turn2
safety rails for the,Bed Rails (purchase),partial_turn2_aug
safety mattress for the rails,Bed Rails (purchase),partial_turn2_aug
um safety rails for the mattress,Bed Rails (purchase),partial_turn2_aug
the frame around the toilet,Versa Frame (purchase),vague_turn1
the frame around the,Versa Frame (purchase),vague_turn1_aug
toilet frame around the the,Versa Frame (purchase),vague_turn1_aug
the just frame around the toilet,Versa Frame (purchase),vague_turn1_aug
special shoes,Orthopaedic or custom made shoes,vague_turn1
special like shoes,Orthopaedic or custom made shoes,vague_turn1_aug
"elbow crutch, permanent use",Forearm Crutch (purchase),partial_turn2
"elbow permanent crutch, use",Forearm Crutch (purchase),partial_turn2_aug
"elbow just crutch, permanent use",Forearm Crutch (purchase),partial_turn2_aug
Filing for skilled in-home personal support worker services for post-operative activities of daily living assistance,In Home Support Services,detailed_clinical
Filing for skilled in-home personal support worker services for post-operative of daily living assistance,In Home Support Services,detailed_clinical_aug
Filing for skilled in-home personal assistance worker services for post-operative activities of daily living support,In Home Support Services,detailed_clinical_aug
Filing for skilled in-home personal support worker actually services for post-operative activities of daily living assistance,In Home Support Services,detailed_clinical_aug
wheeled commode,Wheeled Commode (purchase),vague_turn1
so wheeled commode,Wheeled Commode (purchase),vague_turn1_aug
I see someone who helps me talk better after my stroke,Speech Therapy,confused_student
I see someone helps me talk better after my stroke,Speech Therapy,confused_student_aug
I who someone see helps me talk better after my stroke,Speech Therapy,confused_student_aug
I see someone who helps me talk better after my stroke um,Speech Therapy,confused_student_aug
stoma supplies,Ostomy,vague_turn1
um stoma supplies,Ostomy,vague_turn1_aug
Claiming a gadolinium-enhanced MRI of the lumbar spine for intervertebral disc herniation evaluation,MRI (Magnetic Resonance Imaging),detailed_clinical
Claiming a gadolinium-enhanced of the lumbar spine for intervertebral disc herniation evaluation,MRI (Magnetic Resonance Imaging),detailed_clinical_aug
Claiming spine gadolinium-enhanced MRI of the lumbar a for intervertebral disc herniation evaluation,MRI (Magnetic Resonance Imaging),detailed_clinical_aug
Claiming a gadolinium-enhanced MRI of the lumbar spine for um intervertebral disc herniation evaluation,MRI (Magnetic Resonance Imaging),detailed_clinical_aug
post surgery bra,Mastectomy bra,vague_turn1
um post surgery bra,Mastectomy bra,vague_turn1_aug
booked my wife's sessions with a dietitian through Revive Wellness for postpartum nutrition,Dietitian Services,parent_or_dependent
booked my sessions with a dietitian through Revive Wellness for postpartum nutrition,Dietitian Services,parent_or_dependent_aug
booked my wife's Wellness with a dietitian through Revive sessions for postpartum nutrition,Dietitian Services,parent_or_dependent_aug
booked my wife's sessions with a dietitian I think through Revive Wellness for postpartum nutrition,Dietitian Services,parent_or_dependent_aug
tuberculosis test,TB Test/Mantoux,vague_turn1
tuberculosis so test,TB Test/Mantoux,vague_turn1_aug
"I filed under 'Psychologist' but my therapist is a registered psychotherapist, not a psychologist",Psychotherapist,wrong_guess
"I filed 'Psychologist' but my therapist is a registered psychotherapist, not a psychologist",Psychotherapist,wrong_guess_aug
"I filed under 'Psychologist' but my therapist not a registered psychotherapist, is a psychologist",Psychotherapist,wrong_guess_aug
"I filed under just 'Psychologist' but my therapist is a registered psychotherapist, not a psychologist",Psychotherapist,wrong_guess_aug
wide base cane,Quad Cane (purchase),vague_turn1
wide base so cane,Quad Cane (purchase),vague_turn1_aug
stationary commode not wheeled,Stationary Commode (purchase),partial_turn2
stationary wheeled not commode,Stationary Commode (purchase),partial_turn2_aug
stationary basically commode not wheeled,Stationary Commode (purchase),partial_turn2_aug
purchased a Drive Medical adjustable IV pole for my husband's home IV therapy,IV Stand (purchase),brand_specific
purchased a Drive Medical adjustable IV pole for my husband's home therapy,IV Stand (purchase),brand_specific_aug
husband's a Drive Medical adjustable IV pole for my purchased home IV therapy,IV Stand (purchase),brand_specific_aug
purchased a Drive Medical I think adjustable IV pole for my husband's home IV therapy,IV Stand (purchase),brand_specific_aug
custom made for my left knee,"Brace, left knee (Custom)",partial_turn2
made for my left knee,"Brace, left knee (Custom)",partial_turn2_aug
custom made for knee left my,"Brace, left knee (Custom)",partial_turn2_aug
custom made for I think my left knee,"Brace, left knee (Custom)",partial_turn2_aug
strong compression stockings,"Compression Stockings, thigh/full (30 mmhg & over)",vague_turn1
strong compression I think stockings,"Compression Stockings, thigh/full (30 mmhg & over)",vague_turn1_aug
social worker,Social Worker (Masters level),vague_turn1
social like worker,Social Worker (Masters level),vague_turn1_aug
"these are NOT custom, just regular off-the-shelf shoe inserts, don't know why the categories make it so confusing",Standard foot orthotics or shoe inserts,complaint
"these are NOT custom, just off-the-shelf shoe inserts, don't know why the categories make it so confusing",Standard foot orthotics or shoe inserts,complaint_aug
"these are NOT custom, just shoe off-the-shelf regular inserts, don't know why the categories make it so confusing",Standard foot orthotics or shoe inserts,complaint_aug
"these are um NOT custom, just regular off-the-shelf shoe inserts, don't know why the categories make it so confusing",Standard foot orthotics or shoe inserts,complaint_aug
unusual test not in categories,Other laboratory and diagnostic tests,partial_turn2
unusual test not in,Other laboratory and diagnostic tests,partial_turn2_aug
unusual in not test categories,Other laboratory and diagnostic tests,partial_turn2_aug
unusual test not in um categories,Other laboratory and diagnostic tests,partial_turn2_aug
physio told me to get this pillow,Cervical Pillow,partial_turn2
physio told me to get this,Cervical Pillow,partial_turn2_aug
physio told to me get this pillow,Cervical Pillow,partial_turn2_aug
just physio told me to get this pillow,Cervical Pillow,partial_turn2_aug
"I go for therapy but my therapist is not psychologist or social worker, she do different type, art therapy",Other mental health services,esl_speaker
"I go for therapy but my therapist is not psychologist or social worker, do different type, art therapy",Other mental health services,esl_speaker_aug
"I go for therapy but my therapist therapy not psychologist or social worker, she do different type, art is",Other mental health services,esl_speaker_aug
"I go for therapy but my therapist is not psychologist um or social worker, she do different type, art therapy",Other mental health services,esl_speaker_aug
had custom orthopedic shoes made by P.W. Minor through my pedorthist at SoleFit,Orthopaedic or custom made shoes,brand_specific
had custom orthopedic shoes made by P.W. Minor through pedorthist at SoleFit,Orthopaedic or custom made shoes,brand_specific_aug
had custom orthopedic my made by P.W. Minor through shoes pedorthist at SoleFit,Orthopaedic or custom made shoes,brand_specific_aug
had custom like orthopedic shoes made by P.W. Minor through my pedorthist at SoleFit,Orthopaedic or custom made shoes,brand_specific_aug
manual insulin gun device,Insulin Gun (manual),terse
insulin manual gun device,Insulin Gun (manual),terse_aug
basically manual insulin gun device,Insulin Gun (manual),terse_aug
glasses,Prescription Glasses,vague_turn1
glasses just,Prescription Glasses,vague_turn1_aug
seeing a social worker | she has a BSW not MSW,Social Worker (Bachelors),progressive
seeing a social worker | she has a not MSW,Social Worker (Bachelors),progressive_aug
has a social worker | she seeing a BSW not MSW,Social Worker (Bachelors),progressive_aug
seeing a social worker | she has a um BSW not MSW,Social Worker (Bachelors),progressive_aug
My optometrist noticed something during my exam and ordered a retinal OCT scan and visual field test to check for early glaucoma,Diagnostic Vision Test,storyteller
My optometrist noticed something during my exam and ordered a retinal OCT scan and visual test to check for early glaucoma,Diagnostic Vision Test,storyteller_aug
My optometrist noticed visual during my exam and ordered a retinal OCT scan and something field test to check for early glaucoma,Diagnostic Vision Test,storyteller_aug
My optometrist noticed something during my exam and ordered a retinal OCT scan and visual I think field test to check for early glaucoma,Diagnostic Vision Test,storyteller_aug
Where do I file a claim for a walker that has wheels and a seat?,Walker - with wheels (purchase),question
Where I file a claim for a walker that has wheels and a seat?,Walker - with wheels (purchase),question_aug
Where do I file a claim for a and that has wheels walker a seat?,Walker - with wheels (purchase),question_aug
just Where do I file a claim for a walker that has wheels and a seat?,Walker - with wheels (purchase),question_aug
shoe inserts,Standard foot orthotics or shoe inserts,vague_turn1
shoe inserts um,Standard foot orthotics or shoe inserts,vague_turn1_aug
purchased a Medline Guardian toilet safety frame from Medical Mart,Versa Frame (purchase),brand_specific
purchased a Medline toilet safety frame from Medical Mart,Versa Frame (purchase),brand_specific_aug
purchased a safety Guardian toilet Medline frame from Medical Mart,Versa Frame (purchase),brand_specific_aug
purchased a Medline Guardian I think toilet safety frame from Medical Mart,Versa Frame (purchase),brand_specific_aug
mobility thing | the simple kind | no wheels just a frame,Walker - non wheeled (purchase),progressive
mobility thing | the simple kind | no wheels just frame,Walker - non wheeled (purchase),progressive_aug
thing mobility | the simple kind | no wheels just a frame,Walker - non wheeled (purchase),progressive_aug
mobility thing | the simple kind | just no wheels just a frame,Walker - non wheeled (purchase),progressive_aug
PSA screening annual,PSA Test (Prostate Specific Antigen),partial_turn2
PSA screening I think annual,PSA Test (Prostate Specific Antigen),partial_turn2_aug
I got little devices that go in my ears to help me hear better,Hearing Aids,confused_student
I got little devices that go in my ears to help hear better,Hearing Aids,confused_student_aug
I got little devices that go in to ears my help me hear better,Hearing Aids,confused_student_aug
I got little devices that go in my ears to help like me hear better,Hearing Aids,confused_student_aug
muscle stimulator,"Stimulator, muscle/nerve (TENS)",vague_turn1
um muscle stimulator,"Stimulator, muscle/nerve (TENS)",vague_turn1_aug
"my shoe is change by foot doctor, he add special part inside, not new shoe, just change old shoe",Other foot care services (i.e. orthopedic shoe modification),esl_speaker
"my shoe is change by foot doctor, he add special part inside, not new just change old shoe",Other foot care services (i.e. orthopedic shoe modification),esl_speaker_aug
"my shoe is change not foot doctor, he add special part inside, by new shoe, just change old shoe",Other foot care services (i.e. orthopedic shoe modification),esl_speaker_aug
"my shoe is change by actually foot doctor, he add special part inside, not new shoe, just change old shoe",Other foot care services (i.e. orthopedic shoe modification),esl_speaker_aug
the walking support thing,Walker - non wheeled (purchase),vague_turn1
the walking thing support,Walker - non wheeled (purchase),vague_turn1_aug
the walking support just thing,Walker - non wheeled (purchase),vague_turn1_aug
Claiming a subscription to a clinician-guided internet-delivered cognitive behavioural therapy program for generalized anxiety disorder,Digital Cognitive Behavioural Therapy,detailed_clinical
Claiming a subscription to a clinician-guided internet-delivered cognitive behavioural therapy for generalized anxiety disorder,Digital Cognitive Behavioural Therapy,detailed_clinical_aug
anxiety a subscription to a clinician-guided internet-delivered cognitive behavioural therapy program for generalized Claiming disorder,Digital Cognitive Behavioural Therapy,detailed_clinical_aug
Claiming a um subscription to a clinician-guided internet-delivered cognitive behavioural therapy program for generalized anxiety disorder,Digital Cognitive Behavioural Therapy,detailed_clinical_aug
bedside commode | stationary | for my recovery | can't walk far,Stationary Commode (purchase),progressive
bedside commode | stationary | for my recovery | can't walk,Stationary Commode (purchase),progressive_aug
bedside commode | stationary | | my recovery for can't walk far,Stationary Commode (purchase),progressive_aug
so bedside commode | stationary | for my recovery | can't walk far,Stationary Commode (purchase),progressive_aug
had a podiatry appointment at Ottawa Foot Clinic with Dr. Smith DPM,Podiatry Treatment,brand_specific
had a podiatry appointment at Ottawa Clinic with Dr. Smith DPM,Podiatry Treatment,brand_specific_aug
had a podiatry appointment Dr. Ottawa Foot Clinic with at Smith DPM,Podiatry Treatment,brand_specific_aug
had a podiatry appointment at Ottawa Foot Clinic like with Dr. Smith DPM,Podiatry Treatment,brand_specific_aug
private imaging clinic,MRI (Magnetic Resonance Imaging),partial_turn2
private actually imaging clinic,MRI (Magnetic Resonance Imaging),partial_turn2_aug
manual osteopathic treatment,Osteopath,partial_turn2
like manual osteopathic treatment,Osteopath,partial_turn2_aug
"I put this under 'Psychotherapist' but it's actually a digital CBT platform, not in-person sessions",Digital Cognitive Behavioural Therapy,wrong_guess
"I put this under 'Psychotherapist' but it's actually a digital CBT platform, not in-person",Digital Cognitive Behavioural Therapy,wrong_guess_aug
"I put this under 'Psychotherapist' platform, it's actually a digital CBT but not in-person sessions",Digital Cognitive Behavioural Therapy,wrong_guess_aug
"I like put this under 'Psychotherapist' but it's actually a digital CBT platform, not in-person sessions",Digital Cognitive Behavioural Therapy,wrong_guess_aug
claiming MSW social worker sessions booked through BetterHelp,Social Worker (Masters level),brand_specific
claiming MSW social worker sessions through BetterHelp,Social Worker (Masters level),brand_specific_aug
BetterHelp MSW social worker sessions booked through claiming,Social Worker (Masters level),brand_specific_aug
claiming MSW social worker sessions booked so through BetterHelp,Social Worker (Masters level),brand_specific_aug
social work | not masters level | bachelor degree,Social Worker (Bachelors),progressive
social work | not masters level | degree,Social Worker (Bachelors),progressive_aug
level work | not masters social | bachelor degree,Social Worker (Bachelors),progressive_aug
social work | not masters I think level | bachelor degree,Social Worker (Bachelors),progressive_aug
blood sugar device,Blood glucose meter,vague_turn1
like blood sugar device,Blood glucose meter,vague_turn1_aug
breast pump,Breast Pump (purchase),vague_turn1
breast pump actually,Breast Pump (purchase),vague_turn1_aug
"compression sleeve | footless kind, just the calf","Compression Calf Sleeves/Tights (footless), any length",progressive
"compression sleeve | kind, just the calf","Compression Calf Sleeves/Tights (footless), any length",progressive_aug
"compression sleeve calf footless kind, just the |","Compression Calf Sleeves/Tights (footless), any length",progressive_aug
"compression sleeve | like footless kind, just the calf","Compression Calf Sleeves/Tights (footless), any length",progressive_aug
"I went to a therapist who does music therapy, I can't find a category for that",Other mental health services,confused_student
"I went to therapist who does music therapy, I can't find a category for that",Other mental health services,confused_student_aug
"I went to a therapist who does music therapy, I can't that a category for find",Other mental health services,confused_student_aug
"I went to a therapist who actually does music therapy, I can't find a category for that",Other mental health services,confused_student_aug
dental visit | filling and xrays | routine appointment,Dental Services,progressive
dental visit | and xrays | routine appointment,Dental Services,progressive_aug
dental visit | filling and appointment | routine xrays,Dental Services,progressive_aug
dental visit | filling like and xrays | routine appointment,Dental Services,progressive_aug
dietitian | registered RD | for my diabetes meal planning,Dietitian Services,progressive
dietitian | registered RD | for diabetes meal planning,Dietitian Services,progressive_aug
| | registered RD dietitian for my diabetes meal planning,Dietitian Services,progressive_aug
dietitian so | registered RD | for my diabetes meal planning,Dietitian Services,progressive_aug
lab test | unusual | not the standard blood work categories,Other laboratory and diagnostic tests,progressive
lab test | unusual | the standard blood work categories,Other laboratory and diagnostic tests,progressive_aug
lab test | unusual | not the categories blood work standard,Other laboratory and diagnostic tests,progressive_aug
lab test | unusual | not the standard like blood work categories,Other laboratory and diagnostic tests,progressive_aug
accessories for my sleep machine,"CPAP, APAP, BIPAP Supplies",vague_turn1
for my sleep machine,"CPAP, APAP, BIPAP Supplies",vague_turn1_aug
accessories for sleep my machine,"CPAP, APAP, BIPAP Supplies",vague_turn1_aug
accessories for my like sleep machine,"CPAP, APAP, BIPAP Supplies",vague_turn1_aug
prescription medication rx claim,Drug,terse
prescription medication claim rx,Drug,terse_aug
I think prescription medication rx claim,Drug,terse_aug
"firm compression, knee high","Compression Stockings, knee length (20-29 mmhg)",partial_turn2
"high compression, knee firm","Compression Stockings, knee length (20-29 mmhg)",partial_turn2_aug
"um firm compression, knee high","Compression Stockings, knee length (20-29 mmhg)",partial_turn2_aug
OT occupational therapy,Occupational Therapy,terse
OT so occupational therapy,Occupational Therapy,terse_aug
Do I pick the 20-29 mmHg knee-length option for stockings rated at 25?,"Compression Stockings, knee length (20-29 mmhg)",question
Do pick the 20-29 mmHg knee-length option for stockings rated at 25?,"Compression Stockings, knee length (20-29 mmhg)",question_aug
Do pick I the 20-29 mmHg knee-length option for stockings rated at 25?,"Compression Stockings, knee length (20-29 mmhg)",question_aug
Do I pick the basically 20-29 mmHg knee-length option for stockings rated at 25?,"Compression Stockings, knee length (20-29 mmhg)",question_aug
the handheld reader not the sensor,Glucose Monitoring System Receiver,partial_turn2
the handheld reader not the,Glucose Monitoring System Receiver,partial_turn2_aug
the not reader handheld the sensor,Glucose Monitoring System Receiver,partial_turn2_aug
the actually handheld reader not the sensor,Glucose Monitoring System Receiver,partial_turn2_aug
Which category for a fiberglass cast I had applied at the hospital?,"Cast, fiberglass",question
Which category for fiberglass cast I had applied at the hospital?,"Cast, fiberglass",question_aug
Which category for a fiberglass cast I had the at applied hospital?,"Cast, fiberglass",question_aug
so Which category for a fiberglass cast I had applied at the hospital?,"Cast, fiberglass",question_aug
registered athletic therapist,Athletic Therapy,partial_turn2
registered athletic therapist just,Athletic Therapy,partial_turn2_aug
ultrasound,Ultrasound,vague_turn1
um ultrasound,Ultrasound,vague_turn1_aug
walking cane basic,"Cane, standard",terse
walking cane um basic,"Cane, standard",terse_aug
the sleeve thing for my calf,"Compression Calf Sleeves/Tights (footless), any length",vague_turn1
the sleeve thing my calf,"Compression Calf Sleeves/Tights (footless), any length",vague_turn1_aug
calf sleeve thing for my the,"Compression Calf Sleeves/Tights (footless), any length",vague_turn1_aug
the sleeve I think thing for my calf,"Compression Calf Sleeves/Tights (footless), any length",vague_turn1_aug
BP cuff | automatic | for my hypertension management at home,Blood pressure monitor,progressive
BP | automatic | for my hypertension management at home,Blood pressure monitor,progressive_aug
automatic cuff | BP | for my hypertension management at home,Blood pressure monitor,progressive_aug
BP cuff | automatic | for my hypertension just management at home,Blood pressure monitor,progressive_aug
quad cane 4-foot base,Quad Cane (purchase),terse
quad 4-foot cane base,Quad Cane (purchase),terse_aug
quad cane 4-foot base so,Quad Cane (purchase),terse_aug
seeing a social worker,Social Worker (Bachelors),vague_turn1
seeing social a worker,Social Worker (Bachelors),vague_turn1_aug
seeing a social worker just,Social Worker (Bachelors),vague_turn1_aug
custom made for my right knee,"Brace, right knee (Custom)",partial_turn2
custom made for my right,"Brace, right knee (Custom)",partial_turn2_aug
custom made for my knee right,"Brace, right knee (Custom)",partial_turn2_aug
custom made for um my right knee,"Brace, right knee (Custom)",partial_turn2_aug
What category for a cane with a four-pronged base?,Quad Cane (purchase),question
What category for a with a four-pronged base?,Quad Cane (purchase),question_aug
What category cane a for with a four-pronged base?,Quad Cane (purchase),question_aug
What category actually for a cane with a four-pronged base?,Quad Cane (purchase),question_aug
physio for my injury recovery,Physiotherapy,partial_turn2
physio for injury recovery,Physiotherapy,partial_turn2_aug
physio injury my for recovery,Physiotherapy,partial_turn2_aug
physio for so my injury recovery,Physiotherapy,partial_turn2_aug
Which category for a visit with a naturopathic doctor?,Naturopathic Treatment,question
category for a visit with a naturopathic doctor?,Naturopathic Treatment,question_aug
Which category with a visit for a naturopathic doctor?,Naturopathic Treatment,question_aug
Which category for a um visit with a naturopathic doctor?,Naturopathic Treatment,question_aug
ordered a 3-pack of Dexcom G7 sensors from Diabetes Express,Glucose Monitoring System Supplies/Sensors,brand_specific
ordered a of Dexcom G7 sensors from Diabetes Express,Glucose Monitoring System Supplies/Sensors,brand_specific_aug
ordered a Express of Dexcom G7 sensors from Diabetes 3-pack,Glucose Monitoring System Supplies/Sensors,brand_specific_aug
ordered a 3-pack of Dexcom G7 sensors from so Diabetes Express,Glucose Monitoring System Supplies/Sensors,brand_specific_aug
taking my mom to the podiatrist for her bunion treatment and need to claim it,Podiatry Treatment,parent_or_dependent
taking my to the podiatrist for her bunion treatment and need to claim it,Podiatry Treatment,parent_or_dependent_aug
taking my claim to the podiatrist for her bunion treatment and need to mom it,Podiatry Treatment,parent_or_dependent_aug
taking my mom to I think the podiatrist for her bunion treatment and need to claim it,Podiatry Treatment,parent_or_dependent_aug
"I got the strongest knee socks my doctor prescribed, they're really hard to put on, I think 30-40 pressure","Compression Stockings, knee length (30 mmhg & over)",confused_student
"I got the strongest knee socks my prescribed, they're really hard to put on, I think 30-40 pressure","Compression Stockings, knee length (30 mmhg & over)",confused_student_aug
"I strongest the got knee socks my doctor prescribed, they're really hard to put on, I think 30-40 pressure","Compression Stockings, knee length (30 mmhg & over)",confused_student_aug
"I got the strongest knee socks my doctor prescribed, they're like really hard to put on, I think 30-40 pressure","Compression Stockings, knee length (30 mmhg & over)",confused_student_aug
shoe alteration for my leg length difference,Other foot care services (i.e. orthopedic shoe modification),partial_turn2
shoe for my leg length difference,Other foot care services (i.e. orthopedic shoe modification),partial_turn2_aug
shoe alteration my for leg length difference,Other foot care services (i.e. orthopedic shoe modification),partial_turn2_aug
shoe alteration for my leg I think length difference,Other foot care services (i.e. orthopedic shoe modification),partial_turn2_aug
claiming hearing aid batteries and cleaning service for my father's devices,Other hearing services,parent_or_dependent
claiming hearing aid and cleaning service for my father's devices,Other hearing services,parent_or_dependent_aug
my hearing aid batteries and cleaning service for claiming father's devices,Other hearing services,parent_or_dependent_aug
claiming hearing aid batteries and cleaning service for my father's so devices,Other hearing services,parent_or_dependent_aug
"Submitting a receipt for a prefabricated hinged knee stabilizer brace, non-custom, OTC purchase",Brace (Non-custom),detailed_clinical
"Submitting a receipt for a hinged knee stabilizer brace, non-custom, OTC purchase",Brace (Non-custom),detailed_clinical_aug
"Submitting a prefabricated for a receipt hinged knee stabilizer brace, non-custom, OTC purchase",Brace (Non-custom),detailed_clinical_aug
"Submitting a receipt for a prefabricated hinged like knee stabilizer brace, non-custom, OTC purchase",Brace (Non-custom),detailed_clinical_aug
"brace is custom make for right knee only, orthotist take measurement of right leg","Brace, right knee (Custom)",esl_speaker
"brace is make for right knee only, orthotist take measurement of right leg","Brace, right knee (Custom)",esl_speaker_aug
"brace is custom make orthotist right knee only, for take measurement of right leg","Brace, right knee (Custom)",esl_speaker_aug
"brace basically is custom make for right knee only, orthotist take measurement of right leg","Brace, right knee (Custom)",esl_speaker_aug
wheelchair,Transport Wheelchair,vague_turn1
wheelchair um,Transport Wheelchair,vague_turn1_aug
commode chair,Stationary Commode (purchase),vague_turn1
um commode chair,Stationary Commode (purchase),vague_turn1_aug
My dad has trouble walking long distances so I got him a nice rollator with a seat so he can rest when he gets tired,Walker - with wheels (purchase),storyteller
My dad has trouble walking long distances so I got a nice rollator with a seat so he can rest when he gets tired,Walker - with wheels (purchase),storyteller_aug
walking dad has trouble My long distances so I got him a nice rollator with a seat so he can rest when he gets tired,Walker - with wheels (purchase),storyteller_aug
My dad has trouble walking long distances so I got him a nice rollator with a seat so he can rest when he like gets tired,Walker - with wheels (purchase),storyteller_aug
my doctor ordered blood work specifically to check my vitamin D levels,Vitamin D Test,confused_student
my doctor ordered blood work specifically to check vitamin D levels,Vitamin D Test,confused_student_aug
my doctor ordered blood work D to check my vitamin specifically levels,Vitamin D Test,confused_student_aug
my doctor ordered blood work specifically to check my vitamin D so levels,Vitamin D Test,confused_student_aug
sterile wipes,Alcohol swabs,vague_turn1
sterile so wipes,Alcohol swabs,vague_turn1_aug
CPAP machine purchase,"CPAP, APAP, BIPAP Machine",terse
CPAP actually machine purchase,"CPAP, APAP, BIPAP Machine",terse_aug
podiatrist visit,Podiatry Treatment,vague_turn1
podiatrist visit just,Podiatry Treatment,vague_turn1_aug
claiming a Trudell AeroChamber Plus Flow-Vu spacer from Shoppers Drug Mart,Aerochamber,brand_specific
claiming a Trudell AeroChamber Plus Flow-Vu spacer Shoppers Drug Mart,Aerochamber,brand_specific_aug
claiming Flow-Vu Trudell AeroChamber Plus a spacer from Shoppers Drug Mart,Aerochamber,brand_specific_aug
claiming a Trudell AeroChamber Plus Flow-Vu spacer from Shoppers Drug Mart um,Aerochamber,brand_specific_aug
"I buy walker that have wheel, you push and it roll, also has chair to sit",Walker - with wheels (purchase),esl_speaker
"I walker that have wheel, you push and it roll, also has chair to sit",Walker - with wheels (purchase),esl_speaker_aug
"I buy walker that roll, wheel, you push and it have also has chair to sit",Walker - with wheels (purchase),esl_speaker_aug
"I buy walker so that have wheel, you push and it roll, also has chair to sit",Walker - with wheels (purchase),esl_speaker_aug
"registered psychologist, has a doctorate",Psychologist,partial_turn2
"psychologist, has a doctorate",Psychologist,partial_turn2_aug
"registered a has psychologist, doctorate",Psychologist,partial_turn2_aug
"registered psychologist, has so a doctorate",Psychologist,partial_turn2_aug
coordination of benefits,Provincial Replacement Plan,vague_turn1
so coordination of benefits,Provincial Replacement Plan,vague_turn1_aug
the toilet thing for bed,Bedpan,vague_turn1
toilet thing for bed,Bedpan,vague_turn1_aug
the bed thing for toilet,Bedpan,vague_turn1_aug
the toilet thing for like bed,Bedpan,vague_turn1_aug
purchased a Drive Medical 3-in-1 wheeled commode from Medichair,Wheeled Commode (purchase),brand_specific
purchased a Drive 3-in-1 wheeled commode from Medichair,Wheeled Commode (purchase),brand_specific_aug
purchased a Drive 3-in-1 Medical wheeled commode from Medichair,Wheeled Commode (purchase),brand_specific_aug
basically purchased a Drive Medical 3-in-1 wheeled commode from Medichair,Wheeled Commode (purchase),brand_specific_aug
"the strongest kind, knee length","Compression Stockings, knee length (30 mmhg & over)",partial_turn2
"the strongest kind, knee","Compression Stockings, knee length (30 mmhg & over)",partial_turn2_aug
"knee strongest kind, the length","Compression Stockings, knee length (30 mmhg & over)",partial_turn2_aug
"the strongest kind, knee um length","Compression Stockings, knee length (30 mmhg & over)",partial_turn2_aug
overnight test,Sleep Study,vague_turn1
um overnight test,Sleep Study,vague_turn1_aug
"I chose 'thigh/full 30 and over' but my receipt says 25 mmhg, wrong category","Compression Stockings, thigh/full (20-29 mmhg)",wrong_guess
"I chose 'thigh/full 30 and but my receipt says 25 mmhg, wrong category","Compression Stockings, thigh/full (20-29 mmhg)",wrong_guess_aug
"I chose 'thigh/full 30 and over' but my receipt category 25 mmhg, wrong says","Compression Stockings, thigh/full (20-29 mmhg)",wrong_guess_aug
"I chose 'thigh/full 30 and over' but my basically receipt says 25 mmhg, wrong category","Compression Stockings, thigh/full (20-29 mmhg)",wrong_guess_aug
"the sensor patches, continuous monitor",Glucose Monitoring System Supplies/Sensors,partial_turn2
the sensor continuous monitor,Glucose Monitoring System Supplies/Sensors,partial_turn2_aug
"the continuous patches, sensor monitor",Glucose Monitoring System Supplies/Sensors,partial_turn2_aug
"the sensor patches, continuous monitor actually",Glucose Monitoring System Supplies/Sensors,partial_turn2_aug
"I buy brace for my ankle at store, it is not special made, just regular one",Brace (Non-custom),esl_speaker
"I buy brace for my ankle at store, it is not special made, regular one",Brace (Non-custom),esl_speaker_aug
"I buy brace for my ankle special store, it is not at made, just regular one",Brace (Non-custom),esl_speaker_aug
"I buy brace for my ankle at store, it is not basically special made, just regular one",Brace (Non-custom),esl_speaker_aug
"Claiming a chiropody treatment session including nail care, callus debridement, and biomechanical assessment",Chiropody (Foot Care) Treatment,detailed_clinical
"Claiming a chiropody treatment including nail care, callus debridement, and biomechanical assessment",Chiropody (Foot Care) Treatment,detailed_clinical_aug
"Claiming a chiropody treatment session assessment nail care, callus debridement, and biomechanical including",Chiropody (Foot Care) Treatment,detailed_clinical_aug
"Claiming a chiropody treatment um session including nail care, callus debridement, and biomechanical assessment",Chiropody (Foot Care) Treatment,detailed_clinical_aug
custom molded ear plugs,Ear Plugs (custom made),terse
plugs molded ear custom,Ear Plugs (custom made),terse_aug
custom molded ear just plugs,Ear Plugs (custom made),terse_aug
adult briefs and bed pads,Incontinence Supplies,partial_turn2
adult briefs and pads,Incontinence Supplies,partial_turn2_aug
adult briefs bed and pads,Incontinence Supplies,partial_turn2_aug
adult actually briefs and bed pads,Incontinence Supplies,partial_turn2_aug
insulin pen,Insulin Pen Injector,vague_turn1
insulin pen um,Insulin Pen Injector,vague_turn1_aug
bought a steam vaporizer for my child's room to help with croup and congestion,Vaporizer (table top),parent_or_dependent
bought a steam vaporizer for my child's room to help with and congestion,Vaporizer (table top),parent_or_dependent_aug
bought a child's vaporizer for my steam room to help with croup and congestion,Vaporizer (table top),parent_or_dependent_aug
bought a steam vaporizer for my child's room to help with croup and like congestion,Vaporizer (table top),parent_or_dependent_aug
"nail care and calluses, not surgery",Chiropody (Foot Care) Treatment,partial_turn2
"nail care and calluses, surgery",Chiropody (Foot Care) Treatment,partial_turn2_aug
"care nail and calluses, not surgery",Chiropody (Foot Care) Treatment,partial_turn2_aug
"nail so care and calluses, not surgery",Chiropody (Foot Care) Treatment,partial_turn2_aug
I found a great therapist through my school's referral list and she's a registered clinical counsellor specializing in student anxiety,Clinical Counsellor,storyteller
I found a great therapist through my school's referral list and she's a registered clinical specializing in student anxiety,Clinical Counsellor,storyteller_aug
I found a great therapist through my school's referral list specializing she's a registered clinical counsellor and in student anxiety,Clinical Counsellor,storyteller_aug
I found like a great therapist through my school's referral list and she's a registered clinical counsellor specializing in student anxiety,Clinical Counsellor,storyteller_aug
the pump I wear all day,Insulin infusion pump,vague_turn1
the pump I all day,Insulin infusion pump,vague_turn1_aug
day pump I wear all the,Insulin infusion pump,vague_turn1_aug
the pump I just wear all day,Insulin infusion pump,vague_turn1_aug
My CPAP therapist told me to replace the tubing and filters every three months so I bought a supply kit,"CPAP, APAP, BIPAP Supplies",storyteller
My CPAP therapist told me to replace the and filters every three months so I bought a supply kit,"CPAP, APAP, BIPAP Supplies",storyteller_aug
My CPAP therapist told me months replace the tubing and filters every three to so I bought a supply kit,"CPAP, APAP, BIPAP Supplies",storyteller_aug
My CPAP therapist told me to replace the tubing and filters every three months so I bought um a supply kit,"CPAP, APAP, BIPAP Supplies",storyteller_aug
"got a microwave heat pack for my back pain, I use it every night after work",Heat Therapy - Re-usable items (purchase),storyteller
"got a microwave heat for my back pain, I use it every night after work",Heat Therapy - Re-usable items (purchase),storyteller_aug
"got a my heat pack for microwave back pain, I use it every night after work",Heat Therapy - Re-usable items (purchase),storyteller_aug
"got a microwave heat pack for my back pain, I use it so every night after work",Heat Therapy - Re-usable items (purchase),storyteller_aug
TB test for work or school,TB Test/Mantoux,partial_turn2
TB test for work school,TB Test/Mantoux,partial_turn2_aug
work test for TB or school,TB Test/Mantoux,partial_turn2_aug
TB test for work or school actually,TB Test/Mantoux,partial_turn2_aug
urinal bottle,Urinal (purchase),vague_turn1
urinal actually bottle,Urinal (purchase),vague_turn1_aug
had a DonJoy Defiance custom left knee brace made at Promedics,"Brace, left knee (Custom)",brand_specific
had a DonJoy Defiance custom left knee brace made Promedics,"Brace, left knee (Custom)",brand_specific_aug
had a DonJoy Defiance brace left knee custom made at Promedics,"Brace, left knee (Custom)",brand_specific_aug
had a DonJoy Defiance custom left knee brace just made at Promedics,"Brace, left knee (Custom)",brand_specific_aug
"supplies means tubing, filters, water chambers right? NOT the mask or machine? just making sure","CPAP, APAP, BIPAP Supplies",complaint
"supplies means tubing, filters, water chambers right? the mask or machine? just making sure","CPAP, APAP, BIPAP Supplies",complaint_aug
"filters, means tubing, supplies water chambers right? NOT the mask or machine? just making sure","CPAP, APAP, BIPAP Supplies",complaint_aug
"I think supplies means tubing, filters, water chambers right? NOT the mask or machine? just making sure","CPAP, APAP, BIPAP Supplies",complaint_aug
monthly pump consumables,Insulin infusion pump supplies,partial_turn2
monthly pump so consumables,Insulin infusion pump supplies,partial_turn2_aug
custom molded not foam kind,Ear Plugs (custom made),partial_turn2
custom molded not kind,Ear Plugs (custom made),partial_turn2_aug
not molded custom foam kind,Ear Plugs (custom made),partial_turn2_aug
custom molded not I think foam kind,Ear Plugs (custom made),partial_turn2_aug
medical marijuana,Medical Cannabis,vague_turn1
medical just marijuana,Medical Cannabis,vague_turn1_aug
heat pack,Heat Therapy - Re-usable items (purchase),vague_turn1
heat pack I think,Heat Therapy - Re-usable items (purchase),vague_turn1_aug
they measured my legs and made them,"Compression Stockings, custom, any length",partial_turn2
measured my legs and made them,"Compression Stockings, custom, any length",partial_turn2_aug
my measured they legs and made them,"Compression Stockings, custom, any length",partial_turn2_aug
they measured my legs and made them basically,"Compression Stockings, custom, any length",partial_turn2_aug
colon cancer screening scope,Colonoscopy,partial_turn2
colon cancer scope screening,Colonoscopy,partial_turn2_aug
colon cancer screening like scope,Colonoscopy,partial_turn2_aug
"I got a lightweight wheelchair that someone else pushes me in, it folds up for the car",Transport Wheelchair,confused_student
"I got a lightweight wheelchair that someone else pushes me in, it folds for the car",Transport Wheelchair,confused_student_aug
"I got a lightweight wheelchair that someone else the me in, it folds up for pushes car",Transport Wheelchair,confused_student_aug
"I got a so lightweight wheelchair that someone else pushes me in, it folds up for the car",Transport Wheelchair,confused_student_aug
"I use this pen thing to give myself insulin, you click the dose and push it in",Insulin Pen Injector,confused_student
"I use this pen thing to give myself insulin, you click the dose and push it",Insulin Pen Injector,confused_student_aug
"insulin, use this pen thing to give myself I you click the dose and push it in",Insulin Pen Injector,confused_student_aug
"I use this pen thing like to give myself insulin, you click the dose and push it in",Insulin Pen Injector,confused_student_aug
walk in clinic emergency,Other emergency services,partial_turn2
emergency in clinic walk,Other emergency services,partial_turn2_aug
walk in um clinic emergency,Other emergency services,partial_turn2_aug
table top steam vaporizer,Vaporizer (table top),partial_turn2
table vaporizer steam top,Vaporizer (table top),partial_turn2_aug
table basically top steam vaporizer,Vaporizer (table top),partial_turn2_aug
the cancer antigen test,CA-125 (Cancer Antigen) Test,partial_turn2
the antigen cancer test,CA-125 (Cancer Antigen) Test,partial_turn2_aug
the cancer antigen just test,CA-125 (Cancer Antigen) Test,partial_turn2_aug
"I need safety glass for work in laboratory, it have my prescription and protect eyes",Safety Glasses,esl_speaker
"I need safety glass for work in laboratory, it have my prescription and protect",Safety Glasses,esl_speaker_aug
"work need safety glass for I in laboratory, it have my prescription and protect eyes",Safety Glasses,esl_speaker_aug
"I need safety glass for work in laboratory, it so have my prescription and protect eyes",Safety Glasses,esl_speaker_aug
"brace | for my left knee | custom made, orthotist measured me","Brace, left knee (Custom)",progressive
brace | for my left knee | custom orthotist measured me,"Brace, left knee (Custom)",progressive_aug
"brace measured for my left knee | custom made, orthotist | me","Brace, left knee (Custom)",progressive_aug
"brace | for my left knee | custom I think made, orthotist measured me","Brace, left knee (Custom)",progressive_aug
What category for a versa frame or toilet safety frame?,Versa Frame (purchase),question
What category a versa frame or toilet safety frame?,Versa Frame (purchase),question_aug
What for category a versa frame or toilet safety frame?,Versa Frame (purchase),question_aug
What category for a versa frame or toilet so safety frame?,Versa Frame (purchase),question_aug
"Where do I claim a manual insulin injection gun, not the automatic kind?",Insulin Gun (manual),question
"Where do I claim a insulin injection gun, not the automatic kind?",Insulin Gun (manual),question_aug
"Where do I claim the manual insulin injection gun, not a automatic kind?",Insulin Gun (manual),question_aug
"Where do I claim just a manual insulin injection gun, not the automatic kind?",Insulin Gun (manual),question_aug
dental records | impressions and photos | before braces start,Other Orthodontic/Dental Services (i.e. orthodontic records),progressive
dental records | impressions and | before braces start,Other Orthodontic/Dental Services (i.e. orthodontic records),progressive_aug
dental braces | impressions and photos | before records start,Other Orthodontic/Dental Services (i.e. orthodontic records),progressive_aug
dental records | impressions and photos | before braces so start,Other Orthodontic/Dental Services (i.e. orthodontic records),progressive_aug
What's the right category for a health practitioner who doesn't fit the specific provider types?,Other health specialists,question
What's the right category for a health practitioner who doesn't fit the specific types?,Other health specialists,question_aug
right the What's category for a health practitioner who doesn't fit the specific provider types?,Other health specialists,question_aug
What's the right category like for a health practitioner who doesn't fit the specific provider types?,Other health specialists,question_aug
my wife had custom compression stockings fabricated after her surgery and I need to submit the receipt,"Compression Stockings, custom, any length",parent_or_dependent
my wife had custom compression stockings fabricated after her and I need to submit the receipt,"Compression Stockings, custom, any length",parent_or_dependent_aug
my wife had custom compression stockings fabricated after her surgery and the need to submit I receipt,"Compression Stockings, custom, any length",parent_or_dependent_aug
my wife had custom compression stockings fabricated after her surgery and I need so to submit the receipt,"Compression Stockings, custom, any length",parent_or_dependent_aug
very long tight socks,"Compression Stockings, thigh/full (30 mmhg & over)",vague_turn1
long very tight socks,"Compression Stockings, thigh/full (30 mmhg & over)",vague_turn1_aug
very I think long tight socks,"Compression Stockings, thigh/full (30 mmhg & over)",vague_turn1_aug
"there are four glucose monitoring categories and I just need the reader screen, not the sensor or transmitter",Glucose Monitoring System Receiver,complaint
"there are four glucose monitoring categories and I just need the reader screen, not the sensor transmitter",Glucose Monitoring System Receiver,complaint_aug
"there are four glucose monitoring categories I and just need the reader screen, not the sensor or transmitter",Glucose Monitoring System Receiver,complaint_aug
"there are four glucose monitoring categories and I just need the reader screen, not the sensor or like transmitter",Glucose Monitoring System Receiver,complaint_aug
prostate blood work,PSA Test (Prostate Specific Antigen),vague_turn1
um prostate blood work,PSA Test (Prostate Specific Antigen),vague_turn1_aug
I tore my left ACL playing basketball and the orthotist built a custom brace fitted to my left knee measurements,"Brace, left knee (Custom)",storyteller
I tore my left ACL playing basketball and the orthotist built a custom brace to my left knee measurements,"Brace, left knee (Custom)",storyteller_aug
I tore left my ACL playing basketball and the orthotist built a custom brace fitted to my left knee measurements,"Brace, left knee (Custom)",storyteller_aug
I tore my left basically ACL playing basketball and the orthotist built a custom brace fitted to my left knee measurements,"Brace, left knee (Custom)",storyteller_aug
specialist | not the regular types | rheumatologist visit,Other health specialists,progressive
specialist | not the regular types | visit,Other health specialists,progressive_aug
specialist | not the types regular | rheumatologist visit,Other health specialists,progressive_aug
specialist | not the regular I think types | rheumatologist visit,Other health specialists,progressive_aug
scratch test,Scratch Test for Allergies,vague_turn1
scratch like test,Scratch Test for Allergies,vague_turn1_aug
purchased a Chattanooga ColPaC reusable cold therapy gel pack from physio supplies,Cold Therapy - Re-usable Items (purchase),brand_specific
purchased a Chattanooga ColPaC reusable cold therapy gel from physio supplies,Cold Therapy - Re-usable Items (purchase),brand_specific_aug
purchased a cold ColPaC reusable Chattanooga therapy gel pack from physio supplies,Cold Therapy - Re-usable Items (purchase),brand_specific_aug
purchased a Chattanooga ColPaC reusable cold therapy gel pack from physio so supplies,Cold Therapy - Re-usable Items (purchase),brand_specific_aug
pump consumables,Insulin infusion pump supplies,vague_turn1
just pump consumables,Insulin infusion pump supplies,vague_turn1_aug
colonoscopy screening procedure,Colonoscopy,terse
I think colonoscopy screening procedure,Colonoscopy,terse_aug
pole for my home infusion,IV Stand (purchase),partial_turn2
pole my home infusion,IV Stand (purchase),partial_turn2_aug
pole infusion my home for,IV Stand (purchase),partial_turn2_aug
pole for I think my home infusion,IV Stand (purchase),partial_turn2_aug
osteopathic practitioner,Osteopath,partial_turn2
I think osteopathic practitioner,Osteopath,partial_turn2_aug
support brace I bought,Brace (Non-custom),vague_turn1
brace support I bought,Brace (Non-custom),vague_turn1_aug
basically support brace I bought,Brace (Non-custom),vague_turn1_aug
authorized medical cannabis,Medical Cannabis,partial_turn2
actually authorized medical cannabis,Medical Cannabis,partial_turn2_aug
eye training,Other vision services (i.e. safety glasses),vague_turn1
eye actually training,Other vision services (i.e. safety glasses),vague_turn1_aug
I tried 'Eye Exam' but this is actually vision therapy sessions for convergence issues,Other vision services (i.e. safety glasses),wrong_guess
I tried 'Eye Exam' but this actually vision therapy sessions for convergence issues,Other vision services (i.e. safety glasses),wrong_guess_aug
Exam' tried 'Eye I but this is actually vision therapy sessions for convergence issues,Other vision services (i.e. safety glasses),wrong_guess_aug
I basically tried 'Eye Exam' but this is actually vision therapy sessions for convergence issues,Other vision services (i.e. safety glasses),wrong_guess_aug
claiming physio sessions for my husband's post-surgical knee rehabilitation,Physiotherapy,parent_or_dependent
claiming physio sessions for my husband's post-surgical knee,Physiotherapy,parent_or_dependent_aug
knee physio sessions for my husband's post-surgical claiming rehabilitation,Physiotherapy,parent_or_dependent_aug
claiming so physio sessions for my husband's post-surgical knee rehabilitation,Physiotherapy,parent_or_dependent_aug
sports rehab | athletic therapist | not a physio,Athletic Therapy,progressive
rehab | athletic therapist | not a physio,Athletic Therapy,progressive_aug
sports therapist | athletic rehab | not a physio,Athletic Therapy,progressive_aug
actually sports rehab | athletic therapist | not a physio,Athletic Therapy,progressive_aug
What category for specialized eye testing that goes beyond a routine exam?,Diagnostic Vision Test,question
What for specialized eye testing that goes beyond a routine exam?,Diagnostic Vision Test,question_aug
What a for specialized eye testing that goes beyond category routine exam?,Diagnostic Vision Test,question_aug
What category for like specialized eye testing that goes beyond a routine exam?,Diagnostic Vision Test,question_aug
goes all the way up to my thigh,"Compression Stockings, thigh/full (15-19 mmhg)",partial_turn2
goes all the up to my thigh,"Compression Stockings, thigh/full (15-19 mmhg)",partial_turn2_aug
goes all to way up the my thigh,"Compression Stockings, thigh/full (15-19 mmhg)",partial_turn2_aug
goes all the way up basically to my thigh,"Compression Stockings, thigh/full (15-19 mmhg)",partial_turn2_aug
"clinical counsellor, RCC designation",Clinical Counsellor,partial_turn2
"designation counsellor, RCC clinical",Clinical Counsellor,partial_turn2_aug
"clinical counsellor, like RCC designation",Clinical Counsellor,partial_turn2_aug
forearm crutches | cuff around my arm | for long term use,Forearm Crutch (purchase),progressive
forearm crutches | cuff around arm | for long term use,Forearm Crutch (purchase),progressive_aug
forearm crutches my cuff around | arm | for long term use,Forearm Crutch (purchase),progressive_aug
forearm crutches | cuff around my arm | actually for long term use,Forearm Crutch (purchase),progressive_aug
medical shoes,Orthopaedic or custom made shoes,vague_turn1
medical shoes like,Orthopaedic or custom made shoes,vague_turn1_aug
compression thing that doesn't cover my feet,"Compression Calf Sleeves/Tights (footless), any length",vague_turn1
compression that doesn't cover my feet,"Compression Calf Sleeves/Tights (footless), any length",vague_turn1_aug
compression thing that doesn't feet my cover,"Compression Calf Sleeves/Tights (footless), any length",vague_turn1_aug
compression basically thing that doesn't cover my feet,"Compression Calf Sleeves/Tights (footless), any length",vague_turn1_aug
"I go for talk therapy, my therapist is clinical counsellor, she have CCC after name",Clinical Counsellor,esl_speaker
"I go for talk therapy, my therapist is clinical counsellor, she have CCC name",Clinical Counsellor,esl_speaker_aug
"I go for talk therapy, my therapist is clinical CCC she have counsellor, after name",Clinical Counsellor,esl_speaker_aug
"like I go for talk therapy, my therapist is clinical counsellor, she have CCC after name",Clinical Counsellor,esl_speaker_aug
registered massage therapist,Massage,partial_turn2
registered just massage therapist,Massage,partial_turn2_aug
bought Jobst UltraSheer 8-15 mmHg stockings from Well.ca,"Compression Stockings, any length (up to 14 mmhg)",brand_specific
bought Jobst UltraSheer mmHg stockings from Well.ca,"Compression Stockings, any length (up to 14 mmhg)",brand_specific_aug
bought mmHg UltraSheer 8-15 Jobst stockings from Well.ca,"Compression Stockings, any length (up to 14 mmhg)",brand_specific_aug
bought Jobst UltraSheer 8-15 mmHg stockings from Well.ca basically,"Compression Stockings, any length (up to 14 mmhg)",brand_specific_aug
hospital stay,Hospital (within your province),vague_turn1
hospital stay basically,Hospital (within your province),vague_turn1_aug
my son sees an athletic therapist for his recurring hamstring injury from track,Athletic Therapy,parent_or_dependent
my son sees athletic therapist for his recurring hamstring injury from track,Athletic Therapy,parent_or_dependent_aug
my son sees an athletic therapist for his from hamstring injury recurring track,Athletic Therapy,parent_or_dependent_aug
my son sees an athletic therapist for so his recurring hamstring injury from track,Athletic Therapy,parent_or_dependent_aug
insulin pump supplies | consumables | not the main pump,Insulin infusion pump supplies,progressive
insulin pump supplies | consumables | not the main,Insulin infusion pump supplies,progressive_aug
insulin pump the | consumables | not supplies main pump,Insulin infusion pump supplies,progressive_aug
insulin pump supplies | consumables | not the main pump basically,Insulin infusion pump supplies,progressive_aug
my insulin injection device,Insulin Gun (manual),vague_turn1
my device injection insulin,Insulin Gun (manual),vague_turn1_aug
my insulin injection um device,Insulin Gun (manual),vague_turn1_aug
incontinence pads underwear,Incontinence Supplies,terse
incontinence like pads underwear,Incontinence Supplies,terse_aug
colonoscopy,Colonoscopy,vague_turn1
um colonoscopy,Colonoscopy,vague_turn1_aug
"my wife sees a reflexologist for stress management, what category does that fall under?",Other health specialists,parent_or_dependent
"my sees a reflexologist for stress management, what category does that fall under?",Other health specialists,parent_or_dependent_aug
"my wife sees a reflexologist fall stress management, what category does that for under?",Other health specialists,parent_or_dependent_aug
"my um wife sees a reflexologist for stress management, what category does that fall under?",Other health specialists,parent_or_dependent_aug
the rollator kind with brakes,Walker - with wheels (purchase),partial_turn2
rollator kind with brakes,Walker - with wheels (purchase),partial_turn2_aug
the brakes kind with rollator,Walker - with wheels (purchase),partial_turn2_aug
the rollator kind actually with brakes,Walker - with wheels (purchase),partial_turn2_aug
I had a full metabolic panel and thyroid function test done at LifeLabs,Other laboratory and diagnostic tests,storyteller
I had a full metabolic and thyroid function test done at LifeLabs,Other laboratory and diagnostic tests,storyteller_aug
I had a full at panel and thyroid function test done metabolic LifeLabs,Other laboratory and diagnostic tests,storyteller_aug
I had a full metabolic panel and thyroid just function test done at LifeLabs,Other laboratory and diagnostic tests,storyteller_aug
foot clinic,Chiropody (Foot Care) Treatment,vague_turn1
basically foot clinic,Chiropody (Foot Care) Treatment,vague_turn1_aug
insoles | bought at shoppers | standard kind,Standard foot orthotics or shoe inserts,progressive
insoles | bought at shoppers standard kind,Standard foot orthotics or shoe inserts,progressive_aug
kind | bought at shoppers | standard insoles,Standard foot orthotics or shoe inserts,progressive_aug
insoles | bought at shoppers | so standard kind,Standard foot orthotics or shoe inserts,progressive_aug
Claiming therapy sessions with a Registered Social Worker holding a Bachelor of Social Work from an accredited program,Social Worker (Bachelors),detailed_clinical
Claiming therapy sessions with a Registered Social Worker holding a Bachelor of Social Work an accredited program,Social Worker (Bachelors),detailed_clinical_aug
Claiming therapy sessions with a Registered Social Worker holding from Bachelor of Social Work a an accredited program,Social Worker (Bachelors),detailed_clinical_aug
Claiming therapy sessions with a Registered Social like Worker holding a Bachelor of Social Work from an accredited program,Social Worker (Bachelors),detailed_clinical_aug
What category for a medical device or item that doesn't fit any specific category?,Other medical items,question
What category for a medical device item that doesn't fit any specific category?,Other medical items,question_aug
What category for a or device medical item that doesn't fit any specific category?,Other medical items,question_aug
What category for actually a medical device or item that doesn't fit any specific category?,Other medical items,question_aug
orthodontics | braces | startup fee and ongoing monthly visits,Orthodontic Services (Braces - initial and monthly fee),progressive
orthodontics braces | startup fee and ongoing monthly visits,Orthodontic Services (Braces - initial and monthly fee),progressive_aug
orthodontics | braces | startup ongoing and fee monthly visits,Orthodontic Services (Braces - initial and monthly fee),progressive_aug
orthodontics | basically braces | startup fee and ongoing monthly visits,Orthodontic Services (Braces - initial and monthly fee),progressive_aug
chiro,Chiropractic,vague_turn1
chiro just,Chiropractic,vague_turn1_aug
"I filed under 'Diagnostic Vision Test' but it was just a regular eye exam, nothing special",Eye Exam,wrong_guess
"I filed under Vision Test' but it was just a regular eye exam, nothing special",Eye Exam,wrong_guess_aug
"I filed under 'Diagnostic Vision Test' but eye was just a regular it exam, nothing special",Eye Exam,wrong_guess_aug
"I filed under 'Diagnostic Vision Test' but it was just a regular eye exam, nothing special just",Eye Exam,wrong_guess_aug
pads keep losing stickiness,"Stimulator, supplies",partial_turn2
stickiness keep losing pads,"Stimulator, supplies",partial_turn2_aug
pads um keep losing stickiness,"Stimulator, supplies",partial_turn2_aug
"I see psychologist for my anxiety, she have PhD and do special test and therapy",Psychologist,esl_speaker
"I see psychologist for my anxiety, have PhD and do special test and therapy",Psychologist,esl_speaker_aug
"I see psychologist for my anxiety, she have PhD special do and test and therapy",Psychologist,esl_speaker_aug
"I see psychologist just for my anxiety, she have PhD and do special test and therapy",Psychologist,esl_speaker_aug
the reader thing,Glucose Monitoring System Receiver,vague_turn1
the basically reader thing,Glucose Monitoring System Receiver,vague_turn1_aug
I submitted under 'Forearm Crutch' but these are regular underarm crutches,"Crutches, pair",wrong_guess
I submitted under 'Forearm Crutch' these are regular underarm crutches,"Crutches, pair",wrong_guess_aug
I submitted under but Crutch' 'Forearm these are regular underarm crutches,"Crutches, pair",wrong_guess_aug
I submitted under like 'Forearm Crutch' but these are regular underarm crutches,"Crutches, pair",wrong_guess_aug
colostomy bag,Ostomy,vague_turn1
colostomy basically bag,Ostomy,vague_turn1_aug
sports injury rehab,Athletic Therapy,vague_turn1
sports actually injury rehab,Athletic Therapy,vague_turn1_aug
bought a Spectra S1 Plus breast pump from BuyBuy Baby,Breast Pump (purchase),brand_specific
bought a Spectra S1 Plus breast from BuyBuy Baby,Breast Pump (purchase),brand_specific_aug
bought a Spectra S1 from breast pump Plus BuyBuy Baby,Breast Pump (purchase),brand_specific_aug
bought a Spectra S1 Plus breast pump from BuyBuy like Baby,Breast Pump (purchase),brand_specific_aug
Filing a claim for a custom-fabricated articulated ankle-foot orthosis molded from patient impression for foot drop correction,"Brace, AFO/KAFO (Custom)",detailed_clinical
Filing a claim for a custom-fabricated articulated ankle-foot molded from patient impression for foot drop correction,"Brace, AFO/KAFO (Custom)",detailed_clinical_aug
Filing a claim for a custom-fabricated articulated ankle-foot orthosis molded from impression patient for foot drop correction,"Brace, AFO/KAFO (Custom)",detailed_clinical_aug
Filing a claim for a custom-fabricated articulated ankle-foot orthosis molded from patient impression for foot just drop correction,"Brace, AFO/KAFO (Custom)",detailed_clinical_aug
approval needed before treatment,Estimate/Pre-Authorization,partial_turn2
approval treatment before needed,Estimate/Pre-Authorization,partial_turn2_aug
approval needed before treatment so,Estimate/Pre-Authorization,partial_turn2_aug
Filing for an auto-titrating positive airway pressure device prescribed for moderate obstructive sleep apnea with AHI of 22,"CPAP, APAP, BIPAP Machine",detailed_clinical
Filing for an auto-titrating airway pressure device prescribed for moderate obstructive sleep apnea with AHI of 22,"CPAP, APAP, BIPAP Machine",detailed_clinical_aug
Filing for an with positive airway pressure device prescribed for moderate obstructive sleep apnea auto-titrating AHI of 22,"CPAP, APAP, BIPAP Machine",detailed_clinical_aug
Filing for an so auto-titrating positive airway pressure device prescribed for moderate obstructive sleep apnea with AHI of 22,"CPAP, APAP, BIPAP Machine",detailed_clinical_aug
Submitting for disposable hypoallergenic air filters and heated tubing for CPAP system maintenance,"CPAP, APAP, BIPAP Supplies",detailed_clinical
Submitting for disposable hypoallergenic air filters and tubing for CPAP system maintenance,"CPAP, APAP, BIPAP Supplies",detailed_clinical_aug
Submitting for disposable heated air filters and hypoallergenic tubing for CPAP system maintenance,"CPAP, APAP, BIPAP Supplies",detailed_clinical_aug
Submitting for disposable hypoallergenic air filters and heated tubing for I think CPAP system maintenance,"CPAP, APAP, BIPAP Supplies",detailed_clinical_aug
"cpap thing | the mask part, not the machine","CPAP, APAP, BIPAP Mask",progressive
"thing | the mask part, not the machine","CPAP, APAP, BIPAP Mask",progressive_aug
"thing cpap | the mask part, not the machine","CPAP, APAP, BIPAP Mask",progressive_aug
"cpap um thing | the mask part, not the machine","CPAP, APAP, BIPAP Mask",progressive_aug
insoles | not store bought | fitted from a mold,Custom made foot orthotics,progressive
| not store bought | fitted from a mold,Custom made foot orthotics,progressive_aug
insoles | fitted store bought | not from a mold,Custom made foot orthotics,progressive_aug
insoles | not store bought | fitted from a just mold,Custom made foot orthotics,progressive_aug
therapeutic pillow for my neck,Cervical Pillow,partial_turn2
therapeutic pillow my neck,Cervical Pillow,partial_turn2_aug
therapeutic for pillow my neck,Cervical Pillow,partial_turn2_aug
therapeutic pillow for my like neck,Cervical Pillow,partial_turn2_aug
protective glasses with my prescription,Safety Glasses,partial_turn2
glasses with my prescription,Safety Glasses,partial_turn2_aug
my glasses with protective prescription,Safety Glasses,partial_turn2_aug
protective glasses with I think my prescription,Safety Glasses,partial_turn2_aug
I've been dealing with TMJ pain so I started seeing an osteopath who does cranial work,Osteopath,storyteller
I've been dealing with TMJ pain so I started an osteopath who does cranial work,Osteopath,storyteller_aug
I've been dealing with TMJ pain so work started seeing an osteopath who does cranial I,Osteopath,storyteller_aug
I've been dealing with TMJ pain so I started seeing an osteopath who does cranial work so,Osteopath,storyteller_aug
pre-auth before my procedure,Estimate/Pre-Authorization,partial_turn2
pre-auth before procedure my,Estimate/Pre-Authorization,partial_turn2_aug
pre-auth before my procedure basically,Estimate/Pre-Authorization,partial_turn2_aug
lab test,Other laboratory and diagnostic tests,vague_turn1
um lab test,Other laboratory and diagnostic tests,vague_turn1_aug
attached to my body all the time,Insulin infusion pump,partial_turn2
to my body all the time,Insulin infusion pump,partial_turn2_aug
attached to my time all the body,Insulin infusion pump,partial_turn2_aug
attached to my body all actually the time,Insulin infusion pump,partial_turn2_aug
has wheels and a seat to rest on,Walker - with wheels (purchase),partial_turn2
has wheels and a seat to on,Walker - with wheels (purchase),partial_turn2_aug
has wheels and on seat to rest a,Walker - with wheels (purchase),partial_turn2_aug
basically has wheels and a seat to rest on,Walker - with wheels (purchase),partial_turn2_aug
TCM treatment | acupuncture | registered acupuncturist,Acupuncture,progressive
TCM | acupuncture | registered acupuncturist,Acupuncture,progressive_aug
TCM treatment | acupuncture registered | acupuncturist,Acupuncture,progressive_aug
TCM treatment | acupuncture just | registered acupuncturist,Acupuncture,progressive_aug
"I just need to claim the MASK, not the machine or supplies, there should be a clearer label for this","CPAP, APAP, BIPAP Mask",complaint
"I just need to claim MASK, not the machine or supplies, there should be a clearer label for this","CPAP, APAP, BIPAP Mask",complaint_aug
"I just need to claim the MASK, not the machine or supplies, there a be should clearer label for this","CPAP, APAP, BIPAP Mask",complaint_aug
"I just need to so claim the MASK, not the machine or supplies, there should be a clearer label for this","CPAP, APAP, BIPAP Mask",complaint_aug
sterilizing wipes for my needles,Alcohol swabs,partial_turn2
sterilizing wipes for needles,Alcohol swabs,partial_turn2_aug
my wipes for sterilizing needles,Alcohol swabs,partial_turn2_aug
sterilizing wipes for my just needles,Alcohol swabs,partial_turn2_aug
filled my Synthroid prescription at the Shoppers Drug Mart pharmacy,Drug,brand_specific
filled my Synthroid prescription at the Shoppers Mart pharmacy,Drug,brand_specific_aug
filled my Synthroid prescription at the Shoppers Drug pharmacy Mart,Drug,brand_specific_aug
filled my Synthroid prescription at the Shoppers Drug Mart um pharmacy,Drug,brand_specific_aug
online CBT program,Digital Cognitive Behavioural Therapy,vague_turn1
online CBT program like,Digital Cognitive Behavioural Therapy,vague_turn1_aug
genetic test,Screening (for DNA/Genetic purposes),vague_turn1
like genetic test,Screening (for DNA/Genetic purposes),vague_turn1_aug
crutches,"Crutches, pair",vague_turn1
um crutches,"Crutches, pair",vague_turn1_aug
I just went for a regular eye checkup to see if I need new glasses,Eye Exam,confused_student
I just went for regular eye checkup to see if I need new glasses,Eye Exam,confused_student_aug
I just went for a regular eye see to checkup if I need new glasses,Eye Exam,confused_student_aug
I just went for a regular eye checkup to see if I like need new glasses,Eye Exam,confused_student_aug
raised toilet seat | for my mom | easier to get up,Raised Toilet seat (purchase),progressive
raised toilet seat | for my mom | easier to up,Raised Toilet seat (purchase),progressive_aug
raised toilet seat | my for mom | easier to get up,Raised Toilet seat (purchase),progressive_aug
raised toilet seat | for basically my mom | easier to get up,Raised Toilet seat (purchase),progressive_aug
over the counter brace,Brace (Non-custom),partial_turn2
counter the over brace,Brace (Non-custom),partial_turn2_aug
I think over the counter brace,Brace (Non-custom),partial_turn2_aug
medical cannabis | prescription from doctor | for my chronic pain,Medical Cannabis,progressive
medical cannabis | prescription from | for my chronic pain,Medical Cannabis,progressive_aug
medical cannabis | prescription from chronic | for my doctor pain,Medical Cannabis,progressive_aug
actually medical cannabis | prescription from doctor | for my chronic pain,Medical Cannabis,progressive_aug
mild compression thing for my legs,"Compression Stockings, any length (up to 14 mmhg)",vague_turn1
mild compression thing for my,"Compression Stockings, any length (up to 14 mmhg)",vague_turn1_aug
mild compression for thing my legs,"Compression Stockings, any length (up to 14 mmhg)",vague_turn1_aug
um mild compression thing for my legs,"Compression Stockings, any length (up to 14 mmhg)",vague_turn1_aug
long term care facility fees,Nursing Home and Long Term Care,partial_turn2
long term facility fees,Nursing Home and Long Term Care,partial_turn2_aug
long term facility care fees,Nursing Home and Long Term Care,partial_turn2_aug
long term basically care facility fees,Nursing Home and Long Term Care,partial_turn2_aug
walking frame,Walker - non wheeled (purchase),vague_turn1
walking frame I think,Walker - non wheeled (purchase),vague_turn1_aug
neck pillow | contoured kind | physio prescribed it for my posture,Cervical Pillow,progressive
neck pillow | kind | physio prescribed it for my posture,Cervical Pillow,progressive_aug
neck pillow | my kind | physio prescribed it for contoured posture,Cervical Pillow,progressive_aug
neck pillow | contoured like kind | physio prescribed it for my posture,Cervical Pillow,progressive_aug
"my doctor gave me the maximum strength long ones that go all the way up, they're super tight","Compression Stockings, thigh/full (30 mmhg & over)",confused_student
"my doctor me the maximum strength long ones that go all the way up, they're super tight","Compression Stockings, thigh/full (30 mmhg & over)",confused_student_aug
"my doctor that me the maximum strength long ones gave go all the way up, they're super tight","Compression Stockings, thigh/full (30 mmhg & over)",confused_student_aug
"my doctor gave so me the maximum strength long ones that go all the way up, they're super tight","Compression Stockings, thigh/full (30 mmhg & over)",confused_student_aug
speech therapy,Speech Therapy,vague_turn1
basically speech therapy,Speech Therapy,vague_turn1_aug
Where do I claim a vitamin D blood test?,Vitamin D Test,question
Where do I claim a vitamin D blood,Vitamin D Test,question_aug
vitamin do I claim a Where D blood test?,Vitamin D Test,question_aug
Where do I claim a vitamin D just blood test?,Vitamin D Test,question_aug
the electrical thing for pain,"Stimulator, muscle/nerve (TENS)",vague_turn1
the electrical thing pain,"Stimulator, muscle/nerve (TENS)",vague_turn1_aug
the electrical thing pain for,"Stimulator, muscle/nerve (TENS)",vague_turn1_aug
the electrical basically thing for pain,"Stimulator, muscle/nerve (TENS)",vague_turn1_aug
I selected 'Compression Stockings knee length 20-29' but these were actually custom-fabricated,"Compression Stockings, custom, any length",wrong_guess
I selected 'Compression Stockings knee length 20-29' but these were actually,"Compression Stockings, custom, any length",wrong_guess_aug
I selected 'Compression Stockings knee length 20-29' were these but actually custom-fabricated,"Compression Stockings, custom, any length",wrong_guess_aug
so I selected 'Compression Stockings knee length 20-29' but these were actually custom-fabricated,"Compression Stockings, custom, any length",wrong_guess_aug
physical therapy,Physiotherapy,vague_turn1
physical like therapy,Physiotherapy,vague_turn1_aug
buying a blood pressure monitor for my husband to track his hypertension at home,Blood pressure monitor,parent_or_dependent
buying a blood pressure monitor for husband to track his hypertension at home,Blood pressure monitor,parent_or_dependent_aug
buying a blood pressure monitor track my husband to for his hypertension at home,Blood pressure monitor,parent_or_dependent_aug
buying actually a blood pressure monitor for my husband to track his hypertension at home,Blood pressure monitor,parent_or_dependent_aug
pump infusion set supplies,Insulin infusion pump supplies,terse
supplies infusion set pump,Insulin infusion pump supplies,terse_aug
pump so infusion set supplies,Insulin infusion pump supplies,terse_aug
for cleaning before my injection,Alcohol swabs,partial_turn2
for cleaning before injection,Alcohol swabs,partial_turn2_aug
for cleaning injection my before,Alcohol swabs,partial_turn2_aug
for like cleaning before my injection,Alcohol swabs,partial_turn2_aug
peak expiratory flow meter,Peak Flow Meter,partial_turn2
peak flow expiratory meter,Peak Flow Meter,partial_turn2_aug
peak expiratory flow I think meter,Peak Flow Meter,partial_turn2_aug
footless calf sleeves claim,"Compression Calf Sleeves/Tights (footless), any length",terse
footless calf claim sleeves,"Compression Calf Sleeves/Tights (footless), any length",terse_aug
actually footless calf sleeves claim,"Compression Calf Sleeves/Tights (footless), any length",terse_aug
"MRI done privately, paid out of pocket",MRI (Magnetic Resonance Imaging),partial_turn2
"MRI done privately, paid out of",MRI (Magnetic Resonance Imaging),partial_turn2_aug
"MRI out privately, paid done of pocket",MRI (Magnetic Resonance Imaging),partial_turn2_aug
"MRI done privately, paid so out of pocket",MRI (Magnetic Resonance Imaging),partial_turn2_aug
I've been going to a kinesiologist for exercise-based rehab after my car accident,Other health specialists,storyteller
been going to a kinesiologist for exercise-based rehab after my car accident,Other health specialists,storyteller_aug
I've been going to after kinesiologist for exercise-based rehab a my car accident,Other health specialists,storyteller_aug
I've been going to a kinesiologist actually for exercise-based rehab after my car accident,Other health specialists,storyteller_aug
commode chair | no wheels | beside the bed,Stationary Commode (purchase),progressive
commode chair | wheels | beside the bed,Stationary Commode (purchase),progressive_aug
commode bed | no wheels | beside the chair,Stationary Commode (purchase),progressive_aug
commode chair | no wheels | beside the bed so,Stationary Commode (purchase),progressive_aug
protective eyewear,Safety Glasses,vague_turn1
protective basically eyewear,Safety Glasses,vague_turn1_aug
registered therapist,Psychotherapist,vague_turn1
registered therapist actually,Psychotherapist,vague_turn1_aug
"I'm claiming the entire SHOES not just orthotics, these were custom built by an orthotist for my feet",Orthopaedic or custom made shoes,complaint
"I'm claiming the entire SHOES not just orthotics, these were custom built by an orthotist for feet",Orthopaedic or custom made shoes,complaint_aug
"I'm claiming the entire SHOES not just orthotics, these were custom built by for orthotist an my feet",Orthopaedic or custom made shoes,complaint_aug
"I'm claiming the entire SHOES not so just orthotics, these were custom built by an orthotist for my feet",Orthopaedic or custom made shoes,complaint_aug
shoe lift modification claim,Other foot care services (i.e. orthopedic shoe modification),terse
modification lift shoe claim,Other foot care services (i.e. orthopedic shoe modification),terse_aug
shoe lift like modification claim,Other foot care services (i.e. orthopedic shoe modification),terse_aug
